signal_strength,packet_loss,temperature,bandwidth_usage,cpu_usage,latency,active_users,power_voltage,status
88,7.2761494484862705,34.70362934480912,67.12335533872515,45.83011773179809,153.61341365100466,474,234.73540194053498,FAILURE
50,5.514735856155707,90.23305694922311,35.05236352943081,88.15980014560127,156.67859117453744,669,227.94682329943134,FAILURE
79,7.430338550584338,79.64257446059534,81.20131257245572,65.34317475889273,100.43538504960459,771,240.01615340881355,FAILURE
67,1.6737752785819116,72.27077737632001,54.09524910846152,50.225701404114695,26.599252577538273,663,203.21154555816034,WARNING
61,5.875063412927545,93.01384713123042,51.47643653035766,27.896297710355633,238.26003668804898,552,180.61473306878398,FAILURE
93,6.27980675624507,38.35681098049787,51.91666192053612,86.44553774527006,258.97721226302167,17,210.37604512430178,FAILURE
48,8.763844163676106,48.73907543790458,26.23187734169924,36.5941693985141,220.70450064675015,967,182.40406137927067,FAILURE
80,3.5738827150581898,58.98858025797579,65.96825056999218,46.38571737036505,259.345571871985,635,204.6649901222344,FAILURE
59,6.869475161873302,54.96476702451449,83.1973759936283,47.348531882983075,270.8404621244544,797,183.74386967875915,FAILURE
40,9.15058916939815,26.53840634052172,48.33308177946516,32.366150880304275,177.99235208402098,745,198.76175045797393,FAILURE
45,6.978164566161046,70.77765206952577,40.20327730437272,57.265332441639615,202.48082234738368,410,222.91026527377193,WARNING
84,8.955295396122114,35.1704166574699,21.524923934098336,71.01990285730876,16.853254581568443,209,208.72826133608723,FAILURE
71,2.8125772704736063,43.377265547064525,19.328281610678136,27.13383680768299,41.26478378315871,396,206.1683897034202,NORMAL
97,5.5695254517830675,70.72634557388002,96.63175534199213,99.63079164474668,293.6233077953767,953,182.98514353890624,FAILURE
68,0.644708794004013,54.89368112409296,41.433106479100104,82.63570284941932,67.15176092709748,595,242.2124942103818,NORMAL
48,9.461877514731029,38.85473179231985,54.8808095057403,64.37359557989832,116.82083776019479,277,238.42277594652364,FAILURE
67,2.942452514862166,76.81712862997638,83.4144811512772,46.54394930572895,248.62840784587914,761,226.9559900833269,WARNING
75,6.445823228626074,41.01371271732738,87.90951440005239,75.38721250649198,213.5955927584193,574,232.00864634797705,WARNING
92,7.7400417487178625,44.63826106326995,94.40075436972226,15.112280766442133,128.00781905415812,351,203.2161964191591,FAILURE
95,5.6782545879557,61.83562018917496,20.8988306175763,21.788801654568505,213.98064467314123,406,238.71285028669263,WARNING
62,0.05910437922134304,61.74812716999563,59.38713869588464,80.73678347274318,39.15074774416404,240,181.9334062317001,FAILURE
82,3.187417634773545,68.72643402544595,81.38626722900692,19.97725295758466,31.530832917934866,601,212.11018072584454,WARNING
40,9.179122323687535,49.99537458598482,82.14776276962891,28.212756734556873,115.46259626860368,817,224.62413388125128,FAILURE
62,2.939054410470203,69.3460893026419,73.25224595730432,60.2361287719986,223.65743719928795,689,182.31561085087375,FAILURE
42,0.4667575350149855,36.72477066484399,22.951727889138105,33.82530425456873,220.72388832946743,204,250.2197767814032,WARNING
47,9.034551292245727,68.25693503438028,42.30488993658755,61.212226067204725,185.51311468849534,40,221.12186495787174,FAILURE
86,0.11507578358498693,49.631535497228995,72.56747492963012,52.404477171436795,137.9771747050231,338,195.2997687142159,NORMAL
87,5.251378513072621,81.04277726503716,24.388450302303028,61.41757396271646,193.57907915017418,452,234.501164035369,FAILURE
61,7.759065889262974,35.96868178116051,26.611589071994523,65.08746498422605,134.5343860576066,348,215.14823195822808,FAILURE
55,7.896390456180619,64.98175865535381,93.1802571683289,29.26342718116401,65.8451690714085,880,236.7109612251301,FAILURE
72,4.237306752041404,51.6780833160428,95.45624625649043,67.5528773851679,249.51445939486595,614,193.63411356842093,WARNING
53,3.9821817805653312,52.91313512308499,57.118290667258876,30.571159185738544,105.91092451852451,843,224.55768043347416,NORMAL
41,3.006847600348599,61.421929263794866,93.22519313570653,83.33052404112715,221.22748572693416,137,227.68641224629252,WARNING
46,2.9953270232024263,82.02683476451978,49.159007811456874,53.23959349301383,255.43034718413986,374,193.93655109902474,FAILURE
62,7.899043971168749,87.92903223665336,71.04653862486671,28.31414197215095,298.4387869561333,456,223.0210628564269,FAILURE
66,7.986327569596147,75.01989518625152,70.38351748660043,31.59440566524087,16.558984814380857,514,182.58121417883052,FAILURE
54,5.187511827200648,56.48561354893337,37.889481546489854,10.073515565725291,139.6722977294415,982,224.83719616365113,WARNING
100,5.833619518078509,28.76457441228675,15.212727501711125,67.09544728873038,197.23226154437634,554,231.49106567019504,WARNING
51,6.869460307710903,57.83053215822392,56.93615006364777,40.305295118218275,157.54018410512924,342,242.57953661325956,WARNING
72,1.4480126437568175,35.542025497481305,25.514531108241503,23.304057092399155,171.20145874041484,676,250.17509914466194,NORMAL
94,7.352544283898741,37.472411443745614,84.85806805422807,20.32783906153391,185.88048601831915,314,222.37702643738916,FAILURE
64,2.7866430582873902,48.9623114127545,74.31050670525823,84.88048321705203,245.5781183111543,153,222.02228276241888,WARNING
67,1.2968306747225355,72.08869473537311,78.12709479805054,37.82504753136184,137.89792223258846,932,248.402682989223,WARNING
61,0.6952838415658602,72.93871506857306,23.821394948994865,66.13496226650446,12.120954092845334,273,197.218081849488,WARNING
70,0.9522643397080599,71.92056149459825,24.99763032751202,91.9051257160487,234.1686701173157,653,223.406914821332,WARNING
79,2.4986021332281947,67.9302100155989,57.30085894820673,12.298790281120642,241.78811635062243,183,251.01497706242355,WARNING
86,7.392125635007999,49.816520949942685,85.310050327741,40.463790403851974,21.530639372406785,436,194.53083405252252,FAILURE
53,1.8940352628347346,35.15837801589316,12.588330683230186,97.56286850953339,16.556764548036625,477,219.77681202196118,NORMAL
95,5.602744905479547,94.38647081703746,98.79948291343766,37.01968619850922,62.691660999783444,304,213.36751635263403,FAILURE
86,1.6090529688621058,41.6234745199855,73.9373732352735,18.211409152484908,61.59171317243354,719,229.27856066814857,NORMAL
40,2.1775636283472197,59.57779802567836,71.90699536954084,64.37870549455651,54.549086528800764,477,180.9623566018834,FAILURE
83,5.596517711161923,89.88004046440341,40.177855690847665,67.88175369172745,152.4916545406308,209,213.8160007278609,FAILURE
64,4.510187163847986,60.065753367104136,44.669275765420984,89.85518390208905,218.00445849800974,1000,181.34867359037304,FAILURE
76,6.997406064073967,26.957083072400074,50.151825941370255,14.858220530877102,238.28429425354943,350,230.50135107814896,WARNING
55,0.9070448292230204,23.60663096853255,70.83310242621098,37.25014365950777,183.7925258648002,774,240.91727673254982,WARNING
53,0.25671664782525583,79.23166926465996,54.31522537295574,67.43662250670661,196.67338064832683,485,184.9237004021326,FAILURE
99,8.271262773742938,83.23815601181568,60.25348278142281,88.68047130906118,48.65833861409028,316,240.73378201432624,FAILURE
49,4.744875720277641,42.081111820883166,86.43096231708407,12.428076537241942,33.24318938704082,927,253.97653562635435,WARNING
100,2.6888995799755513,68.13644323496985,15.604455550573016,36.56993151879635,103.32766850785598,83,230.0931459402257,WARNING
40,4.0010749040167095,44.66027851579939,96.61320156338108,16.242365245455655,74.90442869312318,983,209.5007850170285,WARNING
53,3.4442976258389004,38.291285511171026,26.11824483043861,51.85378181248513,102.51119077685625,807,259.91494407175776,NORMAL
58,5.297898319326091,67.00261819325912,41.51949872521335,45.68973182412883,252.03711886488588,39,207.40983179581164,FAILURE
86,6.474761764590627,87.620680708783,70.29065385504174,42.275687975493405,277.99742689834767,435,222.79436117311954,FAILURE
97,3.2577881063842504,38.58577130221106,87.62106821605158,61.437347174633565,290.5983953474247,275,214.36729005208045,FAILURE
85,6.074883908956384,72.61871169901892,73.89841680249162,34.646606294364226,239.47214498300252,745,220.20449481241985,WARNING
93,1.6907636675852755,76.97423600278947,33.67010148034169,78.75978448891048,276.20527533456715,892,189.9543627789621,FAILURE
83,7.507985813560706,44.27003314447073,40.017308770992656,56.72249658791615,154.9096386107901,263,222.98233219338127,FAILURE
79,7.702278893831562,81.07864948289527,85.20012643273475,88.8352690004479,281.6455232218033,112,220.29643803379284,FAILURE
97,4.467343480445855,87.80598575860435,77.66214517396448,23.44013375406515,281.1231489271243,294,254.50133443829878,FAILURE
60,1.389519052624385,54.957701246272876,30.473021377555018,39.20515052755334,15.176774644225825,539,232.39104540856525,NORMAL
69,0.9568976749228175,77.13001625182338,44.75880417474593,14.252143196842411,209.42462639421845,53,245.71944528435648,WARNING
64,3.618871688785946,58.49846349353957,43.606987033550325,92.01392064188117,180.96892646629433,909,188.54934283038347,FAILURE
70,8.269023357336744,29.43202757428845,11.194629824295426,13.040269175773892,282.5935150617194,854,255.50642504331336,FAILURE
94,0.20770152700183453,46.705305664580166,87.02612056207516,56.53959520024358,298.7283334313701,817,206.04223147690365,FAILURE
40,6.6119694509141835,69.58144375278711,24.875702097742312,77.34830505122748,22.31927080200795,196,211.07536603658312,WARNING
54,9.88796183787777,69.44683747956017,90.02750175814371,85.88962012660166,45.37257574471173,175,243.371428104913,FAILURE
61,2.9197073916060177,94.30190484196503,27.902295382899254,96.12778087056597,81.19548918501279,336,251.5999976219853,FAILURE
98,7.353645280903127,84.24105611404798,11.04744522197662,66.70976653922278,205.66772553213673,126,249.75515065589104,FAILURE
50,2.887972334599287,50.8500965671089,48.89004077770777,38.898476205248386,131.6556065064852,780,180.50759113829346,FAILURE
75,1.0200209138823335,46.212022345831045,18.34172194453657,56.893614261799065,222.91368471654172,667,257.45549248207976,WARNING
90,7.472954501015736,36.246335318592834,82.72605360792524,71.06604798106838,172.35659366157114,106,244.41459631347155,FAILURE
40,4.062522385770027,78.81595401661542,55.56417539843036,51.49163790923005,275.8227828599181,893,182.17395333117176,FAILURE
65,1.1124572824032253,44.719205531741025,26.621078702110434,58.32869292433319,271.93652208153185,509,213.3662899082802,FAILURE
54,6.971918652189634,54.94342421275582,87.25383188510425,71.34042936532467,177.77303424835915,255,257.7300448227896,WARNING
70,5.588326533473187,72.28404232152161,74.78995080861611,25.530541345228464,17.29919603555349,688,226.48176265509042,WARNING
93,5.551730098018284,32.67235432766816,74.23134104474282,19.085648472320678,33.779658410301906,866,221.88653671830872,WARNING
94,5.31052226669936,57.16061751574618,28.97195425999921,96.5777344219425,171.6238987486407,543,208.77334111105074,WARNING
65,5.226341957942301,50.32518115380569,53.266927657764704,61.77484757016816,74.42528581752633,668,259.59548968068157,WARNING
45,2.4996306103339796,30.790041856407267,17.25071533768621,55.69441944698622,76.44346904326444,827,218.0075316427447,NORMAL
93,5.752859490236077,50.135084868418055,15.996792615679542,12.231518946765007,35.51696669130283,505,209.6708377653185,WARNING
59,4.1650788223361355,28.866400168918897,61.8725912729984,22.4407356359719,203.85868603259854,147,206.79296624293428,WARNING
88,8.501906328613526,47.158568554015496,52.35105907039183,58.360577486312266,100.33782918830369,113,198.93665105686404,FAILURE
76,8.404436531250637,40.83606662103803,49.017958398909684,42.515118275279626,215.5774572496739,152,249.73648910232015,FAILURE
42,2.765518262209017,60.02480504599354,35.8322480287284,59.75920479843512,108.87046431366215,365,250.22024386944204,NORMAL
94,9.86051166153382,61.202935444195134,16.453965591086696,88.86957362146613,89.23074472342354,975,208.1878284537628,FAILURE
71,6.430421387324583,66.06936026099302,32.45463635248477,22.402529464887515,119.66014839010293,904,251.317923150834,WARNING
40,7.186171160307526,54.497449082543795,69.94803710233279,78.63703535150884,140.0196180821031,139,252.6708683935305,FAILURE
84,1.878470992973016,92.59885540564338,72.13800072006651,57.27375168913108,26.06543625286506,669,238.16387724082708,FAILURE
41,6.138239235706111,42.472914813282,24.535629207312,22.52639945635778,265.1888050786255,89,186.92467698337902,FAILURE
100,5.378070409956629,80.77815994058784,42.158201825840045,98.8433488951483,227.10088117041263,877,218.88127709969908,FAILURE
84,6.760505317284233,94.03769110085747,32.367146445849045,64.01882278384855,179.23084643344652,58,198.7730478358899,FAILURE
100,0.7871530556699069,38.94089036917465,12.569014230781306,84.2480715416021,256.71867816242315,956,210.88550092947867,FAILURE
56,7.185691650621628,78.36320980625453,61.46010806510489,95.27076324058658,257.78947077022735,625,253.62042906484032,FAILURE
61,7.5298621706659,41.2275468479997,48.01527009254055,36.24868466496488,17.211375581881157,989,202.95508078216193,FAILURE
81,4.899006719472489,55.11215484688616,50.49475148869026,33.54674069758957,276.0272237375045,200,181.9643117445724,FAILURE
61,1.4861560524663642,58.06345397579081,68.44354874991745,73.03093272441905,279.61907470129404,618,235.65585962095503,FAILURE
98,5.0500211258902095,62.94222929615521,85.65516274742976,31.66107274137641,105.79261176390901,981,187.7242159809503,FAILURE
54,3.6402691303779178,76.0532128185924,30.40965172236247,92.42557281985377,68.58818983578213,451,222.2722894995377,WARNING
76,3.719785006523333,37.65382960377593,42.45150466674122,38.10816045611476,91.1079826758972,769,241.86933417901986,NORMAL
100,4.33227882275002,75.60842399573781,40.59360677476299,44.66584157015919,234.0668992720718,283,216.88227524008195,WARNING
52,6.388629905373163,47.60569120075273,46.228521721942606,45.04539035678224,103.60552917614994,41,184.21462613028459,FAILURE
47,1.344466338751874,24.76716000970878,67.59742845311068,34.02424690730988,171.3740916667489,49,211.7577707891082,NORMAL
79,3.654899422677973,73.44693456589647,67.15668129625722,34.052139973776164,283.7782600657876,925,231.60229484017697,FAILURE
90,3.189922751959353,77.0792543597046,72.82313615965086,68.25607460370506,132.98289438891138,760,212.1806381928793,WARNING
40,5.663104905893038,60.436881147236384,78.21319957100351,26.57586398213258,156.55336994976062,365,244.81830611647774,WARNING
46,7.231392864292312,25.41267404859907,75.53380110356034,44.36224492408213,35.776368922168665,234,222.22040497091453,FAILURE
90,5.618182082062004,37.6816460207222,55.36624019763877,16.205403625775325,131.7510769337675,663,181.81972168544644,FAILURE
94,1.623913305996676,28.279815984090433,72.7443449893174,31.109714979558277,158.0933423110134,342,254.9937165539244,NORMAL
59,9.85774296491082,62.595364212945206,32.28041370709722,49.535358341878826,286.10914727419106,405,230.93151116496782,FAILURE
51,0.16060840273086407,44.12519984292093,94.76416630507536,12.141672774173678,257.23586023003776,352,208.51873360693202,FAILURE
65,8.270073889706786,91.14920451495573,13.337152878292494,26.798892565462346,43.00843301717915,449,209.84717337823872,FAILURE
48,8.664015486618744,34.575050180289324,41.03593703745106,85.79169987579887,14.87349831821908,428,217.89318359618764,FAILURE
94,1.1836523723460812,23.79952789423982,22.180462428803686,96.02571547963818,178.8083960528206,269,196.9134727634297,NORMAL
93,8.61802985369948,77.36759567212383,86.95318490967367,27.907959297394875,185.2391177469752,243,247.1497735499204,FAILURE
64,9.850096327418292,51.92772787042505,80.43990006285618,55.104660066101566,51.43086347446577,690,195.49773290832977,FAILURE
97,6.271510930090361,91.58478046184175,45.25040290698689,80.5845941392961,20.853052717179686,185,225.88735872542915,FAILURE
56,1.5755866989306888,46.13823505932554,91.52507421043669,22.528553567189498,133.22019531216168,677,210.46301831390343,NORMAL
55,3.1061803352433315,29.486321066776885,48.42480918536332,80.71698547087315,167.21142579173076,327,207.53952226216825,NORMAL
84,4.217728695046448,29.818049570802817,58.50849066706299,67.21864918562665,265.57071858907386,902,192.61563596502896,FAILURE
41,8.497088852873528,83.53415476902423,15.014715818603246,68.49640566319657,85.12037196169825,355,212.18651156103118,FAILURE
54,2.254361145226469,60.80633890614806,47.175096746993916,39.20184208490412,294.7887676500464,886,204.48555003126026,FAILURE
78,6.443002984519576,28.291129151786173,61.19703908236994,58.12922825907244,150.70295559293982,422,232.94263307567022,WARNING
66,5.247464907287773,27.24307285351069,78.52556925419495,27.76967868554981,80.48771922400157,855,252.3806813577924,WARNING
53,3.249748164890102,44.37591854852259,95.06334561947162,34.88437264835992,102.16989052141011,504,234.37404250779053,NORMAL
95,1.7658359571090898,26.07529936996624,64.91961337977608,19.74036560733223,233.06087334701266,711,190.29467106602237,WARNING
70,7.682293987813385,29.496798595269123,63.30217793035997,83.95802356607237,80.16402726941374,580,197.38194580259236,FAILURE
91,3.1415345787722035,20.793844884727438,96.1189633116933,75.84297453972486,207.67696250110475,699,235.26128851518476,WARNING
43,8.671147363133262,71.96122743321781,89.7705561904624,26.042076278238394,205.52442419162318,602,243.91810662832793,FAILURE
51,8.147583303163334,35.24137835808823,12.79186073420329,64.50679269309975,187.52876738162462,531,225.0657966987894,FAILURE
42,6.587507243260892,56.081667829230554,33.61652508575698,91.60869437007506,5.830546680910693,916,190.08130844762508,WARNING
96,7.042280588489676,20.924625698207528,96.87199101941297,93.68919517904263,261.0099955934121,404,253.0028614287823,FAILURE
44,7.157969478756519,60.97286623297073,99.68012841259491,85.00785954319707,18.116347859474274,117,191.3087961954936,FAILURE
48,0.2467633580588291,48.72189586851003,75.77601056103548,23.444085928336,191.77639004501327,103,191.83919251294915,WARNING
77,3.027090029601356,72.23732193941896,34.351562282678934,15.662120270549462,64.64373887557105,249,250.5049010720156,WARNING
87,0.18505400818872642,66.61474416219762,79.4202508526418,87.8253315961684,76.26761294125501,895,182.532945037429,FAILURE
67,5.371708049195181,41.48314206674449,17.544505300757777,93.78144754237803,93.05005283569109,103,225.23241535922085,WARNING
93,7.750172074416927,60.31466628875731,46.433015675751605,48.219365955439436,153.55019473708055,662,180.52484251261473,FAILURE
46,1.1056676315679115,71.69217104338409,75.5087373112718,50.50887453103108,235.99349821971336,267,226.0851832890396,WARNING
85,7.609651267188915,64.44347879751709,20.631287695698916,23.865974378666987,135.26801521109638,87,228.4958804972623,FAILURE
51,9.705041473753372,72.17446203728915,64.59833892373737,55.21175904397708,168.80092619321775,453,256.61332776779557,FAILURE
85,9.481696632230726,44.805217866256314,83.23766487598974,56.91890838932796,266.0456646938042,170,251.09564131020966,FAILURE
48,3.7067591508260156,72.79280919459501,10.187150592226565,32.56789496515623,288.3733804090509,838,236.13703601951443,FAILURE
45,8.921345547329626,75.43320776605572,11.258254036511305,98.61748428101735,20.476815782834755,113,220.20941169265745,FAILURE
87,8.35300035575144,88.26932581982994,64.10386428212857,87.99080823982835,69.81404009572537,808,240.80473385056007,FAILURE
69,8.76585939550104,34.31259975225173,93.94956112013791,35.3200147304379,155.14659681228204,576,251.32145054381976,FAILURE
86,3.081549154070411,84.09409774095165,41.051117091293136,64.00201816716813,66.30214645371639,835,198.52005026550495,FAILURE
73,0.7279838934278371,35.833967119403866,91.38035776371915,43.443848542309176,84.13974350494524,838,238.41017103501943,NORMAL
98,1.2581155729567872,46.914703446557226,88.55975176204947,78.96103847478197,120.32627425381662,386,197.5634322726673,NORMAL
87,5.765436678908154,51.747771530654916,67.7216023334004,94.61934602771028,136.92706747378568,545,195.4012714437785,WARNING
73,7.82473248495136,51.678920807601244,74.67764690759947,51.507586535893964,195.75110586284598,804,222.56479687408068,FAILURE
89,7.901354765164222,42.78339819550558,16.763316448538063,61.03768595837725,144.56428645330755,231,216.80453093795575,FAILURE
54,4.940117460732515,86.33672713693606,54.00988837801775,36.9708725536283,266.5840227289538,826,198.66166313423062,FAILURE
54,8.258205893887183,92.78807864583897,93.9854531017336,29.715429015547787,86.27616570559874,337,225.86809984451253,FAILURE
95,3.9526893399352305,25.330805907851275,52.87142168927171,52.83105098568875,170.39613139726387,109,206.386436272996,NORMAL
100,0.09092850488896742,32.49457932056926,68.14526057061502,73.09916239574784,172.98951553076307,867,231.9377476551793,NORMAL
77,6.317882791661038,41.05985289242963,32.72312677580787,77.19474163303013,135.15060381742578,459,187.13584152820675,FAILURE
79,5.489888816578182,37.593871107198005,48.64328550774151,59.37801537253408,293.0852043382045,282,256.34969895232405,FAILURE
44,2.177853748563514,70.11062376299711,87.44923630873853,58.587058355035765,55.5548987859029,522,199.23368734671638,WARNING
91,6.895188635716817,36.08461158863439,92.69909302325141,20.336488833953872,7.514866353315958,707,257.29313871293317,WARNING
83,4.32642921072529,52.48752478128188,66.96233743299123,51.49043082601834,139.3917110287997,272,253.45826297164788,WARNING
100,5.447769562519867,41.4661675550449,29.50893953997805,21.085716078975473,89.80429289056907,859,246.90474883110278,WARNING
54,1.0600762856147283,85.75236153751722,65.2152977915806,81.86723211069388,87.10808915515209,47,212.32217451580993,FAILURE
55,3.4427250258245348,38.77454286716713,10.29417883768465,65.38183828046562,104.19525908502816,764,229.87214173683424,NORMAL
92,5.702265092671784,29.952064557931617,77.17336592348553,53.50130859345171,248.73648877516774,116,212.04858451992095,WARNING
56,9.724544001436573,71.42729795758149,14.942955931546113,28.00749203951797,45.35079007382218,330,180.3949017084835,FAILURE
56,3.508151921381052,68.62520463345805,47.4179680203608,88.89583952969032,151.06936731635813,640,188.78671142802295,FAILURE
74,5.237000041182188,47.776601482269115,59.153845368144744,10.03708264585717,256.6568756054727,64,232.17005680082735,FAILURE
89,6.079245399802923,31.535950855418797,99.07224795660201,68.80652377002264,251.75103196106522,89,254.09147549095712,FAILURE
72,1.6193266813972407,92.5067810324751,22.238151149875453,90.89247610004469,58.48701147976173,24,204.22007477798593,FAILURE
93,0.08029285365632854,75.20029604471719,40.773118578978014,21.388451531527444,48.797784240218675,998,248.74870181436194,WARNING
79,5.715217916676911,90.94112604552504,66.26149847624418,66.93523611820227,298.33880159634487,383,213.19413350854532,FAILURE
40,8.671698167995842,32.86760103515547,98.03107957536135,20.838449952842495,119.33796867824336,174,214.5853904394842,FAILURE
83,2.9794008243296624,24.674474058473855,34.92823544545232,87.02420711528335,35.557706219342855,248,229.17203977579285,NORMAL
63,1.8452564081791212,84.76541281521969,75.38828686568168,92.2593165317199,71.11130697240063,140,190.86919495424857,FAILURE
83,4.359597472112383,80.03317103133126,61.44756046816976,26.920980864577885,6.628535489798771,207,197.33375429839532,FAILURE
84,4.76050432456268,67.24299567580636,44.10989888220655,86.8260739591844,139.363972130722,22,228.07355119393566,WARNING
57,3.5311022675254944,66.06058221705622,99.15193893905074,58.010707927962734,190.90863760569044,562,230.33038130948975,WARNING
87,5.644628693865689,35.68732823563748,85.30109057396223,22.724352202315977,234.86032026145554,163,227.71290527078605,WARNING
47,5.265595335000999,35.20699846235028,11.807143531881138,29.947205758065298,131.60829234054992,178,236.57408450959375,WARNING
84,0.9305704309928575,21.422195547839735,61.91527474608433,78.572960329334,109.8853140682848,39,229.00326820216844,NORMAL
59,2.4108006663724013,51.24976544222544,46.29264918280018,53.79631865359186,107.53732276743034,391,196.29255365305744,NORMAL
49,0.03777173341008577,55.405174130640354,93.89712347771068,71.04154798784438,99.3934328802607,339,181.15684257281038,FAILURE
86,7.001269444736138,31.16791996808919,43.89661649794888,88.45415256331498,176.46910168977158,657,258.2861223592118,FAILURE
45,1.4054371164535584,56.03095904917644,27.24372243113261,63.17092530319036,104.64097581144516,946,186.906870310448,FAILURE
97,2.7666676205567455,50.071582186664315,48.42087977419042,17.20829482776343,202.2147167232557,331,256.90960155083224,WARNING
68,0.9418368542427924,55.24925589717563,49.81316941162411,48.397148156889244,136.7191163097313,271,256.0336414002445,NORMAL
43,2.4278017939272942,66.27868718370415,88.25149059402824,39.186091293409206,95.01456123666615,15,200.54668869677795,WARNING
95,5.6538017392607856,29.088919998543115,16.266067272119848,23.421140476752043,161.72567406677965,519,242.88404094804451,WARNING
74,0.6512825201703232,88.65052509766349,83.07565769260427,97.9282461936877,98.19366306345178,88,216.37089338849842,FAILURE
65,0.7922560400908296,33.065008393548354,44.0683337924033,20.99844963913909,134.59458945924516,860,206.26457804616342,NORMAL
83,9.690547666653243,63.174726174031406,45.430706689848016,81.38311166803408,217.37946829780566,436,252.66532951307954,FAILURE
73,7.7032191967144374,63.62554042995709,99.40803524917888,40.87365469539189,118.27981248149254,763,243.18964200386043,FAILURE
91,4.704829021313998,86.76374304319636,67.20329739845167,62.16285397745764,62.022779938634784,179,197.21806446324007,FAILURE
72,5.112213661954623,42.05206774167486,49.00699245588498,48.343964125735624,205.52085292041974,102,258.9592641579661,WARNING
53,8.067935979267732,23.267181553969586,14.37963696445577,56.77308688425576,11.222756354675852,894,219.769388182507,FAILURE
92,1.2188136360765323,41.63339697697381,97.10547976935592,76.37825584703306,192.50403928916467,141,216.73027227981387,WARNING
79,6.647540389329861,56.57061285333988,29.492011613126518,80.46989711371629,297.4757259520761,711,229.6251458794117,FAILURE
91,0.4544332713515653,57.496590057101756,27.099117002065206,28.322268099993494,104.17520601946828,566,180.72960126268714,FAILURE
82,2.465244769344247,59.30188005062324,35.26131843484154,53.00248058821807,56.733233322387306,437,217.55344171119526,NORMAL
92,9.310693510824832,68.64631326485534,52.242034285653965,36.88470590187127,10.17590551322679,498,227.67529373034478,FAILURE
58,7.259219180974612,33.37840902953374,13.156643526995065,93.52816637832854,40.77100355194247,265,214.96860263469827,FAILURE
50,3.5131365950524263,41.14610040314565,77.50782580704573,67.45709980817051,35.190097560632715,686,196.48643722907354,NORMAL
40,0.1864359055822462,47.47585796235822,76.13462051176693,90.35458672828108,84.81446178958252,96,182.030390282182,FAILURE
56,0.894346480313265,29.22008552055339,44.02742709284736,18.594286411384815,62.335181220427955,923,236.98252447069623,NORMAL
41,0.24040836975753654,86.50616056653423,54.491722135653085,11.787952445296908,84.75124807258808,907,223.63050024192435,FAILURE
99,8.929215840122527,84.72172674270188,85.88801499384616,90.98097668430754,292.71230439938586,138,257.9297616975987,FAILURE
97,0.8270657088479894,68.27474567212165,77.70304357636194,53.449139745182265,222.46810222889482,245,227.26337713091687,WARNING
89,2.9770857545728004,25.58877640863129,59.57394939413162,54.95989658946677,173.93109484311762,647,208.02339991327287,NORMAL
69,9.672287815574713,76.8357995163399,46.67407772809878,59.9941639819509,248.07050625428622,498,246.64732192981202,FAILURE
77,8.941960729510903,59.29776339310465,17.352179192920026,39.685336835094255,58.141939749416814,594,185.04142945253966,FAILURE
42,6.47494653083025,65.65851667515821,75.49167193119303,86.56481116363943,78.0429871249062,720,238.03403103715155,WARNING
97,0.8907017397191874,29.51868989157397,64.22834568806255,58.825528645744185,141.65108551161413,113,235.6470185384781,NORMAL
78,0.7774536558546541,24.672132447577955,66.65863150699691,63.28245589832847,102.1362716050423,643,235.8232178333151,NORMAL
92,6.257033215910114,67.8363154703054,79.75510720588638,41.152378322358835,53.11987268835361,968,210.3025281101643,WARNING
73,2.132755618178374,92.40218155494341,62.653192712362156,68.187667446343,200.04713034771393,483,243.54883401061556,FAILURE
75,2.812258041803428,42.7636291333352,55.278051894068916,20.714922010438084,272.6430402837675,941,190.4503768030507,FAILURE
72,9.225461200054456,45.464693781577466,52.849067637212904,77.33325373371048,189.4625095311648,80,214.234406060019,FAILURE
86,9.972617607411024,66.09565570603098,87.23264741384341,68.80170601357446,36.23440425260264,515,228.08631494133442,FAILURE
40,3.563564191250701,55.474489229467785,34.963286117742186,25.767105801139245,132.3855200811306,877,221.4206295817761,NORMAL
95,0.3366429583668018,24.994635730823386,52.25005404696427,74.97922661310734,119.156475524667,764,196.47168018934863,NORMAL
75,1.3507041717981505,29.739187505949552,31.669866853456387,98.6649776615123,1.8167331396964932,462,186.0661376854622,FAILURE
55,5.202296502880221,33.9980231233847,24.386752308817872,26.237783807406306,119.66314007096362,256,189.7226154224073,FAILURE
83,2.450840507444693,52.37813501817036,74.69299859846562,22.152436589550895,163.371840959352,553,248.13351009688427,NORMAL
57,7.742971928832914,38.22820080954216,53.125885390556356,80.79777360163371,162.65590344406587,141,187.16092806276103,FAILURE
70,1.9215073927069182,46.53806867082114,84.50500058710229,13.762630007061475,18.69355366689769,83,210.2936336290461,NORMAL
57,6.182829653247773,44.20449684654513,85.2166941399954,92.62695236371884,280.5698279953194,967,221.7588972009886,FAILURE
77,6.85635039444616,26.868250439520477,29.346442094263338,12.404003519195985,204.21352934666098,196,197.17876528002012,WARNING
80,3.747340708768312,60.64320737402271,44.621094477559744,54.435512352610004,22.231577120648407,149,187.36148470578522,FAILURE
58,3.7024447361779234,69.1880568347216,13.69668314377693,88.4818035154295,230.92556091304874,735,221.99259025823036,WARNING
42,5.148003284432972,32.17997203208984,47.591445205976974,10.954929795101418,104.11073866948273,413,226.81980535383502,WARNING
98,5.670648862406224,51.75384800767052,94.51395160190742,65.85624388153641,112.95963546285675,112,223.57936181025755,WARNING
79,4.927676816635584,93.05389253416696,50.90956940843546,32.43660757536071,120.53612718943234,579,189.3055498297837,FAILURE
78,8.485326529041906,63.1843440316774,50.84467698793193,24.859919033795357,172.49133874025034,66,250.67850462833283,FAILURE
44,7.807971296534895,51.36329718811527,31.208866454728494,85.40467183016223,173.90301395555608,423,245.07518368499206,FAILURE
85,4.6548093186005035,46.25672024451528,84.80126986808285,43.293411491812876,131.47613950798274,611,249.35934466538842,WARNING
58,1.4619751562511052,87.08659360239406,58.35565338248108,64.57567171995869,93.33458952352693,618,186.30806852090382,FAILURE
84,5.9829019548470015,51.18652889301579,30.799366258898477,79.68108784242929,52.20059011169225,776,225.90684558877325,WARNING
48,6.456159682958012,44.780438238670655,51.60332265121922,71.72352389737787,46.62475375387437,886,185.9191036025533,FAILURE
92,8.442410153035683,45.55708620344694,16.393486585451015,95.46618343689879,202.42984605706198,308,251.28668234217253,FAILURE
78,6.977973026276297,39.15880402065989,32.87535964191768,96.85632107706506,87.73243159720661,628,200.120363482705,WARNING
89,4.397370369210476,22.435161460095948,20.97742602555695,26.07250458807629,183.58143108460706,141,224.20436344715688,WARNING
97,4.445339216602621,67.56968212900091,78.24824957046438,30.648813801939955,220.07237947192152,976,233.95547881477475,WARNING
41,4.730346344224267,55.20958122891313,75.21914594332543,89.25959461465484,206.8821216211164,272,189.03873306834217,FAILURE
79,4.302713498393422,67.13606278394353,73.34505470023039,18.279077897276572,138.53275919008584,689,256.32354750927095,WARNING
47,0.9322862936248666,82.10322554177355,43.73421347414078,25.79218072465791,134.6068177742646,326,247.84261150091095,FAILURE
65,8.27246821858517,59.02672279534889,48.43271123387506,31.979952531639658,137.94479541563857,16,233.24550635887067,FAILURE
76,3.1804261416865387,44.53169439236952,98.78961298494413,20.978005912212694,41.98078485704602,762,210.94815669926643,NORMAL
79,5.543846011394344,27.445118819074544,55.138127281610174,19.11219887418838,264.363875943228,709,194.9764413424589,FAILURE
97,3.893355078741201,31.75172828722713,81.18240112230882,71.42440636654558,220.7035052138513,830,203.59619054199854,WARNING
63,7.333209798404431,27.11650050844979,97.08255322739025,21.056772317047205,174.20271049365664,920,197.1026603887929,FAILURE
51,0.9988745846534497,64.2029678113457,53.40499133500419,81.45119176548236,245.86984387741265,655,212.58890626367054,WARNING
77,3.8654406342336167,81.54464949379627,60.918315681183984,43.7478764359229,256.47563920030257,759,235.52803817205742,FAILURE
88,3.1907762681780016,83.5479410971902,78.6559666666735,25.946136745968598,23.51846475122857,445,233.54767712977838,FAILURE
83,7.68838806557175,70.69498500394764,74.27385214111604,72.97679425367343,169.41895130049335,737,196.7339177374807,FAILURE
59,2.3578155007857937,31.269125789194586,95.68903529310325,95.33540868595551,242.62212210689327,607,201.06306534429825,WARNING
58,5.538345849813443,51.933258543827414,27.867152330395673,24.04088827334973,239.5706573377014,997,224.50231571603692,WARNING
48,3.9510473463911735,37.044016666557155,70.46012405055933,75.07414761761729,243.70801069715384,83,258.9689264227384,WARNING
52,3.176637671192808,90.03523625657668,78.53607358662543,79.44982653953895,81.19121940759351,463,204.44992977753324,FAILURE
49,8.021295823962475,28.914832109258725,43.48948040685037,26.04699659579896,273.5153095884936,223,255.37492262663773,FAILURE
67,9.15451694092232,26.917080776667675,28.940942799293506,77.07452051011123,1.394914100118025,839,185.33952945657458,FAILURE
87,2.9345916275001462,79.4397364316161,88.02588356393306,54.7364775485523,266.5946313614498,408,182.76837673392055,FAILURE
76,9.051194431367557,33.798094128926735,68.23908594445624,98.3747586404337,182.67750193942808,473,257.3134078362009,FAILURE
62,2.267029172533773,77.59112109374249,57.61607084910246,48.48700754451272,60.40752987269399,888,205.65833631691766,WARNING
64,4.381459827669728,28.40741845377367,82.4906733524294,75.39060952132569,74.24250128055724,501,214.6112477013612,WARNING
99,3.9681466347762315,21.988161121092467,57.340515580949216,14.80230011504618,257.0539978898289,767,186.20685803322885,FAILURE
91,6.86173858785435,45.742190517584966,59.79101520960559,90.64907875605523,228.5527971730521,405,184.08328534049258,FAILURE
91,7.030546781204236,87.77260566864898,61.501599439727016,23.3975392702521,230.99250480162422,179,256.654263581457,FAILURE
61,1.4694337613605146,30.399588563188694,28.00600972330478,39.49930998772233,125.61397439606452,977,224.90521388826636,NORMAL
91,2.893867209222006,93.23509664694355,69.52394115489635,29.136968895924586,174.89366292919914,278,221.58451279946092,FAILURE
57,7.8924749093502635,93.26731297850964,21.10322162045957,68.43199952645833,195.49368415180675,803,192.530836437455,FAILURE
75,1.7923143259165852,49.29620412626573,59.763817039898136,60.029748169027584,270.47474307170205,861,246.20493606021623,FAILURE
86,5.019044312538612,32.19898253813393,28.406517777449633,71.58844631180403,37.819352145364675,932,232.5667684182747,WARNING
70,7.092174350785021,37.01940895328511,84.0442970813773,54.537946947803825,90.95398357404818,458,237.23364774595132,FAILURE
95,7.784522145253964,54.37300034286918,51.757955742041595,20.316290110606246,154.7313060417953,362,213.23423101247425,FAILURE
91,9.987004038008406,20.22109895596219,24.859865558254853,75.68713316290197,122.79602364890863,230,188.18867194257913,FAILURE
79,7.70934199192015,94.42252876125964,30.292826687141247,75.52399602463906,113.15528893077575,652,205.57799251050812,FAILURE
100,0.7538269582162727,51.87773456947123,51.007857620730185,73.2967034360953,149.25027181278858,575,243.37772255422493,NORMAL
91,9.75121860914103,58.209429498879004,29.9586596866502,40.61301846221477,93.26560790634402,568,197.03607205241474,FAILURE
57,2.262689395633777,59.537571368708804,81.17724418169377,31.474315056845544,275.08495066736765,379,238.33207173073015,FAILURE
71,4.035519328044094,37.12095072359142,91.09650520075141,81.78856611259233,4.236141583568795,391,196.04120075547914,WARNING
93,4.076917731560947,62.12536409633255,69.11351082150485,13.937783337416676,155.30897116072012,835,245.65810109816996,WARNING
88,1.9033809697220216,65.1526822629202,87.18483506610896,70.98573728237768,206.3151011594819,301,225.2229744751794,WARNING
89,0.09258574907637818,48.10838418299423,98.13261212022562,62.77477080669893,149.74859888387502,327,188.52111150871465,FAILURE
46,2.5064981890958093,30.98330064736046,49.16162092053925,34.50225527603945,69.07334507980816,52,248.88368399426534,NORMAL
92,8.824643811975204,58.46670541207176,98.5536275136462,39.140072999138454,185.72558393890685,352,191.25879964823804,FAILURE
90,0.2170245922217351,51.20382398984755,14.954679263492984,57.46864723477074,159.59039122173516,427,245.77386240788678,NORMAL
92,4.352784905323146,55.30237349250748,24.66321554825747,44.26516644612218,23.628479592432313,402,254.2955294648512,WARNING
64,8.824929747988506,72.40059826121109,86.0893022326888,60.475302353250136,257.5632784468605,333,223.7176339005249,FAILURE
66,0.8504540410202854,91.13880196325309,16.443004107546596,91.25343695323986,51.248455165366025,98,248.08600996168403,FAILURE
93,1.8392398866423043,20.32050493484192,59.548144731749225,20.370030781149282,218.6541028635827,465,226.41252032086294,WARNING
93,4.758863725298491,89.51109668424363,58.93376492407316,95.42524350424087,148.10408801529485,37,217.29790649690935,FAILURE
45,7.814486977534976,93.53364743752951,35.874621814560605,40.76133246964061,260.6755949592683,749,239.53292568349622,FAILURE
88,2.0728019743934025,54.41919584916842,97.59736774153697,70.95459669120717,221.75470599897815,977,200.23946631405673,WARNING
57,7.093068052540321,27.25643709821344,17.65142136841929,84.6959692506439,215.89592077429327,911,231.60140948907724,FAILURE
69,0.6534742678549543,60.32389154840732,64.81413380412874,69.74024127545337,295.89456309818945,478,232.2350117278387,FAILURE
43,7.760076956211171,51.45344505174849,80.19127895927669,49.5602731154983,194.97839607620068,479,248.00688405711855,FAILURE
90,9.109395694445821,75.87695281103575,57.81934842905369,69.52414898277806,76.59111135850453,805,257.98468414563774,FAILURE
85,3.212457297832989,92.96712056016445,44.862982017943544,47.64827488630197,287.17306000256684,784,192.28093190279864,FAILURE
76,9.755737852793985,55.94823258626671,20.96859722873009,72.49267674520063,237.702331625608,956,222.11348320178294,FAILURE
48,0.335674085393709,84.15043904286472,16.569402658735804,45.427075239592355,116.74556734187438,200,234.89211297631056,FAILURE
76,6.02800072191714,73.61524939808602,86.33957573070019,28.603294810632185,45.381928569240166,68,181.45489694834026,FAILURE
52,2.996341433513007,89.88682436209386,11.411234862308092,55.063195764369965,56.76729610477704,919,213.85388729335807,FAILURE
43,9.791112059843766,69.39542522824391,77.97638884879105,35.068772351820726,4.199860821806487,776,191.3279809510661,FAILURE
55,2.9774673674783947,30.596989807547413,78.27736341472541,46.509586031503126,157.92092107651672,717,206.37512779881587,NORMAL
73,7.534578468431042,48.72010091252864,13.956825910933961,12.147818446644095,153.21771445326183,459,231.2571305098419,FAILURE
78,8.2308157161179,39.15930061032037,28.920802958617024,37.803571534542314,158.3319247309348,771,255.834953887165,FAILURE
85,7.509382793175064,41.14009867207742,11.117179553466718,28.9077478602525,69.08792962818666,454,224.436703446496,FAILURE
42,9.803837529129423,56.37973213831959,26.054455571289,39.20607529106705,194.94801644554929,921,220.63910288543423,FAILURE
73,4.71442901751344,80.50514175915274,95.08938945217396,39.93649631573422,21.17198318496157,610,244.39938476355462,FAILURE
73,5.9170546425924435,92.20009342480392,82.38770934445816,16.86069632655517,252.89870911707862,178,198.99113276931564,FAILURE
47,6.533458003631938,46.80103764904483,12.599221954716857,47.745358932475206,261.70549622182847,232,213.67654652535836,FAILURE
91,2.04530056111218,73.92732739292549,76.95718557663636,26.313213475384615,167.12878680748497,701,257.34106182871597,WARNING
95,1.1340247392536018,71.68194293530303,60.64485456034522,93.75112415039916,197.95788193978314,603,227.43543273947247,WARNING
47,0.9014455398293064,70.99180314225876,57.400298124273526,21.964675100824355,216.13827389805093,959,259.8874658984129,WARNING
68,1.0184345222735292,87.26963254230596,61.43375164417469,93.18941387151415,265.5365494340555,253,219.6719316402946,FAILURE
82,5.342871198817054,90.48287925230444,62.51305871284131,10.370944953959096,257.9158685260186,815,253.72630354598073,FAILURE
98,7.35162704091362,69.83455624966362,31.200796787614205,62.72144975201348,114.8066993330821,521,246.07259570854507,FAILURE
47,6.984997822672241,36.652080972621704,87.43678557189236,60.75207648075077,218.74814977544054,485,242.02258712984985,WARNING
99,9.996757578681269,52.51160920715143,18.690415339363497,54.63196328787721,155.7423203718349,188,201.89415262714994,FAILURE
83,0.17533816431125282,82.88943553003402,83.57273627273044,73.68529099704435,218.36161315767782,774,228.7396961004032,FAILURE
61,5.915594677294963,62.90147175938334,84.64478197334233,58.453438182919335,137.96183118865002,784,215.49037058402183,WARNING
64,9.571984404041775,85.28793405961166,52.6973464887227,43.836955614572815,253.16483381935925,370,184.89241683677625,FAILURE
71,2.890600554011683,77.58055995832039,65.84611844679893,28.752523595885755,13.523240361070357,511,226.37630480019035,WARNING
72,5.096250664349117,53.834645974910224,10.960144122451178,92.29084309661185,36.988880499047,917,199.88625289836514,WARNING
99,4.814764913066458,93.0038839121534,17.879928756775037,87.24970821715695,250.20805408824467,285,250.12876968985967,FAILURE
93,2.0302278832038656,30.9675096248419,24.36932410113447,84.3185715892932,229.59823974432175,916,210.45750119185846,WARNING
99,0.8184214841859838,45.985712464458224,42.385323396754906,10.373842494844384,297.16202074142456,265,242.43768174213034,FAILURE
75,1.2010521817624964,69.22221461991126,84.69727304725322,40.65712173610969,67.59547913254337,416,218.99426153681628,WARNING
79,9.095780404435331,32.35998755659517,84.31543273678894,55.65069684612684,35.125544128105275,836,201.62680117643336,FAILURE
88,8.390036800247332,77.31215248862651,95.74828562509607,67.64316182594541,99.5358166530898,586,252.14389682745485,FAILURE
91,5.411808691123641,54.877258519458124,93.69593161207844,66.43768278506684,11.6652728870493,818,240.70731792188343,WARNING
67,8.860135549388875,38.59115864677585,89.850326493112,19.130011005046274,238.53629856057788,333,189.94306389913936,FAILURE
50,5.78808072110335,39.73917992698039,27.665394161430974,38.853588739351835,30.751524522711833,101,233.99245401444418,WARNING
46,9.937114894477904,84.20049190032086,22.07814735078776,17.693290941706564,123.1011894760918,439,200.64365976880225,FAILURE
65,9.485658383272286,45.91741869036892,17.521157640082038,86.16538122354008,179.61990792017977,718,227.71361740825756,FAILURE
43,4.132869674364976,92.64666244731325,90.79129714215479,52.72697862489507,195.1361643413917,199,253.440206500178,FAILURE
48,5.584121250107684,29.901706824843586,27.638580532786804,64.58283261241885,185.55802984727418,304,186.571890617802,FAILURE
84,8.492488305836021,23.677110435072578,48.586083714084914,22.207612281021,32.197698838314025,603,205.48644824423792,FAILURE
46,2.692460165556877,28.410813849666916,38.667483514313005,17.88180623574131,31.327635694510537,10,241.02026446719168,NORMAL
67,0.41842190911934307,28.90321696095593,62.561894689617795,73.43771015613513,1.5756744429984357,213,216.96791583145023,NORMAL
56,4.784965615276078,59.1807007534327,39.48374271697645,32.058034999673694,202.5566982659054,649,190.37338569296008,WARNING
74,4.64705048424054,89.55397304919698,70.8534482327951,92.68384941870023,35.74439902604018,349,253.40024879442208,FAILURE
90,1.8596073808008051,27.17073420388212,38.307568333606156,64.96907546964009,123.92932515668808,289,251.18224255499968,NORMAL
91,3.398392654531488,84.4003290685989,43.43273339850623,83.70713238268047,87.64756194830326,502,238.47769187973086,FAILURE
73,1.5221671292042083,34.8141131586853,80.01603994098099,33.431979364496776,171.11167530067462,150,207.14438679693833,NORMAL
68,8.504654017222425,66.80594533031164,25.908182324464107,91.44626839753491,62.95240268781778,922,246.32449309149638,FAILURE
61,3.1379866728854577,76.76462803886687,92.29590265738074,21.94986875202268,183.6779809032762,301,258.75992053743784,WARNING
96,5.098613485425847,84.11282601734877,22.171263582357838,89.01466646960333,120.5213102054622,702,187.51268585190584,FAILURE
44,9.32056713766142,89.24516733203811,46.54039931860284,48.60498312614929,65.23473734996497,749,221.35754157356922,FAILURE
76,6.940571284044228,48.299234009788876,29.5035584451202,61.72621721979395,227.71499365933607,364,192.73073978950814,WARNING
53,3.9428094312567463,87.23738917599101,71.89952976433456,17.368688804602783,4.94511225073026,250,213.3338824605195,FAILURE
68,8.486643305903721,66.51814280892228,14.963677548603641,82.79292212868249,157.03664976877033,234,181.26040897137827,FAILURE
85,5.0030854749321705,25.941343571322,77.77768408038277,81.84562540289878,288.75250462826585,983,241.61057001777473,FAILURE
100,1.1634826316352265,88.3153519715234,29.333665531041014,59.68987443978371,228.0200485516769,128,180.64452405974913,FAILURE
85,6.484185631765868,64.14126949383412,42.01311321640501,92.42808750536871,102.90910790553765,698,183.51466261523333,FAILURE
65,9.511006448494845,37.416978592171034,36.898672928891706,72.37778878283007,93.34372621345027,273,201.2317726604701,FAILURE
51,4.337330767512463,57.755485709791614,47.45994019955063,21.905923015526845,113.63180480588707,558,208.04454015712565,WARNING
87,3.4664298677498175,76.73680425170647,96.67700339021695,98.8523706622399,134.00247684556902,552,182.06622278756313,FAILURE
55,7.088984866834364,42.40160068502855,82.21653288149825,88.0264767163487,5.712226507375214,875,222.79547660161157,FAILURE
43,3.162639426509691,49.63096879488667,96.57771423956443,29.61232765932026,117.62191541757191,685,215.85989134628952,NORMAL
79,1.5903923883401305,39.839346037401285,11.711248221704828,22.95674734405022,36.2769685724369,829,252.08247765957032,NORMAL
40,4.476921306733683,46.37947131095588,49.962285642178266,94.07928641724081,156.7872771718078,92,231.87512045641228,WARNING
74,8.31636118333967,31.551282513747047,21.998205315388116,85.10109362690663,94.22119400999769,356,183.15375672136543,FAILURE
61,3.491196942782194,29.08270862865705,84.2659459209448,37.923506325580306,252.06703336249407,374,223.89199693443805,FAILURE
89,7.274528203435596,51.625321232419196,17.58077845491085,27.58632398076124,160.28080169442936,58,232.8294731952521,FAILURE
72,6.699490926500838,23.51926651327771,52.23275316192476,60.19150281353328,156.0767250140939,742,222.34940346991885,WARNING
84,3.825579542368611,33.05089237278162,46.89261867593907,13.990183381198737,214.38805847808777,85,195.4812081188082,WARNING
48,7.3287962777373235,29.326731055177838,15.752766410240113,63.32537648988392,264.3962877568716,560,257.020968603544,FAILURE
84,9.258537749873174,84.10383092338436,20.26846269240299,23.847935446057242,250.42409199992304,767,236.1909199549674,FAILURE
72,6.3432416295037255,91.89247579318707,69.42429415836631,53.23121546330893,128.83980569277847,78,217.16885286927743,FAILURE
66,4.608345965955122,37.30462417073299,10.48953555506694,30.961267821741714,272.65239302461663,217,199.8616582280218,FAILURE
48,2.4706461953405645,72.3886671423126,81.93765293996344,78.63251972541713,124.94922992208433,312,250.58379885977718,WARNING
48,9.78848032739587,47.495839128552774,91.1338133316724,90.72818723231627,222.29267880625076,918,235.26941959414245,FAILURE
92,6.37908852945754,33.25176477756951,55.77351479936121,79.32949933277567,231.21508292815474,651,234.2178852436682,WARNING
59,7.341710465872082,70.6334500531294,30.038294208205578,25.70234613158705,110.71142236001906,888,219.75512768843063,FAILURE
72,7.191895331718757,65.2474318380455,90.15336898126306,68.66452889932128,14.46810325074755,568,243.29208112493995,FAILURE
96,6.7551193790829975,51.43541663935605,78.37446959263875,17.402963556156774,194.84656848333861,524,248.33648235693536,WARNING
61,2.605000406426691,42.33844356271165,68.0918739668478,17.18366063308571,225.09616862713438,857,239.43392694086106,WARNING
42,4.57525572449687,36.578184283056764,71.07790515948491,38.98248882755738,238.72749659502907,705,200.70385470818098,WARNING
89,3.7606578500302934,37.45968132058401,64.97358824400209,57.47720776164094,100.16706060659003,500,200.18379058957913,NORMAL
84,8.367569970989969,44.91456583733658,58.035166423547295,46.359254405033376,157.04174148649767,682,200.01777267858088,FAILURE
98,8.282835274075303,46.13870879977594,58.745610334006656,44.63736287542723,3.0927103781474874,784,192.67031538299798,FAILURE
91,8.972540290367883,39.67705779724919,77.30650024557147,63.006167079200885,299.9330951174005,67,192.9501007712917,FAILURE
41,3.561456958745807,23.773020065005554,41.190993116257246,22.28126054237888,96.58115309052292,413,245.5769612381025,NORMAL
80,8.006791037132926,25.007503154936177,24.71587915572077,40.18512557877897,241.8125891113078,482,232.5359939265523,FAILURE
48,8.18098403626904,79.95960029413774,86.78001933468929,54.83022552726756,39.96138820710213,825,216.33415935024752,FAILURE
79,5.341729486973002,57.512455756182774,70.56620464154904,77.18082198224496,192.7676078813936,664,202.31595279125256,WARNING
62,9.703340822012933,65.18992016060508,59.89160310362865,71.87727740858159,296.42637776565596,802,242.05665180682723,FAILURE
66,8.318997829053279,38.769904844904396,14.245972812850496,70.04184220506458,138.19111114604183,55,193.27901361838164,FAILURE
92,4.089040002830304,30.610744580359057,98.81044379455271,85.81331733292613,203.9084987930556,293,248.73802112792387,WARNING
93,1.5486580971343966,49.784341973788706,89.38287162638414,76.61525524972795,205.4595220290236,228,195.39666525462522,WARNING
41,9.075701854975003,83.98145853109042,28.129318352970106,96.77182034950009,94.431353720531,115,210.3710803307455,FAILURE
57,7.396747387462984,36.199979658552934,63.23052503019098,78.35084296559319,63.42931897952424,573,212.03944869114642,FAILURE
98,1.8678445418850054,28.204865207108615,57.63119591601753,36.85180012569907,152.97156963741918,228,214.44448689459907,NORMAL
50,4.6007799937148475,81.92980222041099,14.883811937693514,13.353275579791731,225.48815601212314,542,210.42618817378082,FAILURE
55,2.3592602222375936,76.13216822284548,42.187737414897235,72.38034092880721,92.90306258610103,140,185.54481336308785,FAILURE
80,9.669831857171541,48.35274844050444,81.51678934282647,75.86154000937427,146.110368487935,544,256.37320563500333,FAILURE
72,9.557831651263168,85.78734752844545,59.73048969999879,49.85395227749575,89.18173707031062,908,208.39606266636028,FAILURE
91,7.582565463418632,48.11743857108196,60.050445060116644,68.79540781735948,284.7677539981501,209,208.72289983240262,FAILURE
54,3.0204638076017867,42.86576325067591,13.119723639346605,34.95152567143581,92.78951469826403,338,186.59185453241852,FAILURE
67,7.770403039195556,51.323118332872276,58.69905988449976,23.19817072757649,269.8735734203292,711,253.83254583854702,FAILURE
61,7.70577079266077,84.93614930293373,38.784426440166115,53.601056747567824,241.66469213746277,641,249.35232640628098,FAILURE
94,4.1955921348984475,26.394779945284753,70.47908787738203,73.09856724647838,196.37546231089743,517,256.1750703287808,WARNING
58,1.4717701181880039,78.93038978628589,67.12541448597598,32.728740609191206,187.99291513685836,960,239.27023959501486,WARNING
56,4.117947616413313,46.526510143301934,32.33221341204988,22.06652955131564,74.44329083134376,416,229.1051051236463,WARNING
76,0.9101720347669573,81.61074848207556,75.63596885618728,83.30255811491642,256.9655029320728,362,226.0205394944352,FAILURE
87,0.8744816592327298,28.953801082337357,97.2624819319049,82.63542808945033,283.14220168567664,480,256.16736108865183,FAILURE
42,7.662682210440782,35.885061297630045,28.184474420588668,15.606814814089116,284.2984503345903,101,209.9894798060193,FAILURE
43,6.849488263370832,82.00821293857804,67.28975941181237,86.64330410700488,31.283893640097286,104,247.35425483082065,FAILURE
54,4.023800841467974,26.57234632268886,97.30753875664787,74.20297484237781,229.52000286529386,62,217.63307071750657,WARNING
88,7.945193557517733,54.3899926327196,37.108063007216515,90.95605312010612,124.13812401703254,40,182.65691982877672,FAILURE
64,3.7945497901152136,27.162010959926175,68.80840928265604,87.69104021333482,31.159717308534496,599,227.7343644326252,NORMAL
55,9.839677502517265,27.232466928945275,73.93430860593973,78.1580800129468,51.74818393248107,825,252.46365450122286,FAILURE
61,5.699451758924113,58.0074845602735,53.31978246213054,87.1844427526163,44.43573331843484,175,184.58341414354186,FAILURE
82,9.986836637922899,48.644225464547304,26.824198481594525,99.6089492309949,237.60265024448952,509,188.49410673686035,FAILURE
65,3.5648106187955566,78.96963843915321,23.258534482165643,97.394459029641,254.44443648346956,901,249.42250792631657,FAILURE
42,4.8572742885024445,45.05408147225485,95.0997532057895,12.896695489949188,90.55382748199736,351,219.39990181693318,WARNING
44,1.2413535042350665,38.10569611411805,36.76302977265601,70.48924569250525,117.6532607842475,298,187.3413592787549,FAILURE
42,7.186460697215895,38.87290528294042,57.147690379902315,57.27506055587442,98.30881703651832,676,183.64598836048683,FAILURE
48,9.958923389529701,26.1919949220759,78.97093989517644,24.7617924897571,13.536045710131697,608,254.7413572357315,FAILURE
58,7.382552386385081,37.88383568581466,64.84619450307223,30.192603383722233,75.72647104936517,249,256.1350850744825,FAILURE
59,4.588538789425039,36.24854197996018,84.09319928150269,28.722379954203788,116.70318115808458,347,219.73479828752932,WARNING
78,9.572096557967292,47.03721211091285,61.56712275679302,72.83214149454331,34.643492720167174,822,230.88076932943292,FAILURE
81,4.596472124294245,32.85249257508373,60.32556362793145,81.19982450134204,109.35354927040171,36,188.3751096819496,FAILURE
94,1.2759018680489587,90.35398450988039,33.45895565967885,11.956754384703839,246.255928053658,351,188.7498769014255,FAILURE
77,2.476393667593154,58.142638125183225,85.27671816154353,98.70574848513168,80.36885877930398,662,233.92965428733686,NORMAL
55,6.133566078446609,93.63245958074592,49.3905793802943,23.33685063980281,158.48299038377854,70,195.39765357723678,FAILURE
78,0.007021958373205628,89.61872894355908,56.71420313358759,72.01075739886042,190.2245233602966,707,250.92772829218342,FAILURE
82,7.798807003008356,87.21542121053743,58.315323260076504,91.52355614597971,171.89227296410718,481,190.1635609792876,FAILURE
42,6.504074390602304,26.985831720750195,67.46216744595088,97.75292030015785,85.61965759810094,300,214.65769791661114,WARNING
94,2.304386350294071,60.71520964611808,64.22314194622687,90.99630654756484,129.64362694860762,764,243.82998386813188,NORMAL
79,5.374256555586706,79.63948428219268,87.5422068853843,21.82947024995779,118.03510373985776,386,212.55863310169914,WARNING
61,5.533497404849147,41.87644359637144,63.22591695407782,77.25138130819839,236.45539574862477,718,226.8575556913521,WARNING
94,2.752943427726675,73.44660718787375,92.71080232288993,90.37141519945664,217.29826672943253,775,232.16015490327106,WARNING
83,6.904384071622596,94.27545184879551,88.8729399996084,26.334521670623023,172.39603976031557,900,245.8166769685219,FAILURE
62,0.13117768434243948,41.578321257369225,63.09147282414755,95.85535094706572,199.92897034278607,522,205.97073865181162,WARNING
78,8.379103200657918,23.19625975131949,58.11944134741965,87.28487787427483,32.89986964980869,783,200.3709543549375,FAILURE
74,0.8771554277148486,27.78810493270602,52.05276781005807,50.72885566540672,31.50712851347001,876,217.81946784370524,NORMAL
54,3.356382036642599,48.93438214265642,55.80603010204768,35.54561922939756,42.690741478216836,294,229.32793524770727,NORMAL
42,7.596606991394433,64.84331757962403,10.936840563935442,89.85547799608088,167.32621948009654,914,231.02123228056604,FAILURE
72,0.2426552835415341,66.98833051489106,15.523452675398017,49.93426708605733,270.1539017707873,863,219.43516882897927,FAILURE
87,7.320284098465465,73.88300569578634,83.32440783038749,32.06629783590749,86.81417456644664,324,246.04619529145015,FAILURE
60,9.852050092586058,86.28932287809613,68.99668984722689,27.99346709051917,179.29062650124533,209,190.1820891152511,FAILURE
57,8.155977862933801,57.86683655642654,20.80993094035784,14.714704325709992,221.03940511282008,603,233.56600428787493,FAILURE
71,0.20091422602669717,88.07775353493828,86.13370442776593,60.454193621770685,122.53813577907091,159,190.5740123203169,FAILURE
94,8.685737840760687,71.74808210732398,83.3821290020796,29.140897657437733,186.5447032390609,452,199.03066814107618,FAILURE
44,6.911087425110503,26.16793208968074,15.471433501766894,39.905944109212456,279.57816502668464,736,240.81673674420895,FAILURE
76,2.786567429860747,35.71968037817682,33.29844467849184,88.63745373335507,175.23988022816388,882,255.09001917450803,NORMAL
81,0.256444159571908,66.7299052243961,53.50213816855781,71.65551188922258,168.42456145726226,661,250.21571955288118,WARNING
67,6.313042806207813,90.79814559889194,56.06860407534682,49.44501523119878,229.75894428079596,679,234.51507843836708,FAILURE
92,2.606806910407479,61.38213278198443,14.53486178052192,86.00012208660944,108.55064231824278,230,232.56174805360348,NORMAL
100,6.437875831252641,79.99944010979141,43.88457874235981,62.79949232689526,138.74660989286417,901,205.98899273916112,WARNING
78,9.754359586884338,38.73676333470524,75.30476638020289,48.5222074013071,295.94328170711873,572,191.11534322083278,FAILURE
98,6.452009217460841,91.624889214404,16.809870355522666,11.697631622305115,70.83617321371378,767,215.1169707971816,FAILURE
79,7.051708631647175,24.03438130167544,74.37108609316743,56.35501392013998,59.8428064922804,900,227.28136168430527,FAILURE
98,8.925334291264477,55.89928457695174,99.35647889691361,19.924958143043902,166.03024377224577,738,251.82962142682425,FAILURE
88,1.9020677831427235,75.41655876098142,44.351389736459424,34.55351051975268,69.23684475579897,503,244.1977149095851,WARNING
46,5.308057935034296,37.94625155149656,88.62779754941764,35.17611514404899,284.44004445558033,223,259.38038310211505,FAILURE
80,7.974314622255315,52.76421050887622,98.75462967966101,64.54106888845865,169.16941867502408,123,182.67556319268584,FAILURE
84,3.2103562849648073,65.84883181094398,22.792669730378208,62.673836049152136,293.7819542116572,288,190.33630555418955,FAILURE
84,9.437239498820105,74.47225382870776,37.51824468726674,68.67455630446813,252.03650650340725,270,195.47613421830044,FAILURE
50,6.625875484552908,38.751852952888775,83.00858513149751,39.478447834170154,144.49430931108103,393,252.58729898567407,WARNING
95,7.09536692126831,32.0455650380349,25.07020107717277,83.05519117580687,54.05105329875362,673,233.09469092767057,FAILURE
91,7.647576208847209,81.91370896922491,47.360877350303085,63.73594474133003,238.07190515850252,270,221.68261742063703,FAILURE
98,1.5559374704508067,88.96719596961243,61.473107124821844,34.22579635756081,104.34189551205428,217,256.1810581099196,FAILURE
87,4.870719624395889,40.25634176477587,51.98634949931564,82.17997510734237,39.99436078324729,584,188.68371688408666,FAILURE
88,5.698981749694541,86.86629839925625,50.350516933877145,52.74475648402353,264.04044019281366,770,197.700746904863,FAILURE
62,8.310205400496251,59.10660774491011,30.696580386973395,12.31378132875451,299.36708037140966,33,232.46100263312434,FAILURE
88,9.561647912745302,20.81572052753049,85.68330114925473,12.538422417027007,125.54086299741195,200,244.48433941753964,FAILURE
100,0.7771422597195421,20.036162158407322,65.92755596112225,70.83616791677788,56.76872522537494,610,189.03396369147697,FAILURE
89,0.17586199633077504,79.320863427067,37.75948978612381,74.47911487055431,59.809203740583655,663,189.64886365142516,FAILURE
77,9.899354916431784,87.34545773168902,18.194046839759224,58.53077884108237,297.05765421694946,775,212.03664647189203,FAILURE
77,7.763873657596796,90.92028480435386,99.08634092312691,71.05162089909996,17.8623598333508,884,243.0093172169228,FAILURE
58,8.83419466159088,60.619605551202575,47.19596433924524,72.88237561358267,208.2894352753736,322,230.02505786127256,FAILURE
96,6.548354726576059,72.03289204113793,25.058816733593844,55.1340153589106,95.89396250809443,852,223.89319214406868,WARNING
40,3.3413899534450007,56.23311459273264,32.78224474183911,89.84311465014918,45.35156357135851,491,243.63331909947547,NORMAL
95,0.932007558086636,71.06373695437641,33.22046656549723,29.716403550200912,268.0690692595727,718,240.07500079863183,FAILURE
83,8.404536624726054,74.11727761959317,18.722396808884795,31.679211262946325,176.97752063415976,483,199.8196396411215,FAILURE
69,1.6206516251324532,22.791881070530266,12.108639824594007,84.1313118520051,101.50068266219246,603,231.96619241295295,NORMAL
100,3.1468557198342086,88.69179935657218,80.9832145847914,58.97501567946924,59.13112014897887,522,249.81145721335474,FAILURE
57,1.5486403781122826,92.41146291989712,65.14721036991943,52.47461029449621,59.41540182611323,250,255.19694380039851,FAILURE
85,8.750665678812164,48.960298824232225,85.53028533426226,90.62238104726951,180.5653404462456,229,211.52202504702356,FAILURE
87,7.202865725081833,70.36867016333593,64.74513665398348,31.846065499088347,169.99577499816527,17,223.70660406207094,FAILURE
43,3.4297187654359726,89.05859264009715,28.877183129832176,88.9197211986461,231.32350702625936,522,253.60544353103856,FAILURE
81,7.4101449715917,47.5901106121411,95.00169506308724,91.13469617817707,215.96557839257136,788,188.063432602837,FAILURE
40,5.676196513873979,77.66806077527241,30.070076425625444,94.60288408177105,142.8011632024095,184,198.4331467416327,WARNING
58,5.931499079827423,81.97299703375094,82.61290420720385,87.08300668939961,229.84625139292828,141,230.97607030827777,FAILURE
99,2.93127885110036,30.66305277897301,35.06319047088297,41.88337259136388,122.03505760345995,86,213.13787290997766,NORMAL
61,4.006453651756807,75.39639247676368,54.650078311165444,97.11919722305073,122.13581941420966,944,242.21396477215131,WARNING
59,2.2181586068596495,86.40600820904173,31.760965839925206,19.11825029673331,147.82976515905804,496,252.75174232350517,FAILURE
83,8.77459877108391,65.20297701759664,89.45026581881957,24.86432177709039,97.1525048258735,51,182.35509094629293,FAILURE
68,1.8539153220709559,59.671007072054415,46.12842940639716,47.72337097365305,289.43428967767295,671,226.0419228897684,FAILURE
43,0.714935390686553,27.548950798276415,62.085958669353396,70.09221916753268,186.09779271910708,209,221.58819959837095,WARNING
80,8.354510073115737,61.4733480918822,55.86022261639666,67.40564536366274,40.01865184364325,233,250.09126170964853,FAILURE
62,0.023999146542222904,78.356145067146,18.43762015452447,90.07398796579994,50.22555579322686,462,245.06878911736283,WARNING
73,9.242058937372505,32.99399507752963,59.38802445041667,43.24892965052407,125.09654728671354,288,219.44820151774786,FAILURE
71,9.222308644897607,88.62722854983835,59.495106730503586,87.85112325316058,127.68598415503307,472,251.346780413719,FAILURE
78,4.377161761883195,83.37514305553582,91.0014724206638,36.970883127831584,119.73685211781445,82,223.1021351158762,FAILURE
80,8.720395196750887,20.017082523718155,17.60457052422589,58.156998215995586,168.53059103158435,386,246.61508599178055,FAILURE
72,8.353249669773565,78.85687371843608,96.27100875430939,96.48657584207285,123.14909714648412,504,229.384715858353,FAILURE
47,3.9189313740243903,54.97751638327968,38.62691148063223,10.173600902517489,62.209651031648576,531,229.23464516275737,NORMAL
87,7.755202615377589,38.562934897760655,31.526885822939093,97.26298969325603,205.83828193590847,273,210.5219128005726,FAILURE
60,0.46911345547240413,69.7341277587232,57.59984287482693,47.5658428355458,258.39645986654784,172,252.59442594265204,FAILURE
64,1.6094791518004081,21.695565903226676,86.65851231998082,36.3362371418992,204.29243561382157,537,232.25999583574793,WARNING
100,7.14150282421717,22.691428550651093,60.34064878944733,41.53251702618475,238.22489124697034,936,215.57737594610518,FAILURE
45,5.36035663139441,50.102183127230376,29.002028337246823,66.66691742149203,265.23097820544325,116,259.97854788748043,FAILURE
86,2.926972434378875,43.78008404123807,66.42176641068954,68.18234100260378,207.81538780926297,291,208.81185543151668,WARNING
95,6.017455476027993,94.52522454353223,26.913991602533684,37.61646867220228,29.12951958877109,645,259.27880771998844,FAILURE
84,9.843619463720607,46.16930864476909,74.8438156052583,26.214312881475553,216.91915145140575,431,243.74395429930993,FAILURE
78,3.8162672854981707,85.3311867605545,62.805838227071945,79.96602707774377,291.37624384796175,392,190.45412411631955,FAILURE
58,2.484767794567712,22.543928244733625,47.17932221780394,59.52069285630812,231.6537733549974,941,212.97297717515048,WARNING
91,2.936629480758046,87.07332626368715,97.22567739955257,20.612692290205118,219.88127751152822,505,207.2696529920537,FAILURE
100,0.6398432795007014,52.956100838648595,57.688480255998776,12.88971068300241,165.4949767150351,637,256.5866739679785,NORMAL
40,6.853456197986407,70.69893917847388,74.8832106686944,84.34004671689554,205.6307376100587,194,242.3762760457973,WARNING
68,7.5667220812761835,94.83132142044978,71.65949637658784,65.44377833143969,21.13567599379559,360,241.53251765769122,FAILURE
84,5.118477980583781,79.50914013488358,63.244718173759615,64.51790214492814,187.29663752909482,50,192.0163905950221,WARNING
50,5.923708656067728,22.29494781349427,90.30931274904252,18.64705215235248,82.56838287672166,610,191.762196282645,WARNING
40,8.553888092925828,57.83631557078495,59.10380325975806,42.91486843321635,159.13673617115805,873,180.84195618145287,FAILURE
66,4.026013709258356,56.307503039194,48.55281639508952,10.903276457722196,98.65987417818724,138,203.1711017512374,WARNING
100,1.470789926945708,87.99158797397914,92.47265092236276,45.19690082962142,191.7646545506134,840,183.9558439934962,FAILURE
94,7.951237360868346,30.996519354814183,81.69369864249933,89.68458312215196,126.2360554706005,124,234.77020981228537,FAILURE
97,2.717548160232597,84.41596428303585,98.34785697815784,19.87605192596058,217.62328818832046,463,241.07450103129867,FAILURE
52,1.575905557482361,85.97517583931452,93.9204247873888,98.73698575805784,21.678979402332363,124,224.60696801674564,FAILURE
72,7.6914076570944045,38.122485729565824,51.45028576447878,23.56090713832637,298.10320288575144,186,226.84801650987004,FAILURE
68,9.238771865478896,86.58826241602172,22.40262445351276,93.02818143874306,79.08274848010042,507,201.79758354237475,FAILURE
69,8.718384985284612,21.625260401165317,57.27538888950195,38.9834554920705,172.81561127406098,215,198.04375895439532,FAILURE
57,2.7733981825071696,75.27876890363697,64.76127449417476,14.303321778321221,36.638548388170776,483,258.69387325438504,WARNING
90,0.09867017050478766,31.785243725856382,52.70433860100834,38.28277177860686,248.5804121293383,607,226.18577841579005,WARNING
87,8.406405499893625,39.084842634742415,87.30364320809339,81.54460028841017,246.2977037169531,961,201.2581358795192,FAILURE
75,6.757662671383607,89.94132034099296,76.57400041224156,38.06016549242676,141.41287094101523,647,211.0193477504992,FAILURE
84,4.986031375267775,55.048941973659645,82.50483716118484,65.2433240707746,282.0305810123213,736,233.5172035618502,FAILURE
69,7.277454318148432,41.7598064786315,12.90471869895318,25.533904063726062,106.63319727947508,725,182.54500913167837,FAILURE
86,6.464956083264484,60.12332848574159,26.543835867120123,60.85342080375941,114.86322997659359,202,231.0350701149497,WARNING
70,4.530042922483099,55.65969169665977,21.491895470023664,16.970288347875147,20.169877235242456,154,180.73894428546353,FAILURE
58,9.732537298143683,46.80582755602878,46.75412475380181,49.186118851959634,205.9602737631518,694,247.9488927035813,FAILURE
60,1.7288369601987208,30.197596011634378,21.88600639787488,20.595037399566557,236.8802905201189,204,252.00453062786264,WARNING
41,6.05348948881193,77.11281369630045,18.208586300327525,16.855615071603495,22.41465142710107,982,196.84983184784417,WARNING
61,1.56818629608246,49.76558971308093,23.713600384297415,56.24951651173526,108.06722225828955,165,206.55689520662358,NORMAL
54,3.8355688755935926,86.79889445271947,79.27242349904144,16.927702999017704,194.44609353765793,51,230.831723457059,FAILURE
45,9.781598904203774,60.70515732668307,14.590507079751212,29.483563267058145,171.57089516549766,177,188.26020990968198,FAILURE
44,7.4021707999606745,73.08066921428122,10.984665916893599,41.64947455041011,282.13212094458805,26,190.29431128001738,FAILURE
92,4.759914981200754,65.98056812688844,81.32186796323109,67.65333351690283,218.96180046919937,566,251.59499554629937,WARNING
44,1.655758302210486,70.4869449339773,98.14296162579593,71.00511260878744,132.86764492806557,467,180.15504509896908,FAILURE
41,4.449952706964586,62.3464342192019,33.01942134696744,66.20624437198646,256.9194077527297,959,199.78380951494134,FAILURE
42,6.384214629455806,21.109404489329187,92.02991997868516,26.822976831834993,280.4256767313158,331,212.9354141287941,FAILURE
100,0.768683631388154,21.171304030913348,52.52642366978122,60.07690158134192,139.1682609122759,598,258.3668208281921,NORMAL
56,7.886190796326426,30.63457868106796,42.13304140807071,77.23992592438209,24.418177374639264,852,229.6785917494962,FAILURE
75,7.383348103205587,69.38238932467436,55.98471617164032,42.77378464484764,214.65388209515083,745,258.87217426572283,FAILURE
73,1.038094731431749,28.63933845887133,11.991820077211443,48.87137906182935,293.2565528424662,402,242.07986187288458,FAILURE
44,9.833539722037468,88.8326610153304,37.85727344491572,93.84507201619145,149.88682294795566,927,210.1980138669958,FAILURE
93,6.950249648962114,35.55225311776233,71.51753803586149,35.534391929708605,116.97540283002411,326,188.09874154519613,FAILURE
71,5.957067140932696,79.64234518168065,89.3942886934726,60.31803852425891,160.29889948958945,766,203.69809980547262,WARNING
85,2.2390726742806075,89.23082563690876,21.67259186875787,61.60090076761563,18.769467446579363,962,250.79871095406781,FAILURE
70,2.107948903721778,55.471559961589676,39.29026858296179,93.6828137728051,275.6419939504064,43,218.8610136367964,FAILURE
66,6.75456125889237,74.28484364519957,72.22288108551854,90.86555246728068,199.29249314446773,323,259.49042169465156,WARNING
62,5.352563354775503,88.11508657740283,90.65133527444324,70.39017172612029,222.29671455885455,415,192.2947867346304,FAILURE
67,2.9513908551960375,29.26952495725783,50.5972907721224,23.698585062885847,289.72277003171985,622,226.88535305972542,FAILURE
81,3.5390512786337833,85.83232675591019,47.00577977542467,25.56352301983317,232.8190256238282,694,196.8696492457529,FAILURE
56,1.853325306867809,94.08977715909786,23.328742152503196,77.4430535281609,1.908355035390182,620,218.2960762119447,FAILURE
80,4.754088115185061,59.47138240939429,77.69573639563778,16.131784509130114,19.586931697422287,844,248.6263555707228,WARNING
52,5.8785475961107405,83.88057145821679,38.886177517177046,81.00948309428543,99.1915369260329,452,213.41237395219224,FAILURE
43,9.932625236927212,20.29346132875461,87.39647648769,98.86102564455503,273.15939166271505,524,221.96756665237075,FAILURE
74,6.1835854124549625,34.113007782319954,15.000451724883222,49.13579582678161,38.868185433586326,356,205.3597242696968,WARNING
72,7.5366552574326775,39.47132332850748,44.53558762958265,57.687264578903175,83.825368729786,68,221.89487358970703,FAILURE
63,4.8053574644204,40.83573401001241,68.11124047000567,12.048163860543871,268.49781213312696,708,255.246959989261,FAILURE
43,5.192918845007314,56.944164892762124,97.98799200450712,25.213200327358486,74.60318505208899,459,232.4199406423105,WARNING
49,6.439070307798287,48.1711575692362,98.24866502100085,27.981015525550408,48.64630953196619,292,194.2932518868909,WARNING
85,3.3680530671710143,29.904529434515837,74.79516745133152,75.19475407064847,9.013363089310026,68,216.14001256413502,NORMAL
60,5.189798620894538,90.63460342756167,74.0851064683925,72.8977057586205,108.40029117753015,320,247.74438219467436,FAILURE
98,9.871338931402772,91.22140537174623,34.94934360935471,14.24459786324141,203.01969939247007,136,255.10721437793688,FAILURE
85,5.218266206367401,61.67167967550595,38.052031379158535,45.33136235417376,9.955118387298414,90,231.8717708555594,WARNING
77,3.8563423589542847,41.26067834470379,20.54667439737854,71.0885905580638,170.5706909964784,542,241.0961705672634,NORMAL
95,8.072973572581565,40.46252476728629,61.418322132276856,81.69550461670747,121.09120408620863,931,256.2744191447912,FAILURE
55,0.9653269382914953,30.023307178141266,43.098843377760446,54.2849310176446,52.1251895269739,883,220.18429938660847,NORMAL
41,9.83367659650266,84.49959531994432,59.21192226261936,91.02210332394405,278.2896514516877,145,180.0178102960943,FAILURE
43,4.954647358403873,56.978754103647546,29.62766807106678,75.03360531570173,114.06563526600715,593,241.0937544264532,WARNING
100,2.789402711535854,64.02350876320016,27.37822513762534,61.249316232675454,221.72268519791277,574,248.7131275968136,WARNING
41,7.708579781181626,21.615547194139054,77.08130904433257,71.6048940299267,153.31045080437926,878,218.21568921234484,FAILURE
53,4.0237408417476095,29.1668927164498,34.62932746488021,21.915146064925825,142.4413700121408,526,234.78097387660435,WARNING
52,7.667797685204589,21.687700269630977,69.4833388242333,46.11280957090558,33.29618835836507,513,258.7541430154812,FAILURE
89,6.845642773969288,59.03708474989256,74.26166489730305,53.37366594214645,294.2635908793168,34,220.2110776126444,FAILURE
89,9.686427967453895,25.542202238642666,12.212675475226455,36.40039303545453,229.05693213402375,198,242.88268451807764,FAILURE
47,9.66290604698537,69.26805818863497,30.722170512083697,28.763545908560147,32.84481018525865,916,199.28438081378474,FAILURE
91,7.092544828052185,72.57136143128729,44.269152251669915,15.561879881568256,38.53725352050237,49,231.7552448708813,FAILURE
59,0.3080194011976356,64.32227376622153,45.13660173154502,98.48329636034812,47.75295660821534,615,216.22842350717448,NORMAL
85,6.5516136868583255,84.12053336767968,93.54295398980854,69.98854777023791,34.52708442414543,870,248.61137257720182,FAILURE
51,5.111934151011075,33.87866027754243,43.38015649249216,79.34454201210848,174.51646285213914,989,202.03441487651014,WARNING
62,4.1946473181955195,59.43982628212852,68.73512927792754,75.35486259901266,29.82522271172092,189,258.6338151311882,WARNING
62,4.915419644153789,92.1534338372926,55.29965849950822,17.804026715977965,39.736155674705785,105,242.47169771704876,FAILURE
91,6.60252301840821,85.27452816052937,10.742785900513052,20.814015887588475,113.30407708934868,396,234.30380366068545,FAILURE
74,2.919320970043142,39.203607946297254,81.30446729873174,42.940247663440736,79.08017926316664,938,243.38206253987747,NORMAL
55,6.361069324732506,67.23929284810994,72.13359994255804,35.24597947425633,81.15691074994598,92,231.60126435641158,WARNING
77,9.915752079038237,41.50819094043996,15.06209260444637,42.85492012815201,6.763345638563384,57,249.72030930024982,FAILURE
85,3.0251690026648936,67.47379321309842,20.826071889213495,60.35614598336284,223.02051217810458,197,246.8486952659247,WARNING
43,8.03109523398893,27.195345928109482,14.407593693265813,23.24900284920306,202.12789504877247,73,253.52056723872846,FAILURE
60,1.2336143932114618,68.58544234286134,76.60144737857274,40.53917910988657,268.62188370084755,994,250.40372897604243,FAILURE
46,7.471857052398709,60.33139522648345,73.40356787654386,45.40120871262673,239.90764042049048,955,247.16961945498684,FAILURE
75,8.785077763738302,48.699520031581514,63.42604931246342,55.12724927958295,27.631025086214425,1000,240.7498964661032,FAILURE
72,6.683146364522994,52.82503561966811,86.02398941379799,26.187118102782353,21.077954815613264,628,251.57233604649005,WARNING
47,9.100303633002742,82.14959412509086,10.808341011153132,15.730019810696701,204.37253709275424,480,185.31879799405087,FAILURE
92,1.09120338821323,92.28471689879561,65.5718378507532,78.36117836575096,5.229567269975934,757,193.2727127838346,FAILURE
55,8.730133929823658,20.434262067878326,41.62654023441049,33.6941891544228,269.2928209672657,349,247.95130011488916,FAILURE
90,2.6672616037491803,78.99589508823973,56.58546557467568,17.219167352920742,120.91316002390276,767,183.27457725020665,FAILURE
98,9.081118436953785,86.51195056939622,54.368954411116675,49.165996688474316,257.68476756806916,292,240.36121138679627,FAILURE
51,6.796828728108659,89.99882080042612,80.0306088627665,34.50474890789957,91.99709409781963,387,216.89312378511144,FAILURE
59,4.79353769365466,62.76782366902163,69.09024873255254,19.976909550590683,186.49751625489088,224,251.1455760900883,WARNING
79,2.849403636991379,90.83024838925161,60.91532723681928,87.66778636822474,174.92631814712672,208,190.3348606355825,FAILURE
96,4.38016663135603,94.41875222104709,63.424842502402946,43.21098255555643,248.58586232613573,749,251.08688959909924,FAILURE
42,3.6879167673100834,49.52271855829747,54.88912391973048,61.7360152634102,57.61023916953625,847,203.8461848589021,NORMAL
79,7.260000496745244,79.84582667323167,91.52125396130475,70.60321482645436,96.11559763196168,854,249.72007736394647,FAILURE
55,7.825133921843699,31.644895512462394,70.92853086279058,56.74488779459054,156.9196403864877,102,234.86961687944893,FAILURE
69,0.07912341521408961,65.14017308632837,43.0736359881828,97.71065072144091,31.203812751799056,260,258.6342549728788,WARNING
88,9.561976569688358,93.09913067334887,49.0476057463601,42.400451087592835,283.91190683545375,27,204.51863676239904,FAILURE
79,6.048836713664871,32.70279484429536,56.87527184535693,91.63654061889054,141.2759769364973,694,194.20092387974327,WARNING
44,2.906846713884248,70.01146751902814,48.4816277255699,75.28178832405956,204.61456974175775,940,187.0692166892583,FAILURE
74,1.9722192951609874,46.279178626734385,72.63255493823885,19.09873723531056,40.80001050291885,996,215.67025933337953,NORMAL
71,7.43927149060191,40.668958296538534,17.306574608580767,59.891766729331714,281.7283449620047,297,183.2485615623226,FAILURE
68,9.759204275402247,21.18371887313402,67.29398869388686,87.02178989194469,292.1993271343222,443,180.5398656664397,FAILURE
57,3.12928720975005,37.11631905950079,61.326725639497816,86.74570530678798,86.5472916289744,959,198.0003424510014,NORMAL
94,8.976332184182985,22.08115416139033,77.8648379168942,44.96748857795165,83.17242359512578,211,224.73805974413347,FAILURE
53,6.027336035088231,31.96515965395384,56.65427379103348,18.291558173926887,233.79321957124503,80,203.74301688282193,WARNING
73,4.202495816462218,47.717560944864324,54.10314319684339,47.23408186477126,111.93190608977557,830,242.24160643441763,WARNING
52,4.9005853833131425,24.747179764089253,14.555220500605719,82.1450700667343,143.75820376362796,803,206.17470543565813,WARNING
53,5.6936780457717315,51.9998649632105,29.549324741838063,61.049217417808755,246.07035931642463,286,184.38476975601728,FAILURE
99,2.160951181379731,76.26972568314744,92.2930809377245,53.813306869102234,71.15600279915053,405,257.21854465145645,WARNING
93,5.646604307412398,72.0542582183527,24.04416836914151,34.24490768970233,213.2845612137514,22,186.90816824585949,FAILURE
47,5.0682197586763635,39.32747799461047,20.30598187329589,50.448343559348366,228.30149165066325,265,236.58118529731536,WARNING
79,4.460774998565017,63.012169643522924,91.33717562913967,14.744466762536256,166.4415146100471,198,244.62454526429076,WARNING
98,1.3665053020340545,50.42205676722803,69.32386355618823,46.40669428389541,19.075084771326612,312,255.61178697644328,NORMAL
88,7.081634645227669,55.91030991886994,85.2361953619884,65.08190041417492,159.4965603178099,267,195.5850296141086,FAILURE
56,5.581071196100473,73.79433050432658,80.65349287946238,32.76528388236919,212.6872298810505,61,259.9996987589931,WARNING
96,0.7363572264220364,45.057660478925825,75.7375117447364,12.469999312966024,152.5368298220041,780,218.47167981510387,NORMAL
65,1.9473493061224645,60.57587013934379,61.64897351575662,57.46147619185718,209.1900438315038,986,245.87841275862155,WARNING
91,8.568921184526243,87.07932774996245,21.310108216999556,23.321509481050775,11.702104917208878,447,208.53567407522473,FAILURE
43,8.42719409018158,36.709133613428556,26.69199066993614,34.79968543331147,20.3226918488993,672,203.2387390268732,FAILURE
70,4.760697196258452,92.78739493743021,53.46703865482996,99.69786187374235,297.7510208369235,162,237.76388457514756,FAILURE
91,9.247225827379074,80.87267526769162,43.8140356955138,33.2298190011091,2.134188821995269,732,241.36181653337655,FAILURE
54,8.514580945344798,62.64532549237649,74.46916561815945,63.8194641263914,270.0759788579552,562,222.76735116404677,FAILURE
68,4.934187939410984,37.53033540604273,21.678231878046518,51.24025211318469,233.9614753677839,913,230.47573148012026,WARNING
54,5.9649281227702655,31.009796734622306,60.70029490609512,93.62841753330514,63.12570734049886,814,236.2049966295518,WARNING
63,1.3700840144616877,34.44123180279422,99.88532987427222,32.78999346034898,122.34099099477177,870,209.47556195999636,NORMAL
40,4.177525611546553,69.48491571159887,59.667566596077904,50.20578264771061,258.9232098012649,768,218.22328773297926,FAILURE
41,6.266160440837241,47.38325644863343,69.84164195427977,41.096044049666965,164.7785258802208,684,194.58236234683176,WARNING
69,2.211884724277894,31.939713128068767,77.84612406081655,28.835490104396357,270.5876106838969,252,226.60472726526268,FAILURE
88,3.0388382666699765,72.48097938097337,54.552121197792815,61.77981636015913,59.59497909853796,358,253.53839151065074,WARNING
99,8.824923173842038,43.03179525029547,30.79360979593905,46.50445007971593,176.3634404792658,830,218.98965200689355,FAILURE
65,1.4635464773661555,21.88746501455038,72.12641430811847,37.178887734750305,220.59124151606355,550,258.8766986030003,WARNING
53,3.1778366155591,87.31873333473291,28.43966239602906,63.48308819974512,281.71796755194055,544,202.48300277983128,FAILURE
80,2.7316995013065015,85.00012115089267,70.48049471591263,44.91645903013954,299.58090959382724,87,206.378996029739,FAILURE
87,3.3678079953815656,21.935334220744924,93.74639511033314,80.04686509568691,192.13500040150674,397,245.30681641271508,WARNING
44,2.921845898339208,59.30316949246958,53.12427365403775,98.19963762028132,71.88335197849456,619,249.90488130689448,NORMAL
94,9.003782316331645,21.779490942968586,34.01344245030299,94.95368373961198,146.23543851134124,81,242.26335848951845,FAILURE
45,7.9728310517199095,74.77584126187622,82.53299382277079,94.71626541207173,24.30771068665145,943,228.08701498299789,FAILURE
98,8.942366183860852,22.253551416750515,34.33573739605306,33.98275505661325,74.99306638312058,628,257.5948882790874,FAILURE
47,3.573533394868461,28.5489473003988,67.86996150969571,55.456369912495106,89.14392531163622,386,211.14826341414457,NORMAL
81,5.8158023440360616,61.148468890248765,41.06657450369742,93.46182031434111,211.1084483773683,356,206.57938359033233,WARNING
49,1.6319315113192168,94.14053542237924,49.27548762352458,21.89927406132385,42.57676240322094,863,188.6868569891824,FAILURE
42,1.761410382192261,29.882769326280588,73.0347802279173,57.10964412380851,79.80179954463601,904,245.73482291191974,NORMAL
45,4.5378490860425025,27.257219607160703,20.988035947617455,64.31926000000027,92.86270993286136,49,228.2452430667976,WARNING
53,2.369058028488059,74.59068513384237,25.03618577818032,10.617211627092896,263.3765027801712,341,243.15580858992817,FAILURE
93,0.848248914687697,51.91659213888527,71.53810680024684,44.27058294332773,30.68395949699108,855,246.68069878361547,NORMAL
82,7.582469889052401,55.84127622126328,79.54253136057615,18.319157121473435,210.87871570684254,510,228.68135081960332,FAILURE
85,6.155588099222084,57.92504383652502,70.92880988349748,41.78874028734626,82.64017595044173,371,212.75471213748577,WARNING
48,8.355252572954319,33.12575487627085,36.29665852677571,48.097504312953575,256.63956594449525,256,225.73362472061632,FAILURE
84,1.0713588390190676,89.58011060812551,68.41629145069595,77.4294678453794,224.81772503961471,66,257.142349673318,FAILURE
52,8.631210478027889,49.74191335757355,93.34352957534648,28.459565837441588,200.8855848059862,998,191.91187722991714,FAILURE
85,3.3732941633137834,52.54646186008561,31.344228134007327,86.87948124797595,114.73027148803685,225,238.07780350558596,NORMAL
96,4.713012858260479,70.84232128736389,80.18176120919304,67.87183666856103,109.70913876788002,282,209.50052172132558,WARNING
57,2.3024042846413995,26.121726066009238,57.67529847179951,45.141784772011064,204.02173885907942,876,220.85612702216147,WARNING
50,2.4291468017380256,24.828900829331168,69.93240604727794,10.9055795027262,104.37674249354599,390,202.89132439198443,NORMAL
60,4.182957255997829,58.67165377190552,12.766650256480165,58.02475972165593,89.3394739171531,489,255.01576946037045,WARNING
97,1.4191708349190602,43.670624836404954,84.72659855966188,89.03587111437876,157.52488612700444,608,253.0630793436433,NORMAL
90,4.343211964300162,20.52098468006815,12.417042180290476,60.619661310635934,187.43820184052478,186,252.06412877676541,WARNING
42,3.6310718148282186,71.04737029959152,19.55542921648304,87.43131477310904,61.676457376991124,740,185.6623373592052,FAILURE
80,3.8227492897890256,36.11388435686169,65.9238542603766,21.9565614265348,133.2890767022836,403,236.24372277451135,NORMAL
47,7.986030281385977,49.72574232050195,46.466997544729146,89.11614693150848,2.692443593784133,413,192.690584120726,FAILURE
90,3.7855510147226648,28.281560210238965,61.44414997830215,57.433105929649145,133.23382092444552,891,216.9911710186714,NORMAL
92,1.7691633326739786,91.38207058016357,37.72823005426625,48.97401119850722,83.35312390214216,82,184.13036535494956,FAILURE
95,3.4384250569593524,48.499863217205956,15.505623658484739,90.08890309677318,192.4377749808422,938,185.39602532306043,FAILURE
53,3.9992909153613834,22.023366125092316,86.40808328695651,63.444239640517296,81.42612436802811,400,256.73467751503074,NORMAL
93,8.472026292363834,43.95264304062469,25.977838292788107,57.01916241149499,191.4375415366581,842,180.1535026392776,FAILURE
50,4.760342505368199,50.39900768266713,53.43692840092245,14.321034741190694,241.5034795838753,915,227.85918812157254,WARNING
82,7.182322131659072,32.39620805254488,48.35859598603547,26.218069192432996,262.76837098415547,283,248.30391427915953,FAILURE
53,8.692451159022495,73.79818718893053,66.7796238247884,57.34443752732598,42.764478021137045,895,259.0932144655152,FAILURE
95,8.92222522936166,54.662235302415176,10.842965177643718,91.05332346574674,285.747622708763,828,213.38328331517238,FAILURE
76,2.0101592056925877,68.04940079283409,41.93053744933253,48.14710476316287,44.71287364854188,399,185.38331321778122,FAILURE
90,7.137269851730719,50.34291105894452,96.5646215403,41.525495485234345,95.30409267955096,785,197.70843637190677,FAILURE
80,0.48778535565318304,28.022774641716254,43.81751143799229,71.66414894127794,275.5939184768168,631,215.31003253997446,FAILURE
53,4.043560642067395,70.37944049344199,91.22668898794069,11.622379710405133,43.70397532769822,402,241.4932644188331,WARNING
60,1.0741562924666104,47.57356477364846,28.286908291246675,79.01150076092358,135.9871368811216,442,247.3879916590738,NORMAL
100,5.811262432723612,61.20327524623531,84.30309956982256,80.16849560393902,36.10608190271433,639,227.54038920997147,WARNING
96,1.9552315109786134,28.990794274294352,92.4470334320927,36.719468850713945,177.60640039179933,537,182.07670306518222,FAILURE
43,8.118988856349842,34.40333078010744,46.4915057202691,52.54186212706255,101.39929739587625,259,259.12680002265535,FAILURE
77,9.845431668297202,45.25518281587759,65.92323888956943,58.38432712329852,37.049702460328454,158,250.15588912861486,FAILURE
61,2.9426330504232334,45.03269817361024,42.20192730710721,76.29298920090622,273.3517005044599,111,180.58495134004772,FAILURE
62,2.195557763519158,62.333872613587914,10.446747617947054,10.923108753305883,94.41716370848324,978,196.46272451858343,NORMAL
78,8.225890668955321,58.435416002441244,65.27333723232017,30.49718720410815,275.05803689786745,999,209.6445231014419,FAILURE
86,8.83683008836579,85.81762963318639,81.03325972315491,35.537721669052246,284.6001189222359,982,192.57643136949838,FAILURE
73,4.932039015650904,91.95154071036988,20.410543915281057,52.36383756334871,18.72362340870782,109,201.09396566107907,FAILURE
99,9.132996623704809,74.38200382837773,20.833290323923556,17.035881409060742,249.78707446827423,381,195.48267683604394,FAILURE
62,7.682330060975663,94.54086852328692,98.03500370770124,33.03780556587768,217.6173045694968,175,221.54330351420924,FAILURE
63,1.8404769731422344,62.37659496827729,51.44185141345319,19.795832627417376,208.599750939351,428,233.87376717134515,WARNING
83,0.10052163441425677,80.71209563809177,35.5665471877287,40.22426691235198,217.11189723521167,473,207.94107557196386,FAILURE
78,2.5455142021564967,54.04978786670813,62.50216111572132,67.77858344721122,214.45023177474454,107,217.58704440876798,WARNING
90,5.590920808281591,28.156397022376183,93.92812056478932,58.20268698902516,238.18062456328462,834,222.12479709024208,WARNING
51,1.2194534979829375,78.13391334499804,36.99131225250446,24.7256389264005,239.1243779473629,554,181.24062208490852,FAILURE
76,8.100307203474257,51.01272821444847,93.43090365956043,52.57317050687095,230.84498917263826,199,232.37079315258325,FAILURE
50,7.72462656408922,69.84545989155473,16.945725932810916,74.34574055637191,81.64645311246174,288,181.5000093229551,FAILURE
76,9.958185322796556,29.14084042221389,13.120978493952329,97.69373586327333,191.14298828252032,323,222.03315966163683,FAILURE
57,6.4751734787459,23.797539700266938,70.88589269307363,84.00877184816866,265.5336409400684,674,201.12340715286734,FAILURE
66,4.51446912171326,22.964555925801925,83.57348537456065,20.29006423359396,62.27010184139031,657,214.42821026992482,WARNING
93,6.054254359803604,31.76243237831134,96.7898436300107,26.451489745674646,231.19682032246217,161,219.77125162365456,WARNING
62,7.396097942037905,40.99408258462293,65.25464072608054,84.3545257173403,61.79484284606109,662,200.86651691047015,FAILURE
40,3.9772342243223227,83.60545654052392,31.8642747850047,40.46000020390497,3.253346325685843,33,225.4276700945613,FAILURE
87,4.986326546124664,34.883175149831686,34.4892862478582,72.03604826196072,39.33939136156232,41,247.09256329788846,WARNING
52,5.3919830628137335,59.47256485080807,43.19358673195776,65.36137423568343,128.63706421814052,657,248.36650316486288,WARNING
64,9.570917105537777,39.865740587009,77.52857344090755,67.67199109571283,146.57065228060537,795,209.03349936079405,FAILURE
77,3.900636138705369,41.07443808719037,29.386422226143562,17.10698277463751,147.8178657912208,475,209.84588113303363,NORMAL
84,6.780449181538984,24.21120648383141,59.35515980640839,78.91812044739598,31.122060763107136,199,228.81899363128207,WARNING
59,3.841348447821443,57.5626136878231,72.50029526604612,98.95315947294947,49.32281588965491,171,223.86619101820082,NORMAL
72,6.2222521282299414,84.42212541070151,69.68954072247199,70.68201281730987,233.90385411343402,35,226.4334702805665,FAILURE
44,1.0682188462421982,62.85736887673847,39.76344806496351,22.740059116551194,6.965209888734841,222,250.2259154819024,NORMAL
96,7.282287239387402,53.859964692009214,93.3576674621794,92.61144315136679,203.62875747716322,586,217.81987384131287,FAILURE
55,7.614107049692817,81.92213336905544,60.28344727118269,14.62488329847411,235.59465523439147,973,189.78430776966164,FAILURE
56,4.631966706504052,41.006219872773684,58.92139154654113,14.119002618602961,188.73280455516505,37,205.1744729730841,WARNING
58,4.433504825631182,39.96520940000345,39.5709509238292,74.7962951083702,261.51431204614386,879,230.4916866964644,FAILURE
67,5.066891095768941,82.65797488232778,10.656311157735749,88.38640575964632,148.0610657713781,816,257.4344120627561,FAILURE
81,8.592817249884215,24.44955066746911,73.09229611767503,86.11339700691362,84.61995052063308,817,202.1025292084391,FAILURE
51,7.143144650899087,37.08522224037049,89.09293413883222,37.27312185393805,230.2115059325491,179,218.211574300874,FAILURE
58,1.8387053924662866,88.5896077979146,57.29949113119786,58.967719231763745,161.70952959897994,432,223.44477516141467,FAILURE
82,3.2729921710211576,44.922416775358926,76.82747376288661,82.31789659537817,278.2452711639456,836,218.73962544158007,FAILURE
80,4.948619679333688,24.1624552551567,55.26030596896528,64.86230113884051,255.93848317585267,907,187.3188587731189,FAILURE
70,5.666585565370604,20.89281686584647,72.45538104068712,71.09948778239618,130.62017283926693,441,213.97020667315311,WARNING
81,1.603171187380833,49.88440545845171,51.05652838748212,16.008912198650638,196.50673954057052,541,206.29123309914493,WARNING
89,7.786909928162843,87.1782907335747,73.50042647491118,45.594185220514845,234.87250887495549,648,195.788356397857,FAILURE
85,5.193398915957857,73.66434895559685,97.5462264337703,33.190760560755294,67.8197171519628,186,225.30914802259196,WARNING
75,1.6582618176632358,20.099750683960657,21.11686368062889,35.527655255513196,204.77373784328248,361,223.8447401456816,WARNING
85,0.2724215746616654,71.36387576928865,29.92627405654669,37.15103524393105,130.35448007793764,309,205.80355209527303,WARNING
81,7.350691913231958,61.3337574707919,62.754536611145724,76.74550422994437,267.80212246546506,79,200.63863622878455,FAILURE
86,1.3298874279736084,22.7011142523085,64.0408562335701,95.8179110142027,224.37341470289806,929,227.21667248236272,WARNING
79,7.858522145701741,67.3011995866862,34.69461774205833,83.88984423381935,81.79537000699129,802,205.9779880059636,FAILURE
86,9.38152528052479,91.8788920274315,16.345878201540568,90.93187455481059,112.52768273035828,274,222.9986479445153,FAILURE
93,3.75741433575132,84.00883019757634,50.730154575482395,44.11465852249691,295.48316111133784,76,245.32828467546562,FAILURE
71,0.0002804222880437024,61.93960224975249,12.364083333820265,45.92607321027333,1.5267463004103727,370,186.98569304758593,FAILURE
42,6.441075949845457,91.60936293622996,19.90567151041798,81.40125800209081,242.7336129817611,877,225.2495280689597,FAILURE
88,5.013441148345594,68.65096371681524,84.19706800941454,25.1698089575672,53.90139845835056,175,201.1717571965676,WARNING
70,8.668626797843855,31.567188160557613,88.316403972832,81.3688666057026,156.25013435774906,177,241.23393621037948,FAILURE
88,3.683964515945062,35.25798264884588,22.979390503419964,95.04646823282319,118.90665280199829,705,189.9297701562789,FAILURE
96,3.694619875932169,50.84783389642366,66.580778282757,36.79920044221325,293.7925565999171,783,231.09070964942248,FAILURE
57,0.8143659198645714,36.57917019432847,53.85350914257517,35.79244843373467,35.58681778776639,209,215.03987133841082,NORMAL
50,6.23823765872468,73.13143128255521,54.50730947633224,38.00041722135143,45.07613923845693,399,185.42054563375947,FAILURE
84,4.666542339229719,90.95978470128105,66.64376087495675,48.91868438005661,88.87563623753596,243,255.32754136366916,FAILURE
42,5.665938228095122,52.93402072755162,23.889962977619078,93.35793373718244,234.96956304814867,597,193.71807272292216,WARNING
45,8.456851947428538,94.03264782320795,41.26557475803638,77.41951414631905,123.5854194209522,521,240.26002951545593,FAILURE
83,6.095652989766954,75.74722065045702,68.4913347411451,26.239339059953824,261.06507613089605,85,209.90462865271252,FAILURE
69,7.9965435668605425,34.778012371472045,92.42611224235559,88.53830883550242,253.4941329773916,771,209.3419810906538,FAILURE
65,8.67813295938909,87.96334388362935,84.26784511146909,43.27278670376806,99.84373742921227,985,202.32134033782017,FAILURE
68,8.91690806345255,84.99598872959221,88.05497101335894,99.94970949320889,230.62113715348855,527,252.37727419302382,FAILURE
95,7.19298664456538,53.3807517031628,33.75708100130798,19.60020852129801,104.4852461215682,747,190.82668149964968,FAILURE
52,9.335649120142815,47.473605593917426,17.133319971681466,73.3959481644544,17.1533089937867,128,202.19825902840537,FAILURE
87,4.2558407095281305,36.21415803205101,84.0223760082058,51.17468232822809,199.91812302561348,756,214.66928782123702,WARNING
80,3.42759067690406,55.544731434260925,62.766068955754086,25.696213393632544,108.88567028748405,256,244.9721712023386,NORMAL
91,6.4059770627867145,68.72065379078373,46.7366026858797,75.4266647193166,182.41565386069325,263,201.68255654549114,WARNING
85,1.256432973948718,92.43528277997028,85.35596008987069,27.600613060540855,230.91356304548438,686,230.44801286313677,FAILURE
54,9.127296421079418,57.45968505924922,22.350168384914582,41.21835025178316,211.75187763688768,648,182.05897268633274,FAILURE
73,9.237992922906288,30.054386213446076,10.872439724257774,73.26194000117121,295.71828497619833,715,253.0886254552737,FAILURE
46,5.2726395433575295,55.775107986643384,40.07393204060003,74.2982061114879,149.56633772702037,175,187.10722331295153,FAILURE
56,5.934411951223395,79.29257257442518,24.743598702143583,87.4741681113081,68.28285003559799,445,243.55842905396173,WARNING
54,6.201502728873944,55.01882781998909,29.5992763545577,32.856999294057346,162.63018424654558,302,216.84173290732411,WARNING
69,2.6614437226603282,75.93446699533973,56.106407150440916,77.04442556371909,32.34131360649985,140,234.98302276765023,WARNING
67,0.2019048484623931,55.24416666637791,85.37205092028033,48.3410079897185,197.9592850695817,987,218.63977341283703,WARNING
76,1.0711978950111234,89.04182912099122,25.297583616592085,30.672834491718483,50.32386912658192,102,233.1684740919802,FAILURE
62,9.604927477671733,32.088333858652774,11.03662405082256,82.28208356504726,117.56102053320885,13,240.50580604595459,FAILURE
74,7.846761267943084,77.39406045879296,78.02256504329002,63.87711279478716,62.2540820514271,261,238.14756442494138,FAILURE
88,9.803834229036578,75.68782188955913,64.66443010724683,70.22438259946871,234.41218924902603,589,243.70054741840255,FAILURE
50,1.0088115590973423,45.60245763287944,53.63253321131024,58.623828910464304,107.8242766633433,221,238.6978003432077,NORMAL
99,9.43181912632698,24.559508575091762,87.09282397555081,75.72246984058437,16.043479238715115,811,182.81922842803957,FAILURE
86,8.159795381959157,39.82005015939133,66.06105147429,91.56173490202256,110.36334943663395,279,259.69614718411765,FAILURE
86,9.303813363104622,29.685279299685035,39.55763220617188,56.59434514987336,285.1412342573548,820,228.3566141080284,FAILURE
75,9.896756804346392,51.49979129073904,71.11323208309686,15.370822811935653,298.47120431485115,358,228.47780764452716,FAILURE
40,7.064176012737203,25.104479548940912,98.47405234775472,89.61272008544609,158.41596467926388,471,243.35792494472338,FAILURE
79,9.843336425982027,29.467507421272828,10.849047666988872,84.45729953567282,91.78486283848159,470,209.40639676298554,FAILURE
62,9.174654318857957,49.4876330505872,53.37320383145663,31.360780523943514,280.5497263152587,666,230.96812357393475,FAILURE
88,5.283393684283954,85.76158612720137,17.218782238043083,54.015220322076765,57.857512688654104,981,218.9289262630265,FAILURE
59,4.473899940405514,49.92016239284567,79.29760336955677,88.06944377680811,160.33897595456577,82,184.10145300414737,FAILURE
70,1.3438314486628544,76.14022734402153,88.2595992392682,26.043433177589144,226.98405982192835,28,207.13776077801842,WARNING
86,7.432100706478359,33.13617347184623,61.890547599455765,90.40596868635305,183.7905209502468,750,255.5583172554866,FAILURE
62,4.628987748082785,40.55086858025285,75.82502231403134,64.57743826362696,216.8109154688376,729,196.42142956688807,WARNING
69,9.907138950439897,92.37809025757406,36.083890203175415,81.70257622844333,169.62827172260876,346,213.24599231637765,FAILURE
77,0.3329914446660376,90.17177334003537,95.24356239637395,29.570870523434788,56.09872164298088,683,242.03005583396043,FAILURE
67,0.618121572569087,61.195889348098184,99.33051653137467,16.71079374820049,143.51767910554432,725,196.4147330445458,NORMAL
57,2.7048143140884298,38.278675414530824,58.074668446576,21.973411062414677,227.2372869727891,977,208.70349342145192,WARNING
48,9.123780746337948,30.113726640702765,80.33540221893767,46.5727472606445,127.23218731847324,984,180.38094530752247,FAILURE
53,8.561550214990746,30.09369197321655,80.64260801448076,73.50445837822403,148.4749638930821,224,247.86786845670366,FAILURE
67,9.016506005860531,94.56152876309073,90.24828305846458,77.08743310140828,39.20661776136471,727,211.49718646360995,FAILURE
52,2.3664190337265967,80.05417916501001,10.270303188742602,76.8394889108328,261.88233624946184,803,229.748021365264,FAILURE
63,2.4652929794125846,72.06663587531752,25.052144707231296,82.7962806172542,255.7273554733022,38,229.99855962687104,FAILURE
74,2.9734136147518386,87.79762030849793,99.2974410458954,81.42833213089921,232.36816209863088,195,204.1374362934841,FAILURE
40,7.227048844598981,65.8863092319688,48.34273606514194,61.89236321976158,125.89501392970335,329,188.4091918095543,FAILURE
91,5.79881526549388,85.34780168848042,22.232484968951304,41.778316842749334,296.77552420955084,569,191.7091537104767,FAILURE
93,7.097226923140606,24.11361738979115,85.74109436598314,62.51841607248281,144.561518767976,721,247.13265903963392,FAILURE
70,5.112296577296252,33.80681583112452,36.70329458965221,59.54127168418764,163.10946385960625,558,259.9699533466975,WARNING
47,6.825634058621759,79.3552557607644,57.45400943148336,67.70995432753455,110.76890038922102,616,249.53006407178833,WARNING
60,9.8511268370745,22.27621160747838,17.709493666860993,37.867254743961766,251.3056550341527,665,204.13523628822574,FAILURE
67,0.08694898799524231,83.09543913694964,99.72290253094009,97.59037038947048,299.61961172659375,767,193.64275639490796,FAILURE
79,5.847706645280067,46.14352837511377,57.60916724089079,51.22176812648815,291.80882754921856,788,210.696297224158,FAILURE
52,0.6233315739339285,20.221422826913173,78.63722732639947,24.1536351156655,118.21857029838056,348,244.822229572894,NORMAL
70,0.8565540026827068,47.86339675434378,59.563498636901905,27.98093424691876,61.57842357710247,762,247.20383513411693,NORMAL
60,2.886083316832333,25.76232869093712,94.49099133602417,42.24815988560886,170.93996072458796,662,189.0020240361993,FAILURE
75,7.719634514718582,32.3755639717979,61.431761049825404,58.49869894717651,32.65262574522767,596,183.68929762792362,FAILURE
90,9.79399816445603,48.473676726489074,45.525000943387525,50.684430635435994,68.13624160915883,466,225.27321018547354,FAILURE
97,5.4794511827518715,23.066207260986875,70.93414819427537,94.32453334421804,49.796071110431726,371,208.47600046576764,WARNING
56,3.1878659375713525,33.20524684187764,77.41361137055384,78.43174601756213,26.21439169640029,780,208.75234407687873,NORMAL
42,7.772561540091241,58.853451739902106,75.30062015375455,59.23557816641751,47.49402581225604,159,251.29225349839862,FAILURE
53,6.862043668897763,67.70826949501166,95.98641011786313,25.174990581575823,209.6762816120064,377,256.12241692643477,WARNING
69,8.64476942978098,46.173376476653246,12.704577861126698,51.38532499399997,276.9996686525693,513,200.48096189847558,FAILURE
74,7.608674029357646,67.95242627492904,27.839214847518008,40.22711411580085,8.02085860855853,711,257.0703512636986,FAILURE
77,1.7817905358599773,93.66426348783129,13.286996510330408,70.6284324980824,279.04245140050915,19,196.92906475758394,FAILURE
52,4.682706103503334,25.17400010408572,82.58532339903438,56.77026245250421,86.3071535588848,72,200.08618969357363,WARNING
69,0.30504155331098404,46.93818348298151,65.86246795925541,19.367628699127344,117.7117000856602,232,256.6056957600697,NORMAL
43,5.177292778695643,46.28765885204717,71.51726454877893,94.6305490255292,133.45056630347028,374,213.50993495911675,WARNING
69,9.410351044426736,54.481466735969235,56.46228905006297,99.0995075591385,218.43082143547812,595,186.42178630234213,FAILURE
89,9.370819914365761,26.165340311621296,82.78657621225882,91.18271903107119,19.847991359660302,708,188.33884372390375,FAILURE
73,5.844400758471007,45.79109912947281,11.386465858711723,11.679009572416888,299.77014161139647,79,209.33091678093504,FAILURE
51,9.82493875245957,72.73613513428143,89.66224216028155,49.83253905837449,19.047720724548903,153,219.5816148141006,FAILURE
97,6.0639683668227065,58.05651977815256,95.14990220744653,18.708217468323895,96.63828628272371,957,241.99767564922763,WARNING
76,9.212275180662212,71.21492043463044,55.28974019022647,99.95844583388744,136.5151422171144,61,246.2502382528549,FAILURE
80,8.416862236353197,44.85403905791817,47.547243748589466,24.423231112910813,44.652808903525155,578,230.99602459802156,FAILURE
83,7.615455685289034,48.34841246119448,63.01230508129923,85.81782616068247,5.961269410891509,847,242.36929517588393,FAILURE
47,7.686890276496905,81.12789114556708,90.024281111772,18.339047213638963,103.70273261944709,614,195.7480167933812,FAILURE
61,8.84884820259386,36.17056907587996,10.729122347226719,28.698349856133515,131.18085969989372,486,221.58578226609234,FAILURE
66,8.154654421528454,73.28023014447645,98.27782450898651,76.87240731117767,185.53279158241537,699,222.73692764262597,FAILURE
47,7.432508201316815,25.074023237824957,17.466293791523597,56.730985236907244,252.5457693097358,168,198.29556848832118,FAILURE
55,8.759157590299695,75.41520297579702,41.35893206553138,67.63468174102441,141.87749718959552,614,228.04192489464904,FAILURE
58,4.829606067976534,62.454104326115264,27.211283849882772,81.92963986679547,269.85919164904163,262,248.77068085578918,FAILURE
66,5.857906144623339,53.92782851362519,44.78600085351453,35.25586242155214,129.38160477497345,603,233.11897377000304,WARNING
71,9.119063869394797,81.1808159404427,67.28062619027303,29.879911732172296,257.8789206195523,32,221.2205027526993,FAILURE
54,5.935222567500956,83.43413696072273,75.25771641452323,57.85689605483245,276.4585225729553,139,218.47163496204922,FAILURE
52,3.5343809237841537,89.44227275262618,84.17840194640829,38.75599444839031,268.65729579600287,641,201.21728996645263,FAILURE
87,4.251431190550394,64.40479172182214,92.00607946004658,79.71791443482854,24.474474436100202,149,223.059620627781,WARNING
51,7.213249750879138,39.29074127766631,60.847095900405584,18.87590971827353,110.38135301479184,765,213.9538365967677,FAILURE
95,2.343444799472607,81.44223705189046,77.86749044692598,75.31142276742084,253.1372709182433,308,241.05736130828808,FAILURE
83,4.24091593021684,46.08399896588605,37.905432252479336,91.9779040477939,247.1008781530971,298,225.0752902210674,WARNING
90,4.730804577977664,65.72523971368196,71.03557040445959,91.68755045591948,167.72645108789027,591,219.72161320860474,WARNING
76,3.868193380900682,39.922946343763286,58.43940552101827,23.960170760546852,48.753742577710405,347,197.46376274715587,NORMAL
99,4.559045254458606,72.52895233025916,44.34500885779845,30.94442409925568,208.55178737015024,451,196.31547796880594,WARNING
59,1.9480202126174462,85.11930039787624,69.49226485916432,67.93606453488034,28.409929292744252,683,180.89303836934704,FAILURE
66,4.724284970418179,30.927949877230397,32.14930695986607,26.395853507592175,153.24989236706503,154,233.73168030726208,WARNING
56,2.0559585709919848,67.66935245537363,94.85445037762061,38.14641347497022,239.27139598579814,493,251.96960368876415,WARNING
59,4.62576344615495,46.07429797670093,27.614874332151853,52.178400443120374,243.56654458414346,583,196.77145289800055,WARNING
99,0.5385373635257962,37.1067594159271,98.4645659592187,91.32493490612903,42.26817411903094,378,247.23401300608427,NORMAL
43,5.443243208070029,57.0464183844893,23.259314018027922,22.623144104410777,75.17619745395358,509,230.19518632009235,WARNING
94,7.603258513265024,75.08095727371085,41.4285035701977,66.41858823339476,203.13278265387837,86,214.78536182994256,FAILURE
42,3.219439741488962,44.72089359420763,71.57925407217951,87.28005447823456,262.07748363241484,246,224.9962819896838,FAILURE
86,7.3299393016679195,37.203694710964584,31.780993245827254,80.70158196274203,120.07644752550318,630,183.8364901629499,FAILURE
50,9.435424030372129,76.71154348887099,81.37051897625611,60.033740605387685,53.98575507246119,530,184.77682476425198,FAILURE
98,7.231351638445406,46.74138958365013,45.79036317892252,36.9020108097871,15.130334779769848,740,192.38340004813523,FAILURE
94,0.4330749907477782,42.481432972802615,81.46760959704964,90.85743105591229,259.7886260942803,176,226.5010935793039,FAILURE
69,5.397745335132917,20.87677371068786,26.227648080475987,97.49418584097285,41.719007390259556,735,242.48383168837904,WARNING
61,3.6496718755297564,62.80129196320511,42.52038000161127,56.66266903650934,277.627347516563,770,259.29351595217884,FAILURE
96,9.418717456320906,86.42600293962107,92.2723337859793,67.0966369792394,114.8771300984058,13,236.1511521229452,FAILURE
84,5.365877627117547,48.878847078917076,92.54926920625465,69.0373802187242,207.41917179889032,555,251.57226064459917,WARNING
82,6.319065109453097,59.24369979584106,35.2879233187892,15.343482663635172,34.23165285877076,684,239.72496150886172,WARNING
50,2.364103206718445,26.957156219836122,36.134725991108986,78.62946865589151,215.18905724477352,433,192.5008983456698,WARNING
47,1.5773093320868348,38.76721067538619,63.49349880116654,54.62858699741569,199.87317473445165,371,194.8576808913563,WARNING
75,0.2628660609391875,34.84491960491784,28.015535774481386,77.30482588374434,111.33915543978291,424,203.82431391739874,NORMAL
72,7.463419479576253,80.03313721762522,61.06195115251448,81.6574437264827,294.22937979730807,69,203.95560614967457,FAILURE
81,1.0470023316838162,64.24188725564323,51.59293394735618,29.020852984416685,151.24110555222538,692,215.87629109371758,NORMAL
67,3.017617663766904,24.26050403448612,39.336746170010116,86.59549408534052,269.08490649874227,936,213.94838996050743,FAILURE
89,1.2898066894184967,83.63675369213212,71.8714075497192,63.24227339604944,289.3237469708225,191,189.84358597671508,FAILURE
89,2.6960283251757744,54.46330064416299,60.82315685147458,26.88402216611606,20.788698065554744,858,219.59062532142912,NORMAL
72,7.148615408027572,50.231529450647415,18.25218018036901,15.482237440648955,224.6432690132532,20,188.27960057555364,FAILURE
94,4.394434083394567,66.68802646422459,37.353969979116755,10.82566282837094,185.31936452399535,599,207.58486763358098,WARNING
74,2.506774146282388,42.169471911112545,64.4226830714705,44.05671967153613,96.69359867475418,127,227.628512097711,NORMAL
53,0.6478660492396027,78.8309148975037,23.812061124661987,47.22707062741735,34.73886094978751,699,227.103703965438,WARNING
43,1.044903313238974,83.7581737656004,32.81948131758754,91.53346678381787,153.8861178703576,157,207.64345720758564,FAILURE
68,9.666287167431255,29.999959867947275,26.28034551443795,67.81125728151596,264.41407541305693,958,213.11514663593238,FAILURE
88,8.714131864153433,74.16542141935571,31.395561812680622,41.21452922853041,100.90152910579499,138,191.95003197313727,FAILURE
64,8.613635812896224,58.072639270163656,66.46376579725201,35.453699212316906,129.18926795218457,768,221.4186027134561,FAILURE
100,9.99153986568932,34.28033591090311,67.21661029402772,84.95814959928481,210.4191276835966,287,237.18999188965938,FAILURE
69,5.608873807441958,29.249120309052827,29.909781347310684,31.589579803711707,227.92716088967825,671,181.93495711266002,FAILURE
41,9.772065059358841,66.59503323852381,44.0625917105074,37.861305658820974,92.78959525155135,174,196.55996012873868,FAILURE
94,8.827476109130819,90.67587421499123,77.73180176310755,55.302268386271415,85.26458099359006,848,258.66161592597126,FAILURE
40,8.170374949417946,75.92425970507949,69.27408047569281,76.48359546780605,129.29915217345004,751,231.02012232880622,FAILURE
73,9.305090934980976,93.47124645858004,25.885465086537423,58.647677528040695,253.4957939303397,423,202.02416731388172,FAILURE
41,2.1729764749302927,71.228352112499,56.390632097725806,41.09098618141327,234.42126024506823,71,192.70371228183512,WARNING
80,8.627927865491024,86.47929243051419,50.528137928872574,87.63975267565066,177.50191404954904,360,227.40525104859827,FAILURE
78,7.033661036549432,83.30701006613518,27.40874729161861,46.753892403248315,45.884236421566904,876,249.0568248718005,FAILURE
52,9.675513587617253,62.921153307147186,67.02761735690036,62.99191067591779,20.639188364720276,907,228.09273590353422,FAILURE
51,7.4758759650715065,30.50586145313645,93.18168659927605,19.666724834568733,200.70347630049818,737,184.9642321628099,FAILURE
79,2.7999699164088723,48.27563457277065,40.03051041719014,84.61313726877431,163.0804099691469,702,182.25827309562516,FAILURE
59,4.90277425542325,74.4196983376973,66.69817647502171,97.08602821334287,90.85281452205152,683,242.48564784961968,WARNING
49,9.241469776973704,84.8831644733743,53.17486077766776,57.861130019499754,195.06738329544558,513,213.85167137285953,FAILURE
61,3.315430548270566,53.42823795933028,26.92464195135924,38.510159960831245,92.25166468101642,420,200.23336837777683,NORMAL
58,8.028303782129644,71.13909149578285,61.511169285677845,94.74454529513433,78.84948868112157,863,230.1247215319437,FAILURE
40,1.0297658625036454,49.50603007092968,43.71671300903268,18.767434957321562,13.166821224693479,442,245.26103655471195,NORMAL
52,2.005725615254322,69.67725065077923,82.91880662327289,94.00543030697946,112.38950936713852,801,218.8634351674829,WARNING
49,8.266640363330106,56.1143095289877,95.4737787324251,20.172389378326134,143.2219382108682,503,231.7950278835164,FAILURE
40,7.521980138688566,83.89797776210386,20.625534580584592,33.60162016023836,24.302048366223385,410,238.0380318624656,FAILURE
70,4.303530728364468,80.95334849754926,78.40859598405014,32.29357925420683,170.83984680793654,545,212.42681838135115,FAILURE
86,7.041897457582852,64.45484215071076,73.71745456352596,87.97035773834156,31.745878366311015,942,205.72953564424364,FAILURE
83,6.082798826740524,42.20114574578916,42.4541998022487,26.60699560803411,63.91125288454309,259,240.01403408050732,WARNING
50,2.911510964069305,94.17502285334491,24.666303271209863,29.465374206091116,79.15712948174709,95,180.29860291619752,FAILURE
79,6.021384547962568,34.634654181087186,30.678965029534968,58.322641587469185,220.99443611599756,769,224.36501999837958,WARNING
83,2.5691273851453555,81.77575243825821,50.62583095491843,95.96341348125368,251.42006939610295,435,206.88657158701983,FAILURE
79,1.4260884542233077,33.37517964379507,52.29870123114244,79.97178711989612,175.66816631141506,99,256.4177685818211,NORMAL
48,5.681360780707934,38.87037930469532,79.00804475086508,64.75514876415915,157.9502983407414,534,183.72320525977094,FAILURE
45,0.4219688377950048,65.43486102755885,38.852426664618946,20.57430253255822,108.07375098427669,838,252.40196905950475,WARNING
99,0.6999705341019213,82.6499529279638,20.529968524227332,99.47229599873046,195.97519287784098,845,242.97353353662015,FAILURE
40,2.576366471902629,69.27375228601105,33.5680596480673,80.16595573587426,145.56798096494722,438,246.72088355948455,WARNING
67,5.268607348130448,66.14126061640435,50.62460064963064,58.46093583582763,55.759839647813806,511,207.2961116000859,WARNING
58,7.28104363505407,59.44587165546666,64.15467866492538,35.52853978037876,275.48867703789443,501,258.5872398465106,FAILURE
55,9.950603923226492,44.44698184535654,89.77685055577044,65.46414825007832,235.56006028312692,145,245.74095071734214,FAILURE
62,1.4983942848802378,54.48821151636103,42.31825339466847,64.18350582941389,137.2843513337211,493,247.6409800897689,NORMAL
86,3.44686208092197,58.903783046617704,28.02910694096352,22.257942269998807,81.05280123421178,658,208.67391295177248,NORMAL
81,9.762210690103235,36.03666065169004,48.268761832737155,65.3808435350399,18.29864667450679,237,181.95172030992106,FAILURE
61,1.1964705439144885,48.731234671551306,71.8880756039165,88.5259528368993,105.48103509647538,346,247.08885094073554,NORMAL
71,9.323388532261731,73.83191288611772,77.25236277045487,60.89642934583085,124.95160238692362,488,255.7849725807788,FAILURE
93,7.125601177854712,31.257555680035843,65.99096689616572,45.8121688584014,102.56012737539,588,257.8391897954368,FAILURE
83,8.39568999281434,48.12401893697226,60.8398896551624,36.251568000139855,60.79150363359899,162,220.9513860423715,FAILURE
84,2.833994861008764,87.82260007764344,96.17005172592864,95.98281368814283,298.982948566135,444,228.20273446672675,FAILURE
51,1.2109396900468306,54.67494140129435,88.31757565500104,43.71866981816654,29.08503869700941,228,232.63714034639727,NORMAL
45,3.615541624751639,50.64718168023023,46.482651740850024,76.49133593904024,285.60277547337654,941,208.78468410633167,FAILURE
97,7.0266219344282375,35.75374788394101,30.710840630288693,75.26540670869778,143.8790130183899,524,221.55184466230241,FAILURE
90,6.955327775176562,75.51413568591747,13.83964885307446,50.222967490293165,286.02203265140355,840,214.26812189761685,FAILURE
45,6.882428266941256,37.006135300386376,38.383779872950285,50.137657632679066,239.3883548259732,126,201.91160323566044,WARNING
94,8.155318099897057,87.00995355934192,27.67642487993103,10.20073509749027,112.4509561851257,109,227.00886162274347,FAILURE
100,0.3374498330173248,41.147704485926795,42.47108380283554,53.956414598838236,144.26553958712876,734,199.27708413941798,NORMAL
63,2.349584469555004,39.082067745131596,10.79909274121062,75.50774846454263,152.9684510501891,368,197.83093210845146,NORMAL
75,8.151706802977852,94.06826431128883,61.80339429859126,43.09983058177993,118.63688831407558,647,251.6771153988562,FAILURE
97,5.135852149552535,59.2957684524587,87.87199022005191,49.900224408662694,258.7978044193271,924,195.8266368112702,FAILURE
79,3.251651311954892,60.31057846333094,12.118066222912649,89.60086123219563,274.01818730857764,481,213.47432399163577,FAILURE
89,5.829765407913886,45.38347175952908,23.272930562076624,18.97258027058273,106.52406353828093,668,234.36902842086764,WARNING
55,2.013850365861339,88.63664464962099,64.43301292418639,94.47037264264961,55.38327647926649,902,187.1756081199702,FAILURE
55,7.920137536059098,52.69344646517431,97.68071439558919,18.777123527921496,299.57985061256653,472,181.37433722075087,FAILURE
76,9.817573633569165,91.92893283048568,93.12890699252144,27.143397671336636,36.14781472139599,788,236.5712494742583,FAILURE
75,0.09927613328856943,57.619670939966106,64.32166156164162,44.54674817832822,260.91566713418956,651,199.20412928279677,FAILURE
82,7.857936527083824,21.6073222133154,77.5498277385654,78.4600003024448,60.84441324592387,481,198.85905277275458,FAILURE
53,0.4959647219832841,65.14304405510322,60.073660644949825,77.0386318324323,112.14361197472687,888,215.59083080717556,WARNING
71,3.440580176733159,87.9559780926681,93.58884989332977,97.48066803872817,289.8024520095025,19,237.6329152430933,FAILURE
63,1.1190465333935273,56.89394465995815,30.426415376237077,49.83194512939239,158.72087377966284,44,233.18091435223775,NORMAL
56,2.0559680888037315,27.7874323583961,90.7444866240894,99.52438843546994,287.8392183139553,663,237.67823481924745,FAILURE
82,0.26313951885168274,48.234644711322034,22.651241571997712,80.27797288390033,161.5884807183802,856,236.9327456336525,NORMAL
76,6.678548425762755,32.67384591824737,14.744041534594267,18.14594132617706,54.24310394976064,623,217.1361051789998,WARNING
40,7.544420641880411,31.851751166694047,21.220053735371597,12.75916313834843,276.8059455407392,595,204.89175405083088,FAILURE
43,3.8903198092980062,78.00221784930002,18.689295589434938,89.55285559745374,264.67452027658106,143,212.80487596065313,FAILURE
99,9.627514962972173,72.72222165164564,90.0388245915616,93.2407417199092,185.20727976228358,836,207.50803143737028,FAILURE
77,2.796450795839073,38.89978746163521,66.11039105481858,26.3735011454974,7.536705927900057,984,196.9142091670833,NORMAL
66,2.841853777297575,58.52387065648012,45.57379265569556,98.02757899366004,115.6179060737637,508,216.95469652217113,NORMAL
72,9.079483380491402,83.48246500419066,81.14105279826907,68.04177346574797,48.016645831744015,826,232.8948798937969,FAILURE
57,6.474110911097458,85.22557609968493,71.37905873531562,14.942077084736805,152.83397814583336,739,234.29131892391374,FAILURE
41,1.8529022648104665,24.356969925443295,79.17881627953166,71.93710588393529,40.750534591923035,609,211.67720986547403,NORMAL
51,1.7435945872056435,55.505971027570254,30.652505209651167,17.85227642428861,243.62331922017896,358,223.66792597462148,WARNING
61,0.41988878682131303,81.29003454929207,34.94169881162398,48.37519521518092,44.869302709533834,186,187.4458419927432,FAILURE
72,7.535056305753053,81.70651853136283,78.24595993784534,10.327108173533894,219.05173688551739,607,200.77143794546117,FAILURE
97,2.2542849945199164,56.28001496846898,80.5740030300095,33.30736817247066,201.00516729751692,451,223.23479318850013,WARNING
64,9.689792611639193,65.65074590788986,78.40462227882092,82.91923591987731,154.99484412793234,587,217.36475097507852,FAILURE
88,3.0405802769356747,79.15836477639161,88.85699339187944,98.4413814983139,208.0177942525493,349,193.8264007664746,WARNING
88,8.925921533296085,24.593402823137076,85.4915017350347,76.19000810260083,278.2096461900499,130,254.87714656719328,FAILURE
96,7.153680506900029,44.23675519784646,86.11719555350898,46.95361213394919,238.80786347566817,246,215.41101032550557,FAILURE
47,3.2766126562153763,38.281108538617254,10.719876127279749,86.3292237561082,36.18080812108576,701,187.71895474261547,FAILURE
76,5.202750548215987,25.701287827222917,79.94192970307482,49.41923144915658,249.72673239338704,575,214.35138449287496,WARNING
84,0.9583268615535723,80.98638047168743,65.37489834093822,42.924125282901386,208.24680287262447,497,248.23556151361942,FAILURE
97,8.069986585180708,50.83510315335311,48.583736805297065,50.8474084887836,87.68449656232553,336,200.5626131838059,FAILURE
66,6.92138910559624,93.43783828321156,99.20373494761486,65.31671981121215,134.9875887877348,253,206.41018957487023,FAILURE
54,3.5169717750493135,48.59547108046443,98.70866883273342,79.75297570053526,38.35983245041223,204,206.33526940247174,NORMAL
86,9.526462981732827,69.9958545207114,44.92734702243208,79.53408562177269,262.5693104632173,899,215.90286320750735,FAILURE
55,9.3680950720399,46.46673376847754,21.9039533529586,45.63759378859404,15.978667720387783,785,205.7781727862057,FAILURE
79,3.3973713397604097,94.44583560151142,87.38818305673256,31.097253449691287,262.9210104627607,743,255.9597137500308,FAILURE
68,4.207592905584501,27.923955688080802,15.898835687896113,25.985727159193544,137.68651334309928,510,216.82008353945216,WARNING
60,6.670123862436347,86.44334210389187,76.76757464453428,48.871241175688084,259.39186524891727,22,251.24627832519724,FAILURE
62,0.05946210697323262,94.07140292414182,99.06247653765375,20.080447085481495,125.2787249572333,103,250.36303393512253,FAILURE
53,8.378797224714159,86.28604428065624,42.97239886491006,25.323374108485055,52.20473231606113,302,250.38358078167127,FAILURE
84,2.427708331763807,60.4420835279331,90.6948178566009,74.61317155547971,225.25391055985432,511,185.94776079390647,FAILURE
56,5.545374231653578,26.137025705330483,42.140975581689965,51.83243388807705,169.23461380456192,875,224.2541361457927,WARNING
79,4.843076275478756,59.439972644424145,33.2243539170192,48.503620322487876,287.1324108325441,460,199.78778731863878,FAILURE
97,1.5629544761195036,46.1112951433973,12.617975253102093,24.9272165395722,122.08581229977511,221,203.24611858828666,NORMAL
91,1.8637087719956125,89.066223800441,26.092507368092647,25.41020337776822,196.41020710505362,248,243.01025550438425,FAILURE
91,4.744473056596457,86.31971386264296,34.66352012361753,25.376607218863413,184.47498867640442,502,194.2762909209159,FAILURE
44,4.9611578356585495,38.995627476303454,34.647936419654194,56.25363989054692,263.79910130357877,160,247.5882188888308,FAILURE
76,9.461670597550697,87.92890435265376,75.08730080800693,38.608748371202,132.65466522655169,275,251.51781983676318,FAILURE
73,3.012652543086214,38.271900730962884,17.68341019108595,81.5966602213943,222.7399905260041,709,234.5868996265548,WARNING
97,1.1887610635390589,34.09631932789568,65.63147316096612,19.758821062916226,215.50368834666438,914,232.51574486648715,WARNING
64,5.713139518695102,61.7202848879899,62.06954295308999,17.28385763582262,48.30464069594328,620,255.66378882790343,WARNING
50,8.547689488321382,22.325887308673728,90.374672164989,37.14969178143495,147.46720446578826,366,182.22175219622704,FAILURE
95,0.46462162686554787,53.97071835073288,27.017807908371193,37.53665155785108,277.2527420188078,687,249.34117978168823,FAILURE
71,5.190645559223434,45.17887490820115,93.51179830661005,63.02383416645218,133.14245625198222,786,248.80065091362843,WARNING
40,6.689156240587051,46.52689092024189,14.878366347140407,89.712610165363,245.32684522044428,907,201.80723163600442,WARNING
92,8.098878105998068,30.437858368146575,43.240334808354405,39.607477757289395,270.9675888837339,82,236.6348563097699,FAILURE
48,6.187215794869153,70.4752620689993,92.52900112307782,31.243103091747027,69.22904861277368,550,222.8345940246718,WARNING
50,4.619469170043372,55.763826966141096,46.38531719365482,58.65222057451106,72.39091413008184,263,205.47720712132508,WARNING
60,8.557514266592127,57.27105416195109,94.69953141800028,67.87343007735296,45.311118250146265,490,258.6854203846857,FAILURE
100,5.106026020924239,64.17490752754722,48.18014860180787,82.30181541263327,144.6936470843255,925,204.76479844642475,WARNING
92,3.735268223993804,35.47832533093846,34.551090297617165,96.78190254540735,46.23557815231008,188,186.1706803430257,FAILURE
80,5.286812490919602,93.47459455509582,26.065794181724964,15.378015351704947,84.5934080404658,551,244.29180652876414,FAILURE
72,8.966067659921077,30.196133028093797,50.82477435711998,26.14517467306336,239.91030778527832,895,256.13590393839917,FAILURE
89,6.914785348552211,52.190220160700825,56.91434514576384,60.23422071982857,187.2029301592273,203,248.3485448943375,WARNING
52,7.004224467291983,80.27429270227904,33.05949714271476,30.496295150280346,276.07358332888015,93,226.08931794397546,FAILURE
42,0.8415191107825493,55.2817433653755,26.62279485810349,61.367610663099825,256.4143972098526,99,182.04465932880078,FAILURE
58,6.133752365125737,35.78953495387465,60.32626112024681,10.933748760844095,57.89786677670882,810,225.84680428524538,WARNING
55,7.427259841188626,81.23433039134908,50.39727837746807,87.14587298366752,80.26651670367595,896,241.960151421766,FAILURE
81,9.882525408716885,29.088884983536936,80.81756200925221,27.987927741795826,35.19219896528327,561,201.6356216948701,FAILURE
50,0.9389934482218498,46.5052718689996,86.08148404569187,86.09206122301867,173.67768443436188,871,234.82484856138495,NORMAL
87,3.3084052755990365,73.02209397771304,38.32637078391002,19.3498673882301,53.06361934544878,796,202.81901737407293,WARNING
100,1.387754909964043,38.913521427489854,32.54331276727172,98.6944224228988,183.78273843441207,721,192.3011412131869,WARNING
75,5.2745866735390745,86.87690462682829,21.12226435026457,21.346964663371153,50.50602573192456,788,235.1732650239423,FAILURE
84,9.716315963684167,37.24741150099752,77.39510468982178,22.59571198621768,2.43590486263144,392,240.45118933925494,FAILURE
87,0.250633955259022,69.30692462416091,98.4785012653064,20.92608191382448,270.5698184688205,37,253.10235493692065,FAILURE
56,7.693593997142885,76.29540376708121,58.647552906626295,80.10174244240767,219.67886183192113,862,189.96498679085533,FAILURE
79,3.433334897679592,41.16323914871289,52.9118351216823,34.49358574340169,221.66954872181054,39,212.0910633120501,WARNING
51,6.986613451989995,86.86641654236166,22.508667158809406,79.68902559278129,177.23549913513395,999,190.5365671534764,FAILURE
54,7.982505373314812,89.53089186109797,75.97666786802625,88.11326432998486,78.63644925983996,468,203.83181249760125,FAILURE
58,9.630433513657726,57.66125905039247,89.79228363704334,95.80620438379053,193.53989748087162,453,183.77490794429403,FAILURE
86,1.8407207666035452,53.098031511448085,36.09783620676246,70.5886524284125,164.3273761617133,729,221.81921128093998,NORMAL
82,8.477816946693856,89.99511874067238,51.64418846128308,93.88830543743653,259.7980981956614,161,238.2587794101917,FAILURE
70,9.944345777568705,93.67237959167939,62.750988696537874,13.848078231755462,273.52521169691346,592,243.16684374723656,FAILURE
67,1.9982641999615536,42.02279390581078,82.6490237503191,49.31321620272261,63.30295003291859,913,204.34265619718843,NORMAL
53,2.9338461055698737,31.032978897252377,66.6779843864486,80.138925937062,185.47253148026658,812,246.21495894936385,WARNING
48,1.762612717661316,22.706889120757396,64.32632192942683,50.25027294046852,123.31540544585377,986,228.41879390835237,NORMAL
85,1.6538989910696922,70.14926280750878,51.53379963054306,14.02379740387048,194.82222517262596,281,186.63637091427717,FAILURE
47,5.800479433663185,92.68009193046123,18.517942530865454,55.02964429980924,279.01138827269085,141,232.3173302385446,FAILURE
53,4.856550224271741,74.0953621318113,84.2946990207664,72.45268075906154,136.30489302503508,422,204.52916891542822,WARNING
46,9.554208336687749,62.86758250898011,36.458219136076025,12.198558908608446,36.9004786910087,172,226.82221221043187,FAILURE
91,4.314642284127482,34.9637516277681,92.67972832401243,65.13614592248047,72.62167070527374,250,237.65276166222574,WARNING
70,5.931562080867623,91.30192204686419,45.17787139591196,12.44086141787399,231.40122352507322,740,183.26075986447154,FAILURE
47,3.1709043696873715,26.17729668465616,58.37831133293824,74.77273861046096,274.00098659578924,665,241.65693990174864,FAILURE
73,6.5323107811284125,56.05624842782157,54.612361336351746,12.508716465699711,139.90385308006924,904,213.94820403787867,WARNING
99,7.2830762386481,87.70321874443358,30.48054016862092,16.100148693078225,208.0446348020882,88,195.0176982156032,FAILURE
87,3.548868519953008,32.91029469470454,71.85138623541357,32.295866001543004,217.94439320100597,157,250.51078002077847,WARNING
71,2.0755198775241213,25.44094777457517,13.67122685835467,64.00618338174004,294.8141381488952,479,198.87000143261696,FAILURE
73,3.440763099556067,57.35245781734549,12.24510564273335,43.49594047806268,46.52803700596947,894,251.76140997041762,NORMAL
71,3.7282010309664857,22.68280203255473,58.228065200962575,72.94157877469108,13.954961662507301,527,233.7991110921652,NORMAL
68,4.699306488822657,33.82959319242477,17.320585212057626,84.7406700871397,76.29608446329158,741,182.34871089938355,FAILURE
47,1.1679669037323126,46.534134358213365,10.852676124470937,85.2915137235442,272.74343449771675,405,224.04306763842914,FAILURE
92,2.128933347155304,80.4754844941086,89.76504561308805,86.58966840869351,47.31458277841794,204,234.34393856853737,FAILURE
74,9.7914377414587,75.58122860945916,66.71629349295121,37.210083849436636,214.97068603965664,551,241.21757053403155,FAILURE
79,3.8255873242018246,22.532482045446926,25.527078798566784,11.779830895240066,283.73006185650144,809,181.86860026704423,FAILURE
69,1.715929537419163,33.9428624763832,15.887737271432053,59.53703410757343,6.9698421389398915,165,243.65576759601464,NORMAL
98,6.812680297125301,29.017692295024993,92.86206638727111,83.23368769661431,53.82130449583498,418,240.34023019787753,WARNING
64,4.643835921699758,42.52933859915274,13.00042104239264,18.84869422363312,152.7046975511355,521,243.6660313440032,WARNING
94,4.322420024841876,42.92767127528529,57.198502946321184,27.914074593163587,155.88351475291086,425,219.60976219135767,WARNING
54,5.1038655335274115,91.99641010971627,78.45897106986884,56.90973802552273,95.30868963562756,245,191.30210058816454,FAILURE
72,9.530890068511365,44.12960868689345,32.08863125009132,40.44363173907878,192.60915929592136,251,215.2314849710734,FAILURE
48,1.078433523251675,26.648372301426758,19.182453169830943,52.53805210690645,51.377319583539226,220,220.1070393815537,NORMAL
57,6.628855063747199,91.97244782451934,56.84943410202181,92.37121545610509,33.57013238120684,398,252.57836862806127,FAILURE
89,1.2858654444299555,62.05990319595577,76.70278564017518,75.1043102263743,100.39425660861555,680,188.71546046442995,FAILURE
81,2.0551322919540125,43.932912212149475,96.15449343213682,37.75626603429566,183.2872371958695,538,180.8786442483833,FAILURE
64,5.158140563620598,57.459957819107466,56.6051346382778,46.281962687372555,182.4046286485578,292,200.47771755259353,WARNING
75,6.378242545188826,74.7536685235251,49.609013543052534,91.41082166510506,9.739745002375926,987,211.74119145314774,WARNING
96,2.983104543248043,61.609711254042395,12.866332551918244,73.79242954581466,245.40690488158867,754,249.95852596913744,WARNING
74,8.892254725924543,69.07229197859736,71.43218762883802,80.9274935281805,125.46466355351288,686,215.1521843202734,FAILURE
62,8.412561391604573,94.4546117228821,29.281756191168956,90.26781281132482,129.9554986600156,955,248.20996642265993,FAILURE
57,5.439841672159829,86.602683913528,82.18316547386452,20.225064033286394,218.8779829023839,266,220.29710327652924,FAILURE
59,8.920385808853883,30.128594357945847,40.33931717857631,14.434006719081912,85.99856021083866,585,199.2235043434571,FAILURE
54,1.836127930347916,27.014127615846743,46.54865962260362,82.88469719230024,194.48487386575252,741,241.40383913339105,WARNING
55,2.2780191843270945,81.19179035650203,98.08264926415666,29.497512532886304,233.2100764596662,359,182.15420750891963,FAILURE
67,2.117210307174436,56.801505655131905,12.911349551580626,77.59848941748004,51.926408475596325,184,192.6971968902337,NORMAL
100,0.1311552802997351,47.82122641836543,80.87546005175156,72.762887138403,196.62331286615168,977,204.6126322413376,WARNING
79,6.293720374034817,42.14271089162215,75.2328209682118,66.020490972527,211.8064976202551,834,228.07682850111888,WARNING
57,8.806377775803265,41.563236686727286,64.60661660700714,44.264326431283266,189.2476438612288,811,254.3105191619566,FAILURE
61,2.165067591262914,46.28034834176971,47.15750741151759,16.30627498816819,23.854177962918413,870,247.23829095844044,NORMAL
86,2.939069183029096,63.70681519894497,55.74913834243057,22.03279972784999,287.28748278296484,131,246.9914062350682,FAILURE
92,1.443514391237961,39.14822525477685,84.20634592359956,46.10975711217964,281.9369461701434,474,223.7645107721288,FAILURE
92,3.6224494297426792,23.70230546251488,79.93532670368313,54.32434801800439,26.559725321044606,494,194.5730726342132,NORMAL
97,2.883538680416815,67.3948956721971,35.757019059829915,82.4909230816038,130.60548099716533,788,223.36721752563807,WARNING
60,8.926896733740808,43.72368718838395,55.06857844414649,92.1414413950553,203.84247799639203,338,196.80491613841258,FAILURE
47,7.205503388235197,80.81400720451347,29.195135362443995,20.067691107187603,161.42865037010682,146,212.9091191338564,FAILURE
90,7.917911696412906,77.40817373885066,12.102314193948441,98.65087260646953,295.8072802563657,43,213.9167357078818,FAILURE
77,7.387848606335154,64.28512456291826,98.05848992543447,57.954681928210974,71.30037845838109,456,219.5807723245288,FAILURE
50,1.0042163328423448,84.90003719308172,70.25519960312315,80.04464819416992,153.4703588185236,398,190.79596410675998,FAILURE
95,0.3376923858179881,53.03584236593339,40.780223082782854,30.761247290872248,80.20032954001847,855,189.3705540579931,FAILURE
71,9.06952616139496,34.558967414245735,30.263860517508462,33.581929191128324,194.83015879436124,27,183.74503178290618,FAILURE
46,1.8433581573071944,93.7213841509896,37.92676830503457,73.24686117015546,25.233968882859468,48,212.40886224708535,FAILURE
85,3.4086996684113235,66.14039611396916,33.38804847154708,87.83154808487788,112.14672950174392,987,228.29628067137577,WARNING
69,9.995535822757681,56.60766461083002,25.296885863719226,16.38122056108714,281.57553338913203,622,193.95053983847004,FAILURE
68,8.091825096799981,87.54014478754627,55.27577490981398,76.08373996054438,43.847281323469716,943,251.2507059004,FAILURE
77,7.5994337984617815,27.436519795636602,81.70453750349257,73.90467547680818,201.05560637005934,214,215.35764409406164,FAILURE
79,5.710125812448562,59.39005346589146,90.7504760314422,42.96483769792953,245.2021201037912,992,196.81885468127584,WARNING
84,4.835072103377083,65.41989921797227,50.16593667499632,39.582283417163055,130.00737856492756,897,207.8299050139857,WARNING
82,1.6540832855158805,70.14756495399114,49.47164605529615,68.20079292424955,238.1944014371838,88,208.03736516417356,WARNING
52,9.16069118884968,81.35605902892456,24.95591830685256,47.90232718116796,147.53251908196464,98,254.48640067321662,FAILURE
91,0.754142424845391,65.44249965408414,53.93249509229376,29.492926719405382,251.64300371657234,488,238.68753123015335,FAILURE
53,0.9210791430979637,75.00549319402333,95.73260667813999,88.83764568542432,21.656542646910655,626,198.1393816247869,WARNING
66,4.11507721788301,23.879852179920412,62.65892960383326,75.40684316665747,123.87374688672426,76,251.11152112326616,WARNING
74,6.519743128655264,41.6196963784936,36.05724038838411,90.14630381460604,171.45679825502054,597,215.40775356198674,WARNING
61,1.7728759497820046,49.562653252856954,93.69194557566892,20.22548204666888,34.69363257332106,131,195.72017566289185,NORMAL
66,1.749966605160309,55.25792695959174,81.945761915659,87.2784825049413,209.412292867699,859,225.65255620086043,WARNING
51,2.3542457009087956,45.919267840890114,42.048060735195754,24.70818471257195,16.011065646889364,767,197.89235886891407,NORMAL
49,7.872229592097217,57.53288392612081,10.402443596588189,98.79290390475032,73.24472459858256,737,211.74116076208338,FAILURE
78,5.601144633427614,55.7270398046513,68.3831256259619,60.628868963977425,94.3464238666633,907,248.94190431207085,WARNING
69,7.28104082196546,83.20118610670254,45.59549149586757,52.14133809087835,83.7865656410392,722,239.00947625500962,FAILURE
78,1.0926617285265405,59.27825065115083,64.57629542265448,21.5084154902227,284.74969411364646,448,251.83872582193993,FAILURE
96,2.3881392528025067,63.70478178077872,30.00460706185713,41.63723236617133,151.74771961453078,297,254.4884266000033,NORMAL
59,9.152384615884777,31.38964966970731,75.89945206313185,83.79544362032246,152.65078274450838,287,212.37780090604258,FAILURE
98,0.43602536397120195,22.131887326781797,12.50889822219088,10.397303981372406,290.0210608462649,235,187.18761292608633,FAILURE
75,0.6596359829175613,85.60613374141776,20.787695107642918,56.93638745113994,49.17985346600476,225,189.34453377134554,FAILURE
57,6.402026950572464,73.76800805744811,95.3751699889414,26.896061078366344,103.43951010928689,594,243.21852989341565,WARNING
53,8.708451610692759,42.95909549038699,18.914688260304054,55.81963111943958,64.71744144378707,743,249.9829294098352,FAILURE
63,4.652549987441378,85.98365611698266,52.28965152069578,64.81176999872014,142.55864760510718,894,199.8797156380484,FAILURE
41,6.003507963233007,94.33949111280965,98.55723440332551,39.326781233225425,206.51443011341794,642,199.9929812893254,FAILURE
72,7.872942987769379,29.613488889438827,23.155333609007748,26.33865629071532,143.10726346311355,84,206.5674250570633,FAILURE
74,5.817152626279929,59.766302236832345,78.35686485021792,31.556822630772373,159.17353540475756,443,210.685007600273,WARNING
69,7.173703684429719,43.293193599747,99.79793566795037,42.062194090000084,240.25681662958633,414,181.25406661123984,FAILURE
61,6.387896116334364,86.87312429757128,36.09499987135695,45.05814760436067,176.7736424783844,616,246.06065761008728,FAILURE
65,8.222354458407551,40.25173264227969,83.6983811512535,60.48211023506911,204.4009855658146,606,214.89995195999558,FAILURE
55,3.573608148368862,60.95415061431329,12.10771046680787,59.23217377204237,68.76214098053221,10,224.1808024750179,NORMAL
46,4.77666948469278,54.167445789443775,16.957289642538356,39.367809033784425,127.94481930468766,84,207.450867991785,WARNING
40,2.7690343517406135,36.30455997803942,78.7242632659331,75.8030329576415,234.37425641186536,573,187.35162362806702,FAILURE
67,4.083826566913649,73.50980709063683,86.08564546735639,83.65408547289746,57.90784229086127,369,248.49268674614913,WARNING
78,3.443757326440471,63.51464975190837,41.157434782536626,13.3612256609508,94.61057097519304,416,203.43826632494384,NORMAL
99,3.583592968389724,61.98887768759178,58.80217141588066,56.55889385067202,153.07038075112732,152,224.8157128269891,NORMAL
40,4.592304722505821,20.756286219327894,75.26754543432878,11.561678391769824,95.06773393505354,672,229.12398471913897,WARNING
62,4.1053760091007865,41.785839298619976,70.7828673107422,62.9048806774496,122.65164081313176,598,231.95635453249793,WARNING
88,8.887606468721199,75.49628819068387,40.68554808880302,88.35838097707858,182.76111020101493,507,202.1943541124534,FAILURE
83,3.6044156299122654,81.21788018701356,70.17272230005675,26.594035940588192,226.6239423786824,850,244.63289887972056,FAILURE
76,4.353282803654555,53.28023979622037,45.72778448593294,12.850197521923494,101.99432497068997,907,186.13927389754073,FAILURE
86,3.9706855418292877,74.68387454283672,27.04323389882746,19.42019179060308,219.15983110079168,340,192.3930321749612,WARNING
97,3.958043549580018,86.91024158787992,23.28523182462036,32.07284211961768,228.8588440742568,584,212.68441006051927,FAILURE
62,7.02642646853141,38.493898847590124,22.796482579565165,90.35531764431336,233.50766010570277,677,189.19090352403197,FAILURE
63,7.176348599486411,37.44931439738133,12.63657261751224,95.2127243934798,262.2513126482497,802,246.47384917337297,FAILURE
69,0.4101250549776059,61.69809875052572,96.28063912945574,66.04782618375874,58.026016112470536,367,257.8720811254172,NORMAL
75,2.7511909724126857,51.26031498821649,41.1741111583714,51.12675694049105,105.48023926797791,298,229.11297324468043,NORMAL
47,5.799058070608122,81.05008631020584,79.8420239329625,80.07067642466096,137.19153578167786,711,233.422487253964,FAILURE
76,6.484340282599752,41.23030014671669,32.45668059979248,21.040749290456525,36.36301839905803,434,182.06420336094845,FAILURE
92,3.915332943996347,78.61155813320357,35.9139508673355,40.757468402171554,287.2544424791272,509,231.43461924562047,FAILURE
88,5.704360857570242,73.83437840036935,66.90349410814571,82.72614721264314,256.9384609118878,191,200.42441148810946,FAILURE
84,1.443296351122746,23.957648465968,62.524226435752816,31.724257915255496,298.29590656146013,937,200.7662414127469,FAILURE
41,7.866449328416007,65.21653763987453,63.157282462693104,75.79151525908229,219.66739884701735,593,195.33638543760316,FAILURE
75,6.6959250882550485,70.80823155989401,86.16527282095251,83.06444166321613,2.14264473841812,881,253.11471877743622,WARNING
81,3.092630661658986,39.31564977732589,40.161612234006725,24.9281858647563,240.0276404228974,137,203.15425337072287,WARNING
72,0.9555144386815884,69.7267423184958,17.548849293064972,77.22099973443092,181.75767844328774,878,208.09945584014378,WARNING
47,4.884413392144347,65.3150744024663,44.15746893681077,32.44518125971831,138.95769607526162,454,249.79979658620573,WARNING
49,8.001740725191112,77.81337828193912,29.99011286379913,49.302245748829726,219.2463051735016,532,221.36786068100247,FAILURE
95,4.427348167664803,36.99581971957215,77.58170288812303,69.14037954727522,5.941717828529311,320,223.39625024900005,WARNING
85,8.31139347359963,71.35190669476745,91.83375572000041,53.82231151521735,110.17366505474003,636,254.91942460168866,FAILURE
77,4.071500861367504,20.22059335115506,74.85946676176717,86.36807171170933,29.945884027130052,470,192.6099471937877,WARNING
52,2.907730480355247,24.249930194984472,53.84798938588837,40.968244251239256,225.27767378318913,979,224.9776583872614,WARNING
43,5.37872233511883,84.20607143220151,53.607156547780356,67.81158533184691,233.2642003003456,566,251.41087409955983,FAILURE
78,6.996269467178574,64.20875018197961,87.8686125312057,61.9104955392698,11.685704018816269,55,250.36385451376674,WARNING
96,4.611933346657061,32.086870884869334,27.322648602787318,99.56926507216352,80.86174588465603,791,189.83553200190025,FAILURE
96,8.319185655594323,37.58181624464984,47.28703463631368,52.309709734125065,61.63440778913106,879,207.02562016284915,FAILURE
95,4.6900378682650405,49.47796641682338,30.08592476040351,81.44390075976777,63.30392966129299,820,209.82160592131373,WARNING
63,7.138108621486799,54.739120174345686,97.51258751470691,82.67750143570038,275.5698852767841,502,224.8998685778828,FAILURE
53,9.72828866920073,70.25940769321187,51.730702576061816,48.487960656204336,37.36336671446114,792,225.991097568819,FAILURE
98,6.745316804314074,31.925223487871335,61.88109271759713,97.25373562309592,58.18711219473475,194,194.78002373064675,WARNING
67,7.659125023760296,92.91214122247159,62.3816245752849,99.84191086934881,135.67712486852233,503,212.60812659922402,FAILURE
65,6.264906432894495,37.631596169094905,32.22780246939921,81.44561930274334,122.09680564034628,129,210.2619460128801,WARNING
64,8.071738604524878,70.42353831618351,96.64968053291176,99.11139402072523,200.84169527895318,102,246.34762843724627,FAILURE
43,2.248056376831676,33.24188051614482,46.05840446651283,97.97236511205148,225.95596131153906,692,208.53436075005686,WARNING
70,7.3561830430302955,93.2769358160758,69.37071342574811,16.13560919320779,242.8485145168228,499,197.17865619915642,FAILURE
67,3.5947567222940204,25.56480153548011,38.69936915986055,95.43632014559067,258.602433975199,984,196.3523953312288,FAILURE
82,6.754553324268384,55.56752873064425,76.96854167875547,50.128091275415485,285.5160520483587,970,202.97281829536962,FAILURE
52,4.476202987444374,91.22450876280095,89.06098393464825,74.31582016721721,232.18761136107773,769,195.6052038975951,FAILURE
58,6.031902411395049,67.14600631214802,99.99553049640826,54.15196033564616,48.55563217813102,849,233.9426832850895,WARNING
93,5.526384474228314,80.20368933581148,86.6778230214011,23.73895664967059,113.9163681451504,666,227.05419142830408,FAILURE
84,0.006166477411195803,62.61095957035066,97.85256774277866,98.62545523825146,90.63968517442858,572,182.19177584577068,FAILURE
84,1.5312082155148277,23.47315519578546,81.56249240598422,88.86087058808774,54.63367877251997,112,231.8131970911753,NORMAL
64,7.817294672159969,72.82282706995747,24.08829803354587,28.006673835871965,117.91016212167546,10,193.6987892513653,FAILURE
57,5.060173180952133,28.79130763951884,26.50194882153099,66.10396379722432,80.45568321471495,807,195.20207667483473,WARNING
92,3.523621084227433,50.345661734459576,84.8824482722375,95.95540063391581,183.71389454327212,554,184.17565208472905,FAILURE
72,1.0625451709110456,74.09159442289236,58.19704560332503,11.035313499363484,95.60084543754245,131,258.8687562829108,WARNING
96,1.664425812932142,40.35009361359559,54.36964421130672,67.94555239825377,147.9017307321756,745,185.15695385526783,FAILURE
85,3.9679446973134547,65.92517362051345,10.817932302141434,84.07338511754956,158.2294994468873,624,242.78023241571594,WARNING
78,0.0217162624432099,59.80066582380884,26.476186847191073,19.7475309079876,252.64314337980244,757,201.9073605523421,FAILURE
79,5.315504932506335,61.02391657140017,42.2318736276108,97.48766753421887,196.92702819677305,628,234.50948391656527,WARNING
72,8.562538400495844,29.959027431759093,67.63152054305331,14.045380940366222,77.40115300160025,232,207.08350914787167,FAILURE
88,6.5191585479016725,28.842641259764495,87.69620530758428,92.58743343714211,243.34139792974761,572,204.69948243031442,WARNING
98,9.658716083806954,42.60152932776204,18.916808607949235,58.506498387514725,73.74145611731025,224,220.02948331121422,FAILURE
98,7.893854212869468,71.78058764927178,39.776444556578,84.47336126751574,37.814614116070516,662,245.01744799384016,FAILURE
40,1.022723052674297,31.7663201838148,34.093615562894,24.096408585761175,195.41785157261143,508,226.46986100485734,WARNING
50,2.0795012227536,82.0090897402911,59.90302729940301,91.57388957464163,64.032446053752,158,251.02463171543894,FAILURE
48,8.30173311291294,26.787257780904838,91.8285705827045,64.35132636128829,144.66953193248594,132,204.69974920984853,FAILURE
89,9.740781999093766,73.68700348572315,42.052842156313716,88.51054577655549,224.71914537281114,520,190.79892880201393,FAILURE
72,6.376595267538491,48.31663121494836,86.11646573932387,70.01422425818296,91.41604636661624,426,182.82961690539415,FAILURE
49,1.1652121333301635,34.53671661038196,44.103492732519,96.49484294084317,273.71164052339583,714,206.88183759835061,FAILURE
75,1.3374610232625228,34.53794690143514,92.74190551555802,67.15319468348929,129.8974931411047,834,228.45626045914358,NORMAL
83,9.60370059211019,94.86160846146929,65.7250533119591,14.441477512490286,39.87604039569266,791,196.2502138035923,FAILURE
45,8.309792279794024,72.09067801013364,87.99830245993549,79.42889081464756,58.89982308545497,828,213.39186443424262,FAILURE
46,8.10979590211782,23.225210393870356,78.67398639265745,30.09910408613277,190.4525107422508,561,221.73819390505935,FAILURE
43,9.71701747488196,31.281667882092812,20.492416221285588,97.240905960753,297.81460895471275,570,259.3929727904327,FAILURE
95,8.453986556030733,38.33896644768235,83.10728600097657,59.00218412335591,38.053264060300094,701,203.5980520704282,FAILURE
65,6.213512251721756,49.21210813909988,20.015086502575645,95.29429552209515,163.8457669188784,467,216.74271079093953,WARNING
91,2.5079198452741602,38.63186978479428,58.44364521509015,97.25585897353264,31.544917927674707,257,230.60187129731588,NORMAL
46,1.5590389528868498,64.7869680250337,98.81724628198836,19.979693573729797,32.03317583410345,819,231.01808052016978,NORMAL
84,2.2540729869424245,71.85874065675083,16.634041809564977,62.239210107995255,218.8154580544053,608,251.07295645824752,WARNING
95,1.5433502299775215,94.32851427439496,35.715202906247335,62.6539079144126,93.61850469673722,940,223.1757567766914,FAILURE
91,2.9593059422101717,75.1957944451456,53.34578999988242,65.31244670573614,181.19841359768392,998,190.09761891950765,WARNING
97,9.644357482450639,62.88829489256526,46.54997894982096,93.0697215242984,224.85672625914984,222,203.77448466188946,FAILURE
87,5.595226404685764,55.28405372938753,12.210585975124213,97.61199543586913,138.19112394211203,714,190.19016493371416,WARNING
52,3.1254107746229476,84.817240047591,34.44945560742814,48.32748272372888,33.208356995458004,638,209.27450294855652,FAILURE
44,2.6800185706053714,37.399920789667775,99.14141639761152,95.9730901492747,166.90706474466026,934,216.63510591420234,NORMAL
64,4.713248870442296,64.13582634689229,84.93625454764923,62.16795275484595,200.43918402433184,467,181.8457809059005,FAILURE
94,5.028922374074143,28.576571974803098,14.66782079918274,56.44027444685056,42.97738857079993,927,253.98873614267495,WARNING
92,4.686338023630117,75.43601698846399,86.2573924373127,21.049943776649563,35.980998690458975,634,238.04973554653566,WARNING
100,3.2670729543942842,29.871152362794334,15.577379965729666,46.939823382639965,55.426856173094855,140,234.75017970919467,NORMAL
59,4.7335745130045215,94.67607127913372,68.56235704067466,34.70343065686552,189.87372211738267,82,257.99567158350135,FAILURE
42,3.0939700011306357,92.79033068017077,25.084865487148228,66.90225546672858,75.92237688950496,92,257.5808030008519,FAILURE
64,9.827807502349426,57.6784009071535,74.28615842447836,51.337291785712615,234.06994925399755,650,202.1311592033516,FAILURE
69,3.0849686237941443,72.62915708987342,64.61188555365413,83.30181632075647,46.09907755213933,865,216.5723614395637,WARNING
81,8.816703714565241,85.90419309673723,95.75542100511832,92.10432625251056,204.4747628799834,501,259.634700435395,FAILURE
58,5.3424324911119925,22.22253722889528,46.226796182274505,72.07675793078127,8.847434679910418,662,248.58701336713506,WARNING
87,6.50595636790297,31.704491465356373,97.08078496454347,49.82405136684887,18.202803557684415,114,232.8142641459412,WARNING
66,7.888265168689799,64.45618755251024,39.19306203215835,44.755522804897694,148.46175630244244,232,195.6083142384895,FAILURE
83,4.478626037601174,57.93532992804728,68.12476690819173,98.06533127197777,213.41841019532464,157,256.28332897025075,WARNING
48,0.7529446032575304,43.011423234588776,36.76514468894788,12.10771432927011,41.511931591670866,94,255.27088430800114,NORMAL
50,3.4997515962194203,66.38319806743073,91.95630410311992,85.563780367358,267.6099981767394,925,208.91557901421322,FAILURE
60,7.1113612051711,38.03914908854111,51.39442378868075,15.621910231631672,182.55656656414504,370,230.1816437448957,FAILURE
99,1.0102855448297654,48.05899869208747,17.70459151956748,91.60477900072104,107.54684607383368,820,228.6253211093449,NORMAL
63,1.705424161411273,48.92075603527665,63.98380046403684,37.24366025667395,167.9825116256763,215,231.59231454669936,NORMAL
71,0.3862979185153881,33.24224853722426,30.78558196664517,28.899706635070746,257.6875574876012,529,257.249260843653,FAILURE
79,3.3503196535162747,34.09179157519719,27.68699697566838,81.79361642470657,54.51066366588758,159,200.0199458773123,NORMAL
52,5.451701853768665,58.37397473059595,44.90156943555273,57.62154037776467,112.97846714754081,854,242.48501972576688,WARNING
100,0.7968000267608444,78.2858505139385,59.75061741854708,94.16981346199763,249.80684493612526,124,202.68059098163633,WARNING
90,6.70097502449205,56.52576011672002,99.22792463129758,98.36062752109969,158.46111658410146,438,189.39660456421376,FAILURE
43,7.9248809473955975,89.2072143037415,51.38935247758545,18.376244499912143,128.32234587294965,384,183.1660916036186,FAILURE
55,2.679524453714459,79.05690484563053,40.9020614653529,65.07771846500441,110.32697820044609,141,214.72272671695222,WARNING
79,7.9861992815431915,57.80207616201574,22.426247028094252,66.47661171838244,254.68490884391048,937,243.95725614897623,FAILURE
97,7.7670307108406655,60.48829514441108,21.272797820000008,36.71497896598022,248.57787244038659,502,210.29348991401216,FAILURE
66,0.19409294780754038,24.932951737140566,39.65980916687515,59.31805868507719,200.16483541075954,65,204.44777518989085,WARNING
49,5.021538113160357,93.43613901450188,93.79351633561657,58.85108142376278,185.09314798397105,315,187.5095568135128,FAILURE
88,3.091711089990482,36.12365197196496,29.12260724604679,31.043315103775498,135.70339568470783,820,187.63222939442136,FAILURE
42,0.4789389146677481,32.54350138280352,71.71739639362518,19.254339001709777,182.18084330949907,836,255.57421147235874,WARNING
73,5.039784701020905,58.69156017224174,97.59609626116352,77.09733356246913,181.18557039114432,500,224.5151193909108,WARNING
77,1.7062882273866298,22.80271381782681,96.91875350627207,72.2032119263864,30.75009067641877,805,201.39446859323922,NORMAL
56,7.40856094165928,61.47816197919371,85.09417325213106,86.39252181105698,23.267874907703497,501,206.08172889546935,FAILURE
94,6.9660284767140475,28.116356119080734,12.983477870194314,57.91636442963003,263.74944162321947,422,217.43356716653165,FAILURE
43,6.259108172919513,85.69241189575605,97.85104867352233,59.52574691198246,208.2351598247224,717,255.604250481585,FAILURE
79,2.8973544387187067,87.22794116479095,36.54823493788009,75.2303321704412,278.63469978612716,398,248.78562898788167,FAILURE
50,4.698140034636569,57.87281944730176,30.859882827873406,10.10695588012167,257.3844389049331,878,251.69777335418593,FAILURE
46,4.679184287295561,71.28561811669701,48.121703617583655,22.061111538658714,113.47213245468942,428,194.76388941608374,WARNING
74,1.1489843047374937,25.667112329521366,94.96601854318446,52.585277063295244,78.7926453576973,279,205.824426371935,NORMAL
65,1.1176300295817676,64.07733547030769,54.352608009718246,49.44880113956006,115.81319703570595,491,236.90900399358998,NORMAL
69,7.228733018676781,32.47806011195748,15.483989984417542,78.82223215968699,270.565950635719,229,214.01240025127902,FAILURE
61,8.431010415511315,68.38952954484765,76.7785444909965,75.14969522519505,229.39635673987183,238,182.94775113877932,FAILURE
54,6.810039448966451,91.55591706555941,96.40618377469224,14.054929175482146,283.399237585449,843,218.14637225957216,FAILURE
91,1.0707236641894136,86.88468001552526,76.33611511048518,34.68308154338196,187.5123612219165,901,196.03028258890214,FAILURE
82,1.5340573412836855,33.00505394463454,30.624764963325426,78.18250266180877,113.2033169878897,832,188.59592336679484,FAILURE
93,4.818488878474579,92.7953500101344,93.02179875059022,68.26823374938016,218.99104613556943,931,188.90044282907098,FAILURE
75,8.45281911419981,37.309463694511535,85.04682318892003,78.99043764335437,216.90345288421346,675,221.02932276824515,FAILURE
60,0.22114090298104405,92.34996295849045,78.33034686820088,60.416758979142394,56.6183200162611,129,226.00401943163848,FAILURE
92,0.6337250720682297,29.260108630001323,39.27120659503107,24.557179375015043,21.056023887745535,549,233.04224388964795,NORMAL
89,9.624289118579611,68.41920836736034,93.49607837531549,52.97615317209548,262.6542759511996,455,245.59838810641395,FAILURE
61,9.276585996313038,55.56027020957539,35.73497097437354,13.531435236818098,49.016978056158585,95,192.853067689687,FAILURE
87,2.7492273150429494,51.44155585422695,46.73123964919841,94.83235523511219,278.1895676603283,858,209.93963616871267,FAILURE
55,8.798639122326795,86.82676676277305,79.27100876609573,77.39169767478694,223.60297434258902,854,203.51644826367288,FAILURE
98,8.832025774895554,92.24285877087064,65.59623142759918,41.4110435352689,285.5364621447828,590,201.24124173309303,FAILURE
48,8.852910520876488,64.75500918190119,87.62019780177165,50.268916043733874,259.85782759874394,512,181.85114503258825,FAILURE
74,9.352809214914412,75.7072702983503,60.28938127517044,58.86423055304138,142.91150986370096,829,186.02588273079766,FAILURE
66,4.234364761709682,88.92345235200854,79.06412194048949,98.53602228129485,188.28986398220016,642,219.18589561508512,FAILURE
80,7.661801331540535,50.957999398896945,47.81408444863641,72.61958438976242,51.18023116729445,105,243.5873788377981,FAILURE
95,4.440706837636194,74.10652053746307,30.020735931894723,36.904063648601074,109.26643104092454,427,184.7108017607236,FAILURE
80,9.157543832927255,83.99825458489983,37.36822671462423,29.721429887668894,180.13286447506863,576,230.81349804102805,FAILURE
54,7.9616876842659545,75.02229816055132,28.650485519442437,78.4138917872792,85.61399221912124,374,223.0623470244502,FAILURE
86,7.952363304502942,93.47838445499775,74.9611076792598,65.49025519857454,163.2221614362853,373,248.94650447386317,FAILURE
54,8.828555148589931,45.564168083794954,59.04473360206805,48.737664628761344,93.44381831153333,540,195.71477079790654,FAILURE
51,3.7252571479415266,31.748272070291286,76.28650738804811,88.77069927540614,6.891525968947304,314,222.13019097497062,NORMAL
64,7.854697709117114,88.18351954005686,85.31941053685574,97.96952974175932,285.28905127112006,989,185.12631595620536,FAILURE
82,9.376673952363074,44.746783637284466,28.36305048340896,53.01135994601142,235.84414680484346,54,215.9234294325766,FAILURE
58,8.896710946613789,24.476656693367072,14.138537711152525,19.844228656504463,195.8154213685621,482,218.14026282526572,FAILURE
80,8.104966217233475,51.06717478979027,86.0576581727975,16.025786646118338,106.65090885169745,100,244.8881153918429,FAILURE
45,2.6373393252990462,42.13357275370436,84.24311087300048,56.15275541992173,61.540086996289645,527,222.5785192258519,NORMAL
74,3.8566638875157944,46.89452285191175,47.59328548302616,96.79573405169133,217.13059484795232,651,229.80570571517194,WARNING
48,6.8007177136042625,79.79976052138007,70.03813598364869,25.501729099889353,246.81212723816128,669,190.62641578148146,WARNING
89,1.6202135004648932,92.8441685409727,92.7450591472227,93.69305528635776,35.08652337621286,782,215.90420746434108,FAILURE
41,4.885862161176355,92.23692281964796,37.208614631013845,76.99533405389168,126.47540927753622,323,204.46130937779623,FAILURE
50,8.673526264315784,20.307807090810872,98.07759310057378,85.02874090344795,140.2662394452787,110,243.79971936559411,FAILURE
88,8.020233347851173,90.54035607615572,75.1895114591596,90.31899892089992,33.53367199308542,115,196.55391319485517,FAILURE
62,4.282201974824096,58.311957107380124,12.007639602179879,29.32831956293027,202.71232114285297,462,192.11448147538377,WARNING
92,4.968297083563142,69.67315370149277,67.78940297110933,33.95056069199657,154.4626833952411,545,188.37943316521523,FAILURE
59,6.782784488312071,90.85655777303012,81.53879397391077,70.61172523447561,270.43605084518106,702,254.4834123113124,FAILURE
62,9.786314371191617,33.830370268742485,32.800011881555555,13.301280567064184,77.47679708533894,286,202.24278612800993,FAILURE
67,8.518297170524304,62.71781469491585,88.83599540268864,10.995308222194511,240.58846564478617,937,247.976420162916,FAILURE
60,0.7774232016157145,33.60418616496614,58.797261302645595,47.81344225344296,184.46103425795235,158,186.96297956352163,FAILURE
59,0.5360985804506679,73.95526275832744,43.97014302053709,28.62559347713678,146.0184978302091,215,191.3577396244413,WARNING
77,4.826495518402837,80.87490612303039,58.18491557108693,83.65401113410186,160.55833193349082,214,220.19204752049603,FAILURE
44,8.642713477954908,22.756835355074184,19.28011365247864,16.035152146287885,195.4279726978323,771,181.39804019544786,FAILURE
86,7.788742430262681,90.27041475051459,29.354869824006634,96.3260505363964,65.30032297090617,447,200.43026317330728,FAILURE
55,7.831188303931879,89.03271412557494,54.68739357142266,93.71699547533697,126.17339088930035,726,240.43999299118462,FAILURE
60,4.655533671276442,66.23717185523414,71.60321730253084,83.70846760440119,208.7237762963809,665,230.93015814221104,WARNING
58,3.375037740722112,57.84558873970626,91.22762943377799,77.07634913413014,269.34281349964147,486,257.30030307871493,FAILURE
74,5.806817470094147,25.55230454293523,77.0827859869652,33.47589259841429,37.08701854892187,354,256.7739071477678,WARNING
41,5.434218383922924,47.37502764983556,74.17322444433307,67.9213985448242,137.966645966805,313,212.12956170795994,WARNING
70,1.8951776624140215,53.453098313227876,86.96461098255487,87.72820630616391,140.53791316342353,365,195.98464253588955,NORMAL
64,6.2895875950805955,29.30171801923818,74.0793898985854,98.79595452415792,101.86733087622973,475,254.96852049708605,WARNING
62,4.050815534650315,34.30840480826907,86.99458304955428,81.11147702853059,141.48191070883857,36,181.29952196310234,FAILURE
77,9.586307343929168,73.5610675198354,87.31014822190075,21.307126584638596,33.050336850363166,354,237.53894498789032,FAILURE
87,0.5777448165269838,34.78578992769893,77.22037410086655,52.73088932941857,153.89656158457396,489,186.51948824741356,FAILURE
41,4.500554090746407,63.95245570388482,29.408389397804328,77.15654967436203,272.5151411261247,814,246.72056896705033,FAILURE
100,8.162843067238926,80.94337444792939,14.75443496670987,27.81387764970636,214.69603421667168,758,232.21883409471712,FAILURE
62,1.1858307553488823,81.80652417698042,45.06147906743032,35.40182828337696,161.4096199999788,498,228.31479985817322,FAILURE
78,6.2369827389361765,28.268651020703672,21.57262225208417,86.22832889764574,40.55921815669437,774,194.90830212826663,WARNING
74,4.658244912610337,36.402295447793975,66.89567292374383,75.37208580867352,189.57738249579754,385,254.6484866381881,WARNING
96,9.282324351592205,21.034758012809476,45.84530509694985,19.698625579972518,254.84115393167028,573,259.03680237338597,FAILURE
54,6.272191552400806,90.72775244891706,60.79648832528876,82.81365963998485,134.9920134566533,519,249.24580435813334,FAILURE
100,4.001430800967483,58.888541000881254,10.155537204608024,30.795282192900938,187.40923706985012,521,183.72700226727102,FAILURE
83,4.330754950438474,74.53256640594765,26.78632925518648,49.22385086421327,238.6215612995072,244,244.31628826349632,WARNING
97,2.413917434988375,85.84054074466627,24.61888320674727,27.09208121413544,196.79441504173636,264,217.71408166690082,FAILURE
51,7.39153276949017,37.63675794351829,31.659797891741242,64.07612648006133,126.56802511989994,652,220.93101720787143,FAILURE
82,2.0812970445268784,29.48923309421361,42.513604740253434,10.308405594736486,277.2609190667234,118,233.03584942564638,FAILURE
63,6.854909526367479,34.76894092054877,50.54032055559795,15.154808389320955,262.5078249793691,420,241.61513761779602,FAILURE
75,4.8192618806740795,31.584881529202278,46.56890331874474,96.47022899875314,62.17078047018017,193,211.19880509378333,WARNING
98,7.995815120043098,84.74235442788084,17.344685108749793,14.585252756272933,154.78806872593952,680,234.91586993973766,FAILURE
93,8.82660431758563,39.46731196270839,54.45573411539307,13.86107920467762,56.243376322606,567,249.2619791975998,FAILURE
81,7.475167938002507,22.412652512272846,28.278372642711137,98.22492689345793,173.38514063086294,521,238.75982947759135,FAILURE
42,2.043047511692686,34.18817530644152,27.10849656171135,11.72312548437015,95.27604992617462,227,243.01680842043433,NORMAL
56,1.0589928740849008,74.71841756139852,86.20495461026127,58.34468902810121,129.59374144332085,729,210.19335992685194,WARNING
62,9.540146934510675,24.938995699583586,49.4527583442766,67.87113348897276,2.5762290188438395,938,227.94834965749044,FAILURE
83,9.343703706880959,49.43206664373952,94.83539067543991,60.182469683173,125.40212196230782,558,197.75266329529902,FAILURE
74,0.130775860269714,25.8534209648574,83.64855109924324,12.162050501208629,255.48436696949565,873,185.32557770344636,FAILURE
86,5.963295864136091,21.084534693637572,58.6431855074339,65.79153901457371,55.18978909611558,607,249.85443477305984,WARNING
85,5.634159473050851,89.3961614168227,10.526480658069385,34.06456640531203,153.62617012800123,330,259.03210331577793,FAILURE
83,8.448343202922944,94.11693164947746,60.60399419006193,92.6625598768364,247.14232211866286,53,234.78770875010852,FAILURE
52,4.771387945058105,40.52119754117483,58.805214211538164,86.9514891941514,6.592205106239366,444,223.8835711067598,WARNING
42,2.53514914668422,52.36651697622016,72.93320453748888,81.72100910965746,35.79762655713545,77,206.17560636762613,NORMAL
72,9.62096013798117,51.04094263699439,51.57569542638866,24.82384866455636,299.76094214568207,739,242.11097236268483,FAILURE
42,6.693729681970687,46.58123736789052,70.38101671225473,10.344276510268628,249.35335926516748,853,246.76883611158735,WARNING
40,9.195741505088476,85.89001651988643,59.76742365909548,94.1017445878094,220.05893596566884,643,227.30704905439518,FAILURE
96,8.065615738940856,81.76538056904643,88.1763292149604,82.92470536454611,279.7986752776934,945,239.65183801455055,FAILURE
42,0.27425529065792875,32.794405779390324,57.19944135351352,54.560918961847655,208.93040647950343,14,215.45689919465724,WARNING
45,9.177598953242043,92.06800297245695,18.202209925997302,12.126507440157173,161.8325054704464,290,185.8506886776573,FAILURE
87,1.8737264655441155,88.4152016796223,24.587902390238014,52.420943625199875,271.82182175633613,331,219.38075540079336,FAILURE
91,7.936635052355822,80.05558593915035,36.59748046300588,40.48927837536341,84.97103629494944,145,219.7665985293771,FAILURE
76,5.013592624622593,33.67006516032227,34.21499746441894,77.62076283140176,110.33361799254118,895,255.61285029001783,WARNING
64,1.8653775513964077,24.93729239298824,56.180586124762755,25.827510718964408,246.33316065536292,321,198.8149342776768,WARNING
98,4.0046874353541675,76.46988027372691,98.27986844946076,69.73765790986332,86.16094888233228,611,186.9939788013633,FAILURE
66,9.670344447728576,55.61638931597617,89.55731866325637,79.30080830023778,191.53357084505612,739,257.8172435169251,FAILURE
60,8.464694462848412,27.096912618113798,65.24537007204825,56.34591795858646,57.13671958134868,153,199.40766026942856,FAILURE
44,2.609536495460291,43.72550718647368,14.368661929742448,37.34036392503732,165.36950073408903,183,188.35641642097139,FAILURE
90,0.6106957640460309,86.54626393195203,62.14580432032466,93.93706114771847,131.1929436582639,664,253.27686282758697,FAILURE
100,5.574580195759746,72.95205752438821,39.336522610152194,95.72713899922991,131.02893880825607,616,192.40370819965707,WARNING
88,4.297945056590166,61.84529188405427,13.405195189791595,35.10358771388161,256.6149799993326,586,227.35003992573445,FAILURE
78,1.2076105620080047,89.71711709727461,71.65802151307497,10.167267399767173,164.895358650509,444,247.80019617522157,FAILURE
95,5.578390108808065,72.79950026406854,24.72822478675767,29.528475339897795,77.97489560686039,285,235.8643494167143,WARNING
93,4.735554853084909,38.49617579956792,98.81014530600054,48.31883868290161,260.1503604235468,627,227.8172529914765,FAILURE
99,8.203535382072676,55.52905032677739,65.75178244270532,53.110874251904036,291.9738088304482,665,234.30491738902518,FAILURE
89,6.356977627540027,56.41966474097921,39.184680041852324,73.37603398240731,154.82059865429213,40,182.65467209649387,FAILURE
97,4.8987073307633135,57.11277183052178,36.626390503923176,68.09904868396603,252.3763962663987,51,236.11758237839965,FAILURE
77,9.85349257287137,20.06185604636233,42.02025903904276,75.52093166881053,168.98004424732838,966,247.96509071225427,FAILURE
82,4.418410086114443,81.2946832575555,86.6863200683172,17.850412491475666,255.1860745451095,675,243.9836995383404,FAILURE
91,2.4995830311080267,36.05274584101339,12.915985869425988,71.43646256986234,289.5245181090803,641,258.6495664348803,FAILURE
52,0.30309630403440924,71.79608279509645,87.98680832217697,74.54323909619427,60.82206874318435,93,201.26718636852144,WARNING
47,5.145335660746203,52.85018680812493,69.1720273442626,96.53407146213952,153.7837470087518,513,248.4749827582033,WARNING
63,9.142776549348,43.62923490307993,12.636259011178298,54.5714018282506,165.41076915179914,781,241.56798434570098,FAILURE
71,8.98135565992977,86.84592895524128,74.27601446147574,12.533242204801642,127.08346133914613,355,212.76352835633577,FAILURE
50,3.209259172615131,42.31119624222137,26.346453109997764,92.36005579037219,294.0733803615032,615,230.04700501554365,FAILURE
94,4.855063949050353,29.777444156001113,75.23252840934886,70.05379422013613,156.41178079269545,730,228.746519059567,WARNING
70,0.482040508453524,83.25170560976181,50.79449996422939,13.285007830085299,34.98728835291672,701,197.44261854624625,FAILURE
54,9.681830229183937,28.181634961565706,86.92522311864569,51.70024305671264,109.82010206008952,619,255.94556822166706,FAILURE
95,9.708996242225115,92.54614689465788,80.69855363450188,38.72844050926712,90.86507958955077,268,199.55914061867833,FAILURE
44,8.046038033730001,24.468590539443905,42.57508735356081,88.55038234017472,12.643543296469849,864,255.0438204838926,FAILURE
68,1.721542588525904,21.084136221771153,94.31221686354586,88.8832207270347,187.39888750553823,156,229.45987627565793,WARNING
45,0.0639382923053633,75.17544508444757,93.21353838908024,92.58808220549972,24.29185960917602,224,213.4375453480286,WARNING
62,3.853849337353016,57.01438823819159,89.12467417261118,82.97044897871604,32.04161498424169,886,242.3219515359824,NORMAL
40,5.61421990086727,71.19606203515562,74.17443316419731,54.04347210359873,98.51471177188482,622,255.86854476074603,WARNING
99,9.416104348839585,62.0981641041939,88.36126983200643,98.2959386288344,128.16407114434492,983,194.16688156206817,FAILURE
77,2.9130719101408453,37.7989760769362,64.8169978954626,74.97017233226372,87.99498961570977,802,185.26809166101773,FAILURE
76,3.804891301910669,45.050686266209816,24.216332640043255,43.006530282194674,172.52421129528213,343,234.5054329180581,NORMAL
51,7.244933936151786,87.61536775227437,34.99213156773627,76.30127629393354,196.93702309686228,597,233.67590278183468,FAILURE
50,6.008581892128429,37.668444351472644,42.95762849701239,50.80136043734518,68.20168046056921,496,199.4145140155554,WARNING
75,9.33812570083955,63.1884004149273,52.369456222854126,27.377797876144925,236.32004728266057,126,194.9717935460861,FAILURE
47,8.333442798056756,70.09716882513662,10.251769396781143,27.508474617538003,7.639580451009319,65,186.52483630623243,FAILURE
55,2.357146337579432,62.64784755434716,83.27133855862085,63.26345138531772,129.28746801847367,72,221.78680918498299,NORMAL
79,3.3178603859672497,46.42343433068359,54.69391741142247,16.179417064987497,25.29847767580473,140,225.57245983296818,NORMAL
76,2.724880742875216,48.03031493832273,23.077835468933664,84.72604484246948,275.258286332119,629,240.328285037692,FAILURE
41,6.949768874811134,83.34393817369921,60.00210051172398,54.84015672044754,122.83913235589463,38,232.963031534786,FAILURE
62,2.446904793758237,22.25295127529028,41.97006551949442,87.28719345832026,50.53112068984694,67,215.82257603736815,NORMAL
75,7.3224345451234925,65.6437678088613,45.665826416143105,33.694200370793,299.78432763430607,261,194.97575186821442,FAILURE
75,7.345382314348109,50.20807140593112,12.752635801432826,34.199511561302174,34.35377088404377,24,205.3685791140802,FAILURE
44,6.907271853937922,61.05862930378002,10.850799734826435,61.06216886999681,49.46336151388864,793,254.2281760806789,WARNING
70,4.981779932693914,94.93790995935937,29.310600912633966,11.644055810893285,169.06610121929637,33,205.96744552914146,FAILURE
80,0.3616916223110478,60.87215291525661,75.86570576968282,72.18320378074635,51.6606354105872,353,216.98834570370474,NORMAL
49,2.3220472133968117,48.14144612111782,85.91347086938401,92.88606678739511,102.22990876301247,291,248.89541067283812,NORMAL
68,9.520787725653806,83.70582108001861,25.77272400400284,72.09412326256145,145.80953640191822,837,227.2872959184303,FAILURE
46,4.287936239374273,27.17185879437274,52.1071964807053,73.99598620878672,32.72561243138852,781,195.01237840995466,WARNING
50,8.637906672540597,45.18968274084954,92.401732534954,65.28604407725865,283.5414341742792,748,224.4133695771351,FAILURE
52,6.767051281894789,69.65936214468687,44.49262877077658,87.47518277042631,165.26006429880954,867,234.2634658331015,WARNING
55,7.405516340704862,58.466927133376785,56.62060811748534,19.92530674025005,115.61999414282508,820,220.10414923230775,FAILURE
66,9.74279584275182,83.81491872292477,45.9085583881153,26.010371536924094,175.55749948888234,173,259.3589503579599,FAILURE
94,1.9557356964067185,29.01165611360278,87.50473078847402,15.904302576209277,292.7334552519438,528,180.20722969838465,FAILURE
74,5.0515543069078035,74.03982941190557,19.548663959332963,82.3051584178803,225.25041981949695,655,247.95224615359314,WARNING
83,1.3838489984704383,49.64317811551199,50.53468284571241,96.79900150052875,120.684956886986,157,259.1797338886577,NORMAL
87,7.337874318819001,53.6316047136792,88.60265822897765,54.021500119497254,78.76413251411239,693,240.43036925107617,FAILURE
76,3.0666818286145126,65.50872374615517,51.3847567150073,27.420408325151655,77.73147294227319,187,245.82741317487347,WARNING
99,0.4062557003567635,51.89741403983631,41.20468787415146,98.65014179900915,30.57073978781824,61,198.63245450906084,NORMAL
87,1.2561145493284975,78.02724392219878,66.93460154793874,81.77469839611489,175.57967492451255,915,228.0688285137678,WARNING
42,0.2755130679167639,59.71664413539006,87.73971518047476,20.952468664355578,37.34061601222298,984,200.7912643613526,NORMAL
92,4.111712618990109,37.479686189393476,32.79037214729115,74.21932804983248,169.45180519975338,292,227.66497900781803,WARNING
67,1.4911577809765686,93.33057806148479,84.71094466160766,45.233390003329504,227.2665226282036,350,217.3022071438021,FAILURE
93,8.284365852062855,21.650260837424494,47.865508643293786,24.658371533667065,86.5269937189981,841,252.08330511185292,FAILURE
69,1.1529930951746814,70.92148754469372,19.100676391096748,81.69093794320109,23.316034914335162,573,219.35657442394205,WARNING
95,7.938942150643533,87.39212386947887,92.56803457405931,16.09484618345806,110.80280496487605,338,222.62748656710644,FAILURE
100,4.41895984483475,39.53662986730419,10.47297117664144,21.28289116030324,37.549424864662484,828,227.95117926496062,WARNING
48,2.3302012006103965,76.07857852356821,67.59529478353898,10.133191637385572,20.85693213682449,198,251.9549233831529,WARNING
94,7.2349762599438625,74.91086906891078,92.69292724396912,95.39738869846951,25.235083300944716,721,228.09832006144802,FAILURE
42,3.974212383017223,88.37777884322783,85.72849380792253,29.670605702683595,179.2537221724672,287,182.9058422676478,FAILURE
72,4.278918198496497,80.65063920408062,77.71126730545329,81.96758045475688,20.88438421224224,557,236.32249544137682,FAILURE
78,1.2844040244440158,93.79305408775355,90.99558294695304,62.20731979695871,49.37803957136439,980,208.88274334700344,FAILURE
92,8.559055820003469,66.06703368195939,44.532772425032064,40.689917612851524,23.34500580546055,260,217.51444385648455,FAILURE
71,6.373253379824834,70.84229243896215,87.59941119544766,92.69831081195845,137.2040333903506,726,216.0168533848178,WARNING
85,7.408161357610448,62.693955790713304,54.4552352287658,76.00428742829871,40.38965176499175,450,232.38579569885957,FAILURE
83,8.065758552095591,69.41699399113004,46.53954785804065,67.45058728402682,205.40325923436916,437,254.35717561562288,FAILURE
64,7.019467864017207,68.36429387559329,76.22723939308082,85.30420696536109,215.7980507653179,854,204.2996191051648,FAILURE
58,6.125888305955479,20.627132364048848,11.655501989178127,95.24878810317456,136.83420291832772,207,236.22321866056993,WARNING
73,7.169562765349452,28.77728359153957,42.602698243319665,13.588687624207678,199.906744645061,689,206.70027760776856,FAILURE
54,5.91528646166331,42.08939012977963,11.91785063870747,91.99850151408052,264.59970709501096,402,227.95711432780016,FAILURE
73,0.10311152577229699,38.860648038895135,89.8770227969382,24.74345442011235,232.68568680307453,278,258.87760243536536,WARNING
41,4.828036494747998,93.79012805906227,24.276315033700687,87.65716938095943,21.334665155489894,181,180.3826359801402,FAILURE
62,7.60081921122115,75.77384108366101,58.48578716688537,46.97035397994024,282.24789407058864,23,205.54508295277637,FAILURE
79,9.689297397409458,84.34379649790229,85.3417600757981,16.92147081089105,138.5834198855279,333,203.75608540536257,FAILURE
76,9.723705512432497,65.19955233213611,46.08042816245697,10.835054856831482,83.1794395985761,961,225.99560593075995,FAILURE
60,3.738369203276722,55.234267351991654,51.495658514058135,94.0890959955541,101.9516856091353,904,215.0059514903075,NORMAL
100,9.110075189679321,72.7033323316311,42.37692964003483,52.897784375826774,156.24143638517566,919,211.84595103531476,FAILURE
42,3.8248653463148043,41.71922887664497,78.80546393556146,82.91890917601116,216.9800308674305,753,240.61268203727343,WARNING
84,7.328705817233203,65.15177251496632,61.59754800587591,29.796942434318986,205.8197190195311,114,243.26772524461896,FAILURE
54,4.218441596904599,34.20724832717272,73.16426534064016,57.67544363135703,67.74810703974214,606,222.46685937911317,WARNING
97,6.709597430655011,53.26516403264399,94.50438056431648,31.260300252871655,214.6754447181386,711,206.86068157294244,WARNING
70,3.4180338400807377,30.052180307708667,91.49772698553251,28.05633310247339,123.85361337564996,449,244.62818774372744,NORMAL
65,4.912060796391117,36.310333425534175,47.97160297250043,99.05609106749766,246.46060072784002,654,220.24790230110108,WARNING
46,9.751448615974038,28.27016660968271,77.82072951340538,97.3880841193168,49.37670992960118,130,181.2053663315942,FAILURE
48,4.100609164125361,78.97948474376038,79.88922003288344,97.63953612229403,210.67663930437627,161,225.68529235549684,WARNING
48,7.025414678998279,53.80621723226269,30.647126957672537,55.407930207250274,73.50578479601286,763,219.30553240544967,FAILURE
80,6.263759730307713,94.39480093308241,25.03101147473454,12.370505939509655,163.32759301638032,696,206.21646538543285,FAILURE
88,7.849072694718801,28.08376163072893,72.56623600466826,62.97067967094691,45.90371849619194,184,213.70062148570628,FAILURE
51,9.935677882968964,49.627527561507435,30.104308809860783,87.83196657012667,146.31133578838913,18,253.97787952231667,FAILURE
81,7.587210230704677,68.0500427110058,64.83179081587934,65.92622724650364,49.238675707403196,566,220.62128629482447,FAILURE
99,9.19123396859121,46.641978898318555,21.620413333583187,30.994753865132406,34.05775584831722,257,253.24050567090188,FAILURE
57,4.465161992636367,91.85013108231007,28.647476717871445,17.144318933988608,195.6022440222141,916,192.3580802783836,FAILURE
63,0.05457334577687489,59.38611462667934,49.21494148733517,85.36544996753932,274.93448390335413,336,181.03924550576866,FAILURE
75,2.3069229837668246,32.22987419064074,72.15435305130416,26.64202566067176,100.70896957610641,73,207.6725106000679,NORMAL
100,2.238413358702412,58.42263754971601,67.13372539354927,89.51106066012743,93.88826740071077,578,184.73055195807777,FAILURE
89,0.3226530729318944,46.31722410356838,30.55185016819094,86.2978649460315,5.9175711150062345,344,209.71558151913737,NORMAL
93,5.966948064189946,51.52091385419412,52.828236691058464,64.29100325730559,32.48989349077696,191,207.44142116840422,WARNING
52,1.5869698511485975,69.64594134969037,58.21296262614614,38.929854384819585,222.98106213562852,430,206.8337468896495,WARNING
79,0.36244892782537175,82.56253690434707,28.63176818004155,77.99978141557925,286.5221539823178,775,240.33058203434325,FAILURE
85,5.070145832643009,55.955610330548346,60.887117951299686,83.62662409782571,231.13973920198038,59,228.50984026911684,WARNING
58,8.828788428338495,41.48328738613682,94.72580219711061,87.9737011345149,142.91712307946028,178,239.45054442673765,FAILURE
45,3.5029253608914255,55.82768479097137,18.189004239831235,60.5362180181813,124.57883676740254,795,207.26334818190458,NORMAL
100,1.6353655554331292,20.561707003106378,30.511000843041337,34.595312984534544,120.85935747267575,41,241.32198019075858,NORMAL
88,9.577788721977193,39.47321945829973,52.22032962957327,71.5291800720863,278.01256862074484,208,205.41778759306516,FAILURE
86,2.917741923369004,85.02270943425667,48.89125188798128,99.54751805704984,17.25281364036706,522,221.8024854722412,FAILURE
78,4.033882231364646,61.93284259406087,50.51683052535708,83.39581006578257,274.12474271023274,532,253.5921195937873,FAILURE
78,0.7316276029035484,70.51987447314573,37.71389146493853,27.973371807635917,125.6412089514975,537,215.38619163851246,WARNING
43,1.3762165274338134,33.398379805466604,98.15644713890177,20.645112203761343,155.31928127796127,735,191.4913221129253,NORMAL
83,1.719252867709925,57.72243175505489,71.06079809164457,89.66490736474859,269.47035482340647,312,259.79031917891325,FAILURE
76,5.674544080651655,41.642343665481604,65.26724654858182,80.49340555622948,140.29520943553558,310,247.59808263633022,WARNING
60,8.443050109179948,49.8930033626058,77.09780547555127,23.844405303562198,84.51076417250486,768,207.68914195593402,FAILURE
41,3.362106193991364,53.729756315160756,98.43011475295813,42.27174253847646,85.0409366501035,954,213.8969871524124,NORMAL
70,7.039197678892048,55.129544481462496,68.55426545487666,63.982527102577414,168.77214187349895,180,206.67935401659713,FAILURE
43,5.672034131385692,43.991979339444526,38.53864355536333,88.7028028972329,157.57531878321743,840,229.8634711131651,WARNING
99,1.70900659525146,28.049105492680063,22.218508193183332,65.75932625667213,254.6550039341481,444,242.55770511939662,FAILURE
77,4.703932353040811,71.98099473910003,78.96344490187676,41.145587285042076,215.18492714250496,719,192.6011461414008,WARNING
94,9.056808939782911,80.56279972667147,60.123554275721,47.41370523826717,35.37824256842641,784,244.3543368502207,FAILURE
68,7.29274680337592,53.61585591172138,17.47093710260451,80.23938296917483,164.09186682467052,393,243.12518287809166,FAILURE
74,5.89745367270086,43.59875681963605,78.05439673310194,50.4911145852721,84.64779104056116,445,192.96473270609098,WARNING
46,2.6850819248880264,64.40175061481271,54.65933002503373,75.4488477776934,7.084751350148617,252,237.43738351831868,NORMAL
57,5.522028527176975,48.60237696469353,76.71416438721027,31.779339788788867,192.65907064338356,632,201.6223760627076,WARNING
61,8.114315472185625,31.103832553628024,58.660641611130146,60.39341132029202,29.115396983632717,97,237.4518370927978,FAILURE
90,7.545856924662444,31.233925224808367,74.65293236090714,47.27448297832099,228.1911002715267,157,238.4766000196476,FAILURE
95,6.992918919281549,51.40824120519144,41.77313874403284,89.39298905509534,214.52863111329216,882,223.63658770652967,WARNING
54,1.6084507566933925,90.17488433348558,53.552022158959524,78.57173196718418,296.44512766746095,761,209.2052529381108,FAILURE
83,2.0210333506915177,85.00855330888619,19.050970372867248,39.501906837550564,196.60665727837545,148,248.65869777721645,FAILURE
78,1.8210321723517908,39.04470016955936,27.658375057531934,61.60659200214185,13.660779936530759,614,223.3303087705675,NORMAL
71,3.892168049288034,80.23296957488301,94.47157428720716,28.148102986276264,97.15042221537966,794,238.50289301027993,FAILURE
42,1.1412858396485737,85.91944749410125,14.793305669926195,18.24583210210192,66.842180210512,155,254.4954300894952,FAILURE
85,4.703505457492011,30.966956635872798,24.804116489769292,22.68102745199313,251.8310775485176,857,224.1909645193895,FAILURE
97,1.9653962850160922,33.01547018549664,31.33054771916765,59.80007572397576,203.583318539453,846,231.3453866410356,WARNING
72,0.910545117660192,86.22825042007534,15.912079994017562,31.944244445223976,48.15046726627569,744,202.94287517477972,FAILURE
88,7.012239922625529,80.00111585246367,41.10056169041725,42.58051424400252,208.99548548578701,512,256.55892384402193,FAILURE
40,3.660592721181446,81.94601057887127,47.33836022274133,60.72116247045662,169.096193550694,31,227.6340640412526,FAILURE
55,5.6097028393952915,73.97332057557946,85.52767578686465,31.386456727915036,35.6716120885208,848,183.5841341005272,FAILURE
69,8.352264656359559,30.39276150241067,21.396845093215045,58.57734472997779,96.9449723381016,143,215.05371238646,FAILURE
41,4.708818122763726,89.7628152141819,48.90404557816587,97.72221714079089,21.181138278054355,519,181.94212292194115,FAILURE
84,8.965156309162825,92.33635143734011,23.742904271943566,55.57380626547707,274.54688842702393,607,200.77428998851707,FAILURE
82,2.351390652055112,57.290038487249454,10.518916216740843,60.283148263149656,102.68440050654998,719,241.21824582915582,NORMAL
94,8.556264737459735,48.43553973081063,79.99052500148473,88.58770458382736,87.92509503268187,263,229.64302496731813,FAILURE
69,5.338726677232777,43.91048371661729,20.93509883128791,33.83487667448924,80.43367678299207,596,222.4060902454922,WARNING
81,0.3799614338772739,77.80702125542763,30.224221036387192,14.803600918078837,90.3844815837594,602,190.95974907474607,WARNING
84,4.648591549207477,83.343017916496,55.10718041272829,95.38412376010454,30.355374547919702,235,183.18986913732036,FAILURE
45,3.197915178063808,26.39686465449587,93.52939742382478,53.19897019563191,161.82364281791806,351,209.96519258513575,NORMAL
47,1.05170272039536,39.83707694462737,16.172404145513912,44.66433750761273,149.06301019232967,411,201.5013459827272,NORMAL
66,5.865193209139624,66.40234274554707,82.92828750749594,43.790597644283096,211.6420723135537,718,259.9761073731586,WARNING
92,1.7650938806365113,30.75278026824406,97.9341547711497,93.36811108543043,285.4256383013515,752,243.66921277305684,FAILURE
56,8.39662123798271,56.66289659122769,55.41560080680144,45.02972336593753,11.205506392466544,517,252.06890115512874,FAILURE
99,6.714089660568843,29.590356781652034,96.34629404154975,50.352912951449646,46.63723248089798,323,219.61812083521536,WARNING
49,3.393284562007437,59.01397699861779,11.586433021965894,30.78428102163963,184.91257021801928,297,181.12211001880968,FAILURE
87,4.160728512665113,66.99687786631594,27.219020993335015,28.73265438414123,259.7008337422841,139,237.13976701647243,FAILURE
49,5.646715386985947,28.35320900141405,97.09507916851001,65.15795437433472,206.18000875331188,246,220.22227554837858,WARNING
59,4.29485670732742,59.59419197251366,53.534014414697644,51.46780645821926,27.55778994589481,690,222.62417209055857,WARNING
50,5.49364648817423,26.819360057289966,43.98761312817943,69.48932146815602,279.1680757801636,784,188.76606276434643,FAILURE
87,1.673449026883106,48.110069246436,39.114301928353854,33.18264314738613,19.442370320333502,731,223.74156728904552,NORMAL
62,8.887751410403483,69.28180897638148,53.09204019518444,84.03897891730215,169.06641166277157,157,225.33800624769924,FAILURE
75,6.678274236839478,60.10056888365697,82.55060703374104,44.843212350182654,67.99288597811439,758,255.72959309927367,WARNING
43,9.054965279797733,63.71268967586762,94.1865556005248,52.55457480881271,276.87442533919307,906,258.31262988472116,FAILURE
95,7.015237947647792,37.98781682453253,76.60516526430129,52.317258617671065,46.56175923857028,833,220.9546072625396,FAILURE
59,8.070802683413651,24.523338962716167,61.92389865346069,94.62728348151565,18.358935391078912,162,205.68506835165647,FAILURE
60,8.568114339815176,46.52900975191086,17.409670226102353,32.88283280201549,136.94308053694445,30,225.7420430206737,FAILURE
58,0.6714116430350681,50.138551954336364,62.68277192528345,76.35861027517373,277.1225991530311,191,251.62469577201387,FAILURE
58,8.922969616793585,61.46975702536125,49.76387964169485,84.19797695993026,165.40155496695772,507,256.50118219983085,FAILURE
91,4.968578766711427,78.64771294997323,19.35391146685794,82.90954583723308,97.85838247887897,507,238.82543563360355,WARNING
77,3.749235495198766,20.262410931027965,76.25153047647305,13.346101370535324,289.97147099910586,512,192.19189384806236,FAILURE
79,3.504567508037967,48.88088510116381,74.65322768406324,33.84658304170924,238.3202485344954,734,215.48848042295785,WARNING
55,2.7838254991009945,61.72073405986736,75.06361022484566,40.11059551504743,7.594264185623798,913,249.4969234012716,NORMAL
45,1.2724894164632439,33.43951364858448,43.99946653311687,14.739843828125036,258.58457957348844,285,201.0499561540659,FAILURE
43,2.661787239067804,82.86768911368662,44.99137970581378,90.25825963329822,53.09182891824313,796,210.55928621786808,FAILURE
43,9.07711471339798,24.878836644889375,91.793602676861,88.3688229057812,214.74514303151665,79,205.6553806530095,FAILURE
66,0.374512152912857,20.074413361144547,27.537211213232165,40.89687269426542,1.7236276560056396,559,228.97789064981342,NORMAL
54,7.851408548016051,33.707328510690814,46.71910156320428,28.711438003191283,98.56730534105789,206,204.810460286003,FAILURE
40,4.90496411598781,31.23874810534408,95.40128938347306,94.68589432878152,2.544220245291772,157,241.28352394799543,WARNING
59,3.934228091193217,41.06373988495962,62.60614226986955,35.059291488750105,52.5638940851931,801,249.5464839501968,NORMAL
64,0.8189877138652835,72.58518778084876,94.4977157724513,62.46795667631225,248.7668502640683,899,243.1556088700268,WARNING
63,4.434907089728477,68.64491336102573,50.046765233371346,97.78351235006622,276.7056103372898,539,234.51984351952487,FAILURE
42,8.474292211016358,77.764482192722,86.48105326935787,55.4011008419665,275.20026917875225,205,220.88695636905953,FAILURE
67,3.650486367092911,58.67168373864614,52.23794843112499,81.4177054363447,19.83169352291102,765,213.7039331805482,NORMAL
59,5.227128976062025,51.089320148637185,36.27115353246242,39.3250402803987,80.3227483045061,206,184.52816853890332,FAILURE
99,8.801625908987411,29.224216119379044,24.73951207430146,33.868674115319614,262.52856591337166,305,190.19134048049565,FAILURE
91,3.0414495697490973,45.24151709248514,96.85066933754003,58.919907228592486,174.54331057879287,318,256.68493255829884,NORMAL
93,8.696829814477539,47.06360741901539,20.31591964835056,10.041086184497308,70.21411309710761,141,229.94944600854149,FAILURE
66,7.933226402656654,88.01444792850775,47.49453398870716,80.62046096268458,62.15923508687377,972,221.48915882992517,FAILURE
50,2.182949180515034,84.43518434203008,39.78435927416905,23.560270616438284,237.41642897513287,146,198.44679150536774,FAILURE
89,4.864613281999529,41.44613552191795,54.18416988475924,38.61173302641102,21.54569807214163,546,247.42119345005466,WARNING
40,6.028505335593284,28.40122281109145,85.5774499999785,17.197202746902423,287.09865877052465,424,254.6118780297807,FAILURE
62,6.771932578978742,39.71755004962492,12.774150885404568,26.776565991569683,213.86808178233485,716,237.3027497237672,WARNING
87,7.168711514442869,34.05237230543156,99.25215344080289,39.42449870426705,38.109263535116405,193,239.8671423296221,FAILURE
83,3.107071353396199,25.877782038016793,82.98183257219118,35.49323348340366,148.37148868949944,893,212.93286936623244,NORMAL
94,2.2136930658972673,83.63212727762524,53.064419694022185,81.83075593551796,163.36312906087886,413,207.70081416462347,FAILURE
72,6.498021564624363,90.49269088420131,66.54839895451596,74.34707963131127,268.8981238965118,423,249.06706260255402,FAILURE
79,7.505056888987033,91.26578183302047,93.47863475111534,90.66622408598171,124.34345290909273,201,250.04706532588017,FAILURE
64,3.1993396514065156,87.97662239771347,29.442371295273517,85.00533140815104,47.72195512901867,978,232.5324200678278,FAILURE
62,2.154142167373072,40.79844232718975,64.1353927694153,51.834852796475346,296.32887757341854,941,200.98019756900146,FAILURE
93,0.8300615916489607,62.98681625750183,41.03701389675376,65.77800910265691,232.18605054384233,189,186.64185682536137,FAILURE
93,4.699819722135237,35.67741530329284,83.46611328589913,47.80789361364606,114.64450255727706,588,202.43969109586544,WARNING
94,1.167328113379349,62.34762867135869,24.36451335618443,42.19695204044818,205.32003381917423,957,231.49076485802317,WARNING
78,6.358123919511697,27.306706866308048,69.89024617934255,94.38097850096187,231.84920117603454,206,193.71502365519024,WARNING
75,3.3280902987039895,67.22420985617273,10.60186704763655,10.666659830409587,52.12649524890506,142,236.12529982293432,WARNING
72,6.550166041796155,47.17812923693062,15.756261092338349,12.308598958877049,274.486922166674,934,217.95588265560406,FAILURE
82,6.717544903251725,72.0489749734621,83.30375314272004,73.2705559239825,145.67565175905304,823,237.45948415164023,WARNING
51,9.033362129562878,31.21653099759913,81.30118976093719,45.734881347629134,293.74557931935584,789,246.2212264455522,FAILURE
65,6.08233899870492,30.238406627101032,61.37204553905778,52.04847889080302,14.1439443292718,989,217.56085346299128,WARNING
51,2.688559373342858,54.43514657559721,10.225502172065825,97.87402882686698,284.9219080760294,690,200.22835834705143,FAILURE
99,5.732894745290178,55.45400864254439,91.6736984190406,84.8900172423341,142.84176912831407,20,234.09276923758895,WARNING
83,1.6567572286860033,82.05147430294132,70.8415259341673,84.50273477165314,37.41493935253236,721,239.69560999614995,FAILURE
63,6.015354754525887,64.8767435182091,48.21082283420356,81.1672334226494,152.65935683948882,82,188.31987103207086,FAILURE
72,1.1870072154712008,43.92843506047655,30.80501198208459,82.37462798090401,209.65128779954304,920,222.6428956118249,WARNING
51,5.4983286892550804,67.42332960506235,33.068402653646885,52.52589828375777,43.964599502514176,528,195.65099127783282,WARNING
95,3.609893704756164,47.92827606875288,94.79943060182798,24.08894569552571,9.235578296481322,546,228.53890569484193,NORMAL
83,2.5000149193571195,40.8159845090878,70.11193289204239,91.70000082480209,253.48985399973193,673,217.75427527337325,FAILURE
54,8.098016659899189,62.167587344963536,75.8659879307261,37.71753756837491,106.27253063041998,287,191.95886288946747,FAILURE
67,8.69389557420881,30.011273477602334,63.05148455649569,25.77817281544587,96.11671169397624,359,190.1697997781324,FAILURE
43,8.508105076880073,61.5884208351417,38.67158045404919,55.329023905513814,148.67554594172086,576,239.2216099468672,FAILURE
99,6.019188425852754,23.043127107478668,35.45601277438564,96.00661114861447,203.86911138703587,105,185.83755406325758,FAILURE
95,5.033715493339671,78.2900130622595,83.68083972375628,60.665707499141575,170.47704376689333,15,190.13196007735667,WARNING
83,5.618993953376032,65.41117476972076,14.545651797031677,76.52433770275472,135.1855834261602,23,233.08338416093176,WARNING
92,4.329644333298319,57.38962330111159,11.83426427114722,90.59817132495488,111.9887536871059,538,252.32182742976437,WARNING
94,0.4526269933928684,79.13235832020871,87.0770312537952,47.366665013653986,136.33503453647137,269,230.37423158872917,WARNING
51,8.929525646615591,72.6145391663795,41.46781237011751,41.199687742586626,7.663116614009295,761,223.5064753766748,FAILURE
46,9.251682661799904,24.1434285709398,90.05123683345278,36.9385768171042,64.38201790911026,292,234.89385465177435,FAILURE
42,2.055919580177158,69.76264209999867,48.92720625387551,96.14197082636973,183.76216578763768,956,256.9142867634688,WARNING
72,6.1098150433932155,29.779437496100407,98.73248394643888,88.68288306829771,13.032008567988049,844,236.07935945514657,WARNING
51,8.483685762859967,55.35772486560264,58.16009618696538,90.87698788323083,113.0589078707196,100,246.72996368541297,FAILURE
96,7.77880891823375,93.34950606422304,82.62539477579709,74.47700292835789,109.67510750239116,777,208.18123306894176,FAILURE
100,8.995866943433688,40.0046310523441,99.10600818881287,31.462259461681423,68.02408740865671,784,229.81911659639866,FAILURE
89,1.3329529148866237,64.22184982155079,79.29215854899064,53.25319206894498,7.5085451230881946,585,197.14086807899915,NORMAL
93,5.371746327060366,23.629002561989587,41.80324762492157,91.27463664937741,108.54580780915009,533,248.11902150821697,WARNING
94,0.15329078078987424,37.896718155277966,64.72275787640947,28.940167163668768,181.8507668352742,976,227.9486417119265,WARNING
79,8.693025161497006,24.35393412917898,53.93216822552543,44.208621513008104,244.11078300317672,377,194.9395581809068,FAILURE
78,3.30758507354176,80.13326566954751,56.126850785394964,46.53726225319528,203.8141177657778,967,190.37722723869996,FAILURE
71,0.53603843699912,78.7439270352867,94.8527640017778,23.482273100009003,188.36535804701285,536,225.25012901995865,WARNING
80,9.706354665647543,69.47496457039546,18.56733624462861,15.179457533786703,33.61553579953763,613,223.54897985612317,FAILURE
77,3.4206132839934975,40.14232085832627,60.79213777647819,93.15952594973481,203.07701011659225,480,182.84024962815744,FAILURE
75,6.33728835165705,80.52801030546172,82.42147795775546,55.44007885046733,66.63606295749499,390,189.03864228294054,FAILURE
84,9.92331983324515,26.89841886900058,59.32044042799595,64.5000565224901,122.77153612511228,843,237.6151656970767,FAILURE
99,3.1273922445259927,82.19436588797757,66.28787338082066,18.40236465131838,7.646942466165058,404,249.87753135697415,FAILURE
96,6.030233393543782,91.60888723995186,92.70972871004028,40.42162741892696,90.42096129332356,152,204.6723874946148,FAILURE
40,3.442293242965362,45.36229643282408,71.45110621224521,23.813455021593427,254.10038307554257,332,247.92047839254616,FAILURE
40,1.8569084559591642,45.733832524309356,40.264862048224515,23.757514048162253,144.50144107753744,878,246.46296385640932,NORMAL
78,7.879846298821692,83.59665887727189,65.27362446376509,43.78892785865894,230.82947498224274,679,195.69987189848416,FAILURE
41,9.967727258959071,50.76878328211567,91.1767486950016,77.94519017305845,165.23353818529262,582,244.50039351888105,FAILURE
47,1.7835996918942032,84.99683680982365,75.54703370760126,40.812560354743184,30.356359106096182,86,243.96210405451362,FAILURE
100,8.086351346289394,71.79529841341382,87.59323747137114,25.695308300584607,241.09490386079665,751,254.20418847017737,FAILURE
44,2.520542956619447,56.74125789255213,76.33340476894271,14.691845139893335,268.1381799585068,317,209.2121569309124,FAILURE
94,5.43369595797142,32.415399274194804,12.347914407407421,88.69563960228645,179.75003383221141,300,223.22869059797154,WARNING
95,4.775036257035494,78.84122608086155,82.35025375839426,68.80452063123867,27.055102084298305,483,199.08133008713799,WARNING
99,0.6820732784243433,25.875763027592154,71.04834171721231,13.08502093441243,208.906112470146,691,207.00732219864676,WARNING
77,0.25331803953415055,65.58180520600116,40.08962252678096,64.76519190760686,192.52697717968002,286,217.31335932394143,WARNING
58,1.1045673070678985,29.214113023587117,90.9989711048882,77.0853340214728,231.9180618394596,228,184.99399933394383,FAILURE
69,9.438078165757787,35.97749344558328,92.69131411305003,62.48051128585167,38.787359356196184,909,247.50732982912473,FAILURE
51,8.535311707206398,79.63281506751102,51.42824043902588,53.64596403349766,57.79860398933026,731,251.06433939889635,FAILURE
75,6.013189690615166,23.43609114814411,39.10866546680296,39.49740762177407,111.98203678124192,990,190.23084589594913,WARNING
85,8.394681700947418,62.614763168351416,79.98973967993963,69.56694056909693,78.3138977297852,352,193.70764313535778,FAILURE
47,3.263086028109017,42.51586544841321,51.870474738104235,58.77837943521547,54.44224131283072,546,255.74308109341507,NORMAL
60,0.4095286766384554,40.24547672462481,75.42123531414936,17.39574806322515,28.752154731320033,549,209.97046338426733,NORMAL
65,0.10462409478820156,90.04351170178641,47.293335467904406,75.8134854560687,267.796691111245,356,201.06069343655383,FAILURE
78,5.603080344935908,21.65995991413096,13.135989145984905,40.78257899268348,180.75286438918346,957,203.4551677434829,WARNING
97,6.8518147484427345,51.78003526626983,69.08047193908257,48.490563508340834,4.730644762297959,365,210.61371867277418,WARNING
98,3.823316844977179,33.490886933558045,63.58727940471663,86.48162980982923,123.09922524563606,516,218.95214823755987,NORMAL
93,0.3186945923920559,27.43384187885106,53.719848802455054,38.558861603450765,263.0921811602035,678,197.8980253308532,FAILURE
67,0.43052177466213704,78.89794930733473,72.80982365661936,62.960257335917106,235.02205203710335,942,240.43945441108946,WARNING
100,2.475807212946509,53.997649034909806,43.10258294059825,18.729774654068443,65.39591766053859,528,181.5085922208223,FAILURE
98,3.3082556122705506,60.24114176964156,15.886289456369266,71.42106411190807,206.2006404179996,336,250.57493948094623,WARNING
96,0.5013699857524367,86.06669269253258,76.45816382794987,28.813124656145803,206.80177160442295,482,183.32668504442952,FAILURE
62,7.000243245732999,44.86793218819951,81.55473466683065,96.9927419662152,233.75181275316206,259,229.10839711969743,FAILURE
46,8.257503261586953,35.65259605776373,88.2038046828534,73.45961729080997,118.14252939728875,12,183.8570708054653,FAILURE
82,6.887504785939474,94.31669643513145,95.28033361429539,91.46775851100342,252.13803897482435,716,248.52112851022792,FAILURE
88,5.764969273581343,90.06351391646274,60.88247559928184,85.47455651868361,207.97789378799612,963,213.314399250195,FAILURE
66,0.24033332646396954,23.28956866207505,45.752646105412595,28.31146152684308,289.5433949550431,993,253.93962792312948,FAILURE
43,9.077457807141508,72.88185298019175,39.481278657550654,48.67537352704542,271.9619348477691,443,223.7672527861823,FAILURE
51,7.513909636489947,72.10887786867735,93.30355349654334,70.25241760599549,181.22839363860768,22,231.70571172108131,FAILURE
41,4.001203209441772,84.97911664908713,25.21544956026464,22.136787534796234,128.44166778718645,128,200.23563831936303,FAILURE
92,7.086506123642642,71.40040764975114,76.06606412774093,71.0265681623421,227.14932534365903,761,218.6985183502726,FAILURE
79,9.808559361039489,41.09437181934038,91.99063721991328,64.58226940549847,73.8153510104884,611,244.49080693765376,FAILURE
53,6.807667264864312,70.49006565063686,82.62300227297887,29.89910689171255,80.9876280369908,31,189.05428801401797,FAILURE
54,2.7373220299100307,63.83254062242612,24.969124546241243,39.376650454459146,144.86464654101724,893,190.64996881978317,NORMAL
72,0.17140960494050783,72.91178631030182,23.117131817000555,17.93566699470611,36.10684418116454,895,236.48348879909005,WARNING
40,5.29804619665981,23.46417982961287,18.83530321616574,25.855118502091052,184.8117579161512,458,226.19408307421264,WARNING
79,1.5511580584992957,44.97296389191031,20.20611475029523,13.448646126829995,287.64644483178495,987,234.65393013362922,FAILURE
91,0.48540019373244814,36.79280057526686,39.52408482023597,24.965693608607516,146.11535040463954,577,247.50822464183327,NORMAL
41,9.90784960106324,82.50265578983444,14.661436050898288,39.30007743393645,141.0293644861791,115,249.22576194720548,FAILURE
64,8.632896767521656,40.210255764976324,79.77865308908663,49.815106897527194,210.0460154476613,781,251.36961376406845,FAILURE
54,2.665338104727856,79.32773576874993,10.250070845280181,15.461110106601781,90.20627145511374,583,259.1942336439764,WARNING
79,2.683177817294399,26.640257706003,13.250796831247124,66.85693527450692,156.1210925279439,789,217.0718646714244,NORMAL
98,0.6458549108186695,29.67006339303009,69.27637083689841,92.03777125030857,292.3287942956728,239,244.5859789480292,FAILURE
43,6.2377888292965515,25.141663712676785,80.74631003634207,30.325865659148484,67.54721656142853,929,204.1641354741709,WARNING
49,5.515275111832772,34.24727958332565,62.65469137510712,71.20427420039607,32.34774204749037,920,212.1906926568721,WARNING
88,7.3504626848081145,86.18432225355541,45.14348256646792,80.55344693906473,20.0718968025935,396,192.88513408163902,FAILURE
95,2.364870030238867,56.961606234489985,33.94573372252544,24.576822887167005,168.05257727738004,650,247.9689823605471,NORMAL
55,0.16410619898935663,31.807387152090023,49.77142038544599,85.78392111687083,191.37780968020436,264,238.54459872932694,WARNING
71,5.372977852900364,38.01577936195691,64.85507110820387,30.177121263849703,68.55392203236912,687,230.53098070579762,WARNING
52,6.859192288200875,82.33263920064289,17.603768498291632,30.29620029213095,82.22424626587342,119,239.73680478333856,FAILURE
63,7.562300841684117,46.43033488541403,45.456717806514824,66.8853460983386,130.68535190797164,786,230.44544598231897,FAILURE
88,7.495857693569228,86.78123272014909,68.60246558069866,78.19024214560424,53.687862095921425,911,237.34922285466251,FAILURE
79,1.562295546167507,75.33486663518883,34.51977848626398,47.42235403510555,290.44025847822155,793,208.21268144538922,FAILURE
56,8.52042096184656,61.02349149828706,51.38772502367332,29.542367180722724,97.04640079619824,502,208.7278360965152,FAILURE
62,8.334169720639075,57.148863597004244,55.5983626815847,95.5548267830705,258.13403775404976,614,253.68563388812908,FAILURE
96,9.512890879346411,36.96847388025085,29.58687062498375,12.939822634876398,266.29131149869977,504,186.10269463952895,FAILURE
82,8.162581426324257,67.88001265164291,97.43465539715358,88.02708623412938,128.35767746407134,155,257.16737871649957,FAILURE
100,7.778416153232457,86.17692385344762,92.99261955164063,81.93378771005372,246.47061653107943,943,206.58484825131546,FAILURE
58,5.887762096242444,45.686814983192036,77.69141144629053,72.99913554571106,231.19882221680356,818,228.15562384803792,WARNING
69,3.1063917687334475,72.29926337262407,91.18862498401784,48.78082037194933,28.966101421252475,782,208.64827587799257,WARNING
66,8.862072448830947,32.806975607622434,25.032724908644887,60.40014914691637,29.693654435712308,996,182.51295359404364,FAILURE
93,5.779165367003788,57.34727096292683,44.792482725781646,67.8404731540825,167.12617586816853,132,254.89961247630268,WARNING
51,1.4051187382017327,31.85639521551718,66.96660027243053,74.89858991849316,99.11176660130575,100,202.58401417734825,NORMAL
89,9.780029599657837,29.188844837455328,15.670325813961217,52.75417659322984,25.917630515511622,136,219.93972992041392,FAILURE
42,4.417095853993543,89.55096600760325,59.90272260897183,52.539094591012166,104.66535563626687,934,223.45442946172324,FAILURE
89,2.649426195492779,21.326406774879956,95.99583033952193,37.597036594353376,46.60878015112908,345,218.0957593780006,NORMAL
95,1.8837411327028608,41.24769023243433,60.765826973067625,49.97980485238071,190.29999757256073,467,204.78836722041262,WARNING
63,7.598934759689757,45.589425313902204,11.27582573528088,87.34126515318304,182.9206692154421,201,203.52312738420872,FAILURE
49,9.33543084984096,41.468464216591315,54.56596569134351,86.43429121079726,185.95966978272418,50,244.7014915363149,FAILURE
80,2.520260141708337,59.32688856391586,27.857493388862245,96.48733208332379,256.8583679159774,186,207.93548794889153,FAILURE
73,5.157126126504275,36.91414150727314,52.70358365963892,75.43518918510186,243.3124600244568,406,259.17820164161674,WARNING
87,5.164368579336155,79.84624134984787,82.84137113440467,51.21053138576545,260.38199984101726,844,238.48493177159958,FAILURE
96,1.7755849629198706,40.61236941231855,83.05192640762958,75.57795967937125,14.350493686528441,86,210.9684959941357,NORMAL
69,3.100351008539959,28.57605317884015,46.264325348846796,27.044456925686607,218.89578204270396,553,252.4871342495441,WARNING
68,3.6807415373681063,57.02603829934417,49.10544456644924,15.81957874440792,110.80460334892831,42,208.65187828132846,NORMAL
77,9.021527740057106,74.9527189812388,18.916067026963624,42.11373188751314,121.6574212267524,889,237.45746504849123,FAILURE
68,0.4681807616781375,24.78052086045311,96.67794577409138,55.66062827750561,225.5654512641801,368,225.19467518227182,WARNING
66,0.7062011542569402,59.49766094286625,70.5133599743351,93.23937311945998,88.61366785032979,110,229.63564201179312,NORMAL
80,4.103490449616844,63.43996369553416,37.25828136570169,29.434990385678887,35.17176999193856,263,183.26253152531586,FAILURE
75,3.8972313211244938,50.11580657685145,60.661115143830045,11.141222578750451,285.35231938529205,898,206.89955883996402,FAILURE
50,7.901358985466899,38.42810120786723,79.14617896810823,42.277810699794315,29.25328870504197,289,210.04180916250877,FAILURE
61,6.03803759651453,63.08669205817271,69.41151980407032,94.10151477681843,43.91793649955295,271,226.70487414671018,WARNING
80,2.1197726230461766,69.31543525985782,30.630604828825632,10.042160477238882,87.79046198035408,196,240.29684591306287,WARNING
55,4.911224190625138,52.97934606008902,66.37084435573584,53.486063615921296,199.43854097252026,822,218.7099366577985,WARNING
46,8.380739394969067,62.996724218306625,98.90554318667141,48.30923354720719,97.88070447959454,801,197.71197327509486,FAILURE
87,6.359543926530313,64.01937090454442,81.3395615146891,38.10911677950581,231.53131971460388,615,254.171635004522,WARNING
82,0.11474191642393716,71.41115516453172,14.219561780301829,96.0760115303004,214.1984811967196,14,208.9350508766497,WARNING
95,4.729657898982522,88.17994529397227,14.282301048560175,81.99175822888562,23.8544908506676,48,222.1809696311258,FAILURE
89,6.556160051929629,55.45845139351948,73.45470180240532,70.41734153060551,245.2200553089239,114,199.11879887913614,WARNING
57,0.518721947005627,48.814523579007414,43.70445184626648,53.965071344624,59.30947706980097,260,189.3529221696869,FAILURE
97,8.14319416619696,84.31308078442531,55.232291334048234,61.85786677908122,51.45114523996734,608,188.18559016343463,FAILURE
76,4.705977753850874,35.779303544421786,79.13163796949055,45.860238060411675,255.3122140487899,311,239.5589972355806,FAILURE
62,0.19255979431059944,23.06053569968484,44.56569483840311,83.99167070529381,248.09727918916067,208,222.26634285548388,WARNING
66,5.332423906497098,70.07508080503004,43.3839670713628,64.70486199700528,265.6941586808666,997,238.83822210505818,FAILURE
65,0.043564640566807755,92.82382418122715,95.86667745680984,25.93882923597654,247.62835928892923,760,191.74560529675708,FAILURE
88,9.973355631710957,26.475420912207376,49.18465689347875,65.5176673106007,237.86756296191388,715,220.8859123146955,FAILURE
97,7.098970139751194,40.84524474058436,16.609969470939998,51.32157404274515,137.7487904827154,941,196.97283848244126,FAILURE
89,0.3728150485884807,41.63550508756437,15.20609501531477,85.57988367972555,132.6963024627994,838,217.80029106067948,NORMAL
60,5.972769389365803,83.70845106995264,23.642796657121522,23.279375545770456,104.67011942477632,441,207.6454492526929,FAILURE
95,6.921272235212914,53.44184915784183,49.80840555163464,65.7295407392843,60.75869901101321,351,249.3302717868221,WARNING
50,0.09854487306327209,75.81609718287474,24.499582223076633,82.58216988369531,235.7686170828843,414,191.58484218798614,WARNING
46,1.497212081700432,76.90700729839347,34.46049611759353,63.99580550577844,116.87380547656078,247,239.4384019755645,WARNING
47,3.6708013290188255,77.33441892337387,81.18803790837119,42.325927861039396,131.31677306599477,660,202.8427183739603,WARNING
61,7.812384111055385,55.23566933800075,12.046794613836216,28.69810245245575,196.45507207426454,139,204.9623867897403,FAILURE
56,8.625522987372912,87.78167637201838,88.17623085798765,39.40779436969317,246.91163802316905,150,214.55487244671315,FAILURE
55,8.339039342671796,90.82693132849982,42.014014537583456,31.53648862723891,36.4716218662151,741,248.0455373253029,FAILURE
92,7.751747446569752,90.911683673331,21.167254967139726,45.79992272443198,91.76589511534272,377,213.65136554657354,FAILURE
47,2.726533558940476,23.671501862403378,56.654107013460596,42.06101302098081,42.45456439497996,99,201.65683532831812,NORMAL
86,1.2898400471186422,34.30284843196297,48.78579051115222,39.3009323155807,33.825707730692365,629,205.72057011887807,NORMAL
52,1.5702570790407688,28.816104166972917,21.506612003793013,69.35772408829811,237.35052019038068,430,186.22520276874417,FAILURE
56,4.396287258202632,87.88801246700928,50.831778799817315,97.47325321797196,42.15359832577894,943,201.35189480222348,FAILURE
57,6.145992291258206,70.35778222172266,31.174807216565576,99.21818447058706,90.31050586311477,731,224.32346758607795,WARNING
63,1.4531912830474258,94.63373031930212,16.270691001904684,41.67563862429522,250.87074748623954,833,231.37150389906503,FAILURE
69,4.890516490917123,77.2239855741771,20.43080029137007,16.007957958844436,49.534931098859424,728,239.40924784963497,WARNING
95,7.87859174988059,75.34628049759368,81.59789755628816,82.67765060455822,174.44014632892885,362,223.59241659068468,FAILURE
100,2.3365053292424,74.37996141866554,75.55865806924042,41.836283597139825,185.43610140794763,830,188.22269453501832,FAILURE
51,6.7701728290479055,31.865220170720473,44.99237293150835,42.36398489945423,112.67882582648515,40,185.09054262738445,FAILURE
94,3.2753922544572367,81.70080525003515,27.362818351745343,49.474223643281725,173.6694957742711,946,225.49741673259123,FAILURE
50,5.362031284184323,45.69702477084315,83.96140864869723,12.531025726857989,170.89963072916836,392,235.8486323513022,WARNING
77,7.088527123206122,74.0380769268823,82.12781178465661,16.546438275445414,92.13544234790128,157,218.139858363548,FAILURE
75,5.240747853726827,24.8759579737861,23.414273973995797,48.78636722925366,210.08492310504178,728,243.8212532670488,WARNING
48,4.4297296538524025,61.630040128670665,16.70696366153295,59.204019957461504,217.93720687796414,289,183.18637299948554,FAILURE
95,1.7704494830496675,37.54530468019806,39.72376814718202,47.43334459275095,167.33196965937978,613,212.53799697072373,NORMAL
82,6.262989957676624,36.8481780211123,52.538740327243076,97.29535132082705,21.943761492681677,786,218.40309062251953,WARNING
47,0.8676360497410374,22.15532327023186,41.002252402291475,15.884220651297163,26.619232755913114,422,217.4675524054806,NORMAL
95,5.390861178102594,78.25082789673054,94.11134560344205,60.37419884705099,176.0905216073848,743,225.66009820134508,WARNING
86,7.764735776105882,91.1222010158655,90.32485644729626,87.17908330725635,243.96984430546317,767,194.53020331472968,FAILURE
41,7.6782363625323935,79.08071950632649,83.59287772037291,10.267758573858409,221.62973393087654,985,209.175888154875,FAILURE
89,9.898872230721839,31.202376712720355,18.57573408319602,18.155114593640814,153.92604824450194,606,209.26031574418226,FAILURE
40,7.731927309183455,30.761995152621544,81.57991288184968,92.7353791611731,19.88566593175434,772,233.76847430758113,FAILURE
46,5.336753068720897,49.921962401954005,82.91242971110265,33.74214535151272,281.3137287061127,258,228.4597747212552,FAILURE
84,4.649299408930194,68.54494921434926,69.0644187783856,93.6959066607094,148.95711372164197,12,234.4670820998707,WARNING
91,3.6132402589001424,70.16855066736912,33.2540962059667,49.903461338085016,226.15030958425453,585,205.4471265216208,WARNING
41,7.860145043285502,51.2318198370613,92.48975822895049,55.19957257167249,155.56867434092774,370,180.92519378279923,FAILURE
48,2.7483286078532965,28.474082733957502,37.8157509021793,72.38546288450354,216.87703052168047,949,187.41941659873964,FAILURE
51,3.310188753457214,25.523514769093445,64.11563948929825,88.34902384687317,159.23751799946882,56,188.95909656153245,FAILURE
74,0.10889562761599803,44.54658496743822,76.81622278820785,70.78801464797161,112.82190248446469,880,238.07408551356457,NORMAL
82,4.9980225492040145,81.44716754820155,57.009611216158895,15.870000616806932,177.24868106858884,297,226.22367312657377,FAILURE
75,3.4045817793485944,63.28722167396494,66.34180390279707,19.19475945749654,12.635430072507933,19,233.17377750660268,NORMAL
58,5.268789940404508,77.46310206505362,51.53869021659631,90.95443385158156,127.78507189857184,663,214.41566141829344,WARNING
68,2.4335947377181766,42.857741744636,52.740678198997436,12.684789932367016,112.58320624737834,506,250.99012088219607,NORMAL
58,5.2356624261317295,73.16357274275913,73.01894586494157,90.9407461778528,188.0092714688288,817,221.17025572122935,WARNING
73,2.6609772851609037,26.50159179174116,69.14688880402053,13.806493774385054,151.5984814332839,282,250.32938930805705,NORMAL
48,5.665502130273868,50.06183738663169,83.08256681367257,59.101607563086766,41.02523856879247,100,217.86391882654868,WARNING
42,7.436803715053947,63.552512545138676,10.179083448827033,40.28813353740968,233.7246044586257,709,218.40294927263966,FAILURE
86,7.394588878773067,74.83304377838311,54.472891452727566,75.70257505709371,203.92433121664286,892,186.76053758893767,FAILURE
85,2.0264173449158642,61.864278078228196,54.4074303745499,42.721095228559854,84.70839254314744,86,207.25326510580982,NORMAL
51,7.626357889429692,68.2495031333917,37.60829222516032,45.82001430733166,139.0757968272989,191,188.81711055780946,FAILURE
63,5.182184507686368,59.99488407288781,90.19854016285768,52.944164961579666,264.8384197186584,40,229.59076624101644,FAILURE
73,7.25931759056458,81.80646838662014,50.54235332758679,33.095300881914405,228.74914469450513,852,256.6419906800712,FAILURE
85,5.1702962016211815,73.93061450523112,80.14541685724873,50.353889594211736,265.38280243667026,691,193.45539935241754,FAILURE
89,2.5848419250985764,24.02528957233724,30.32422274324953,71.33125919343696,238.39104178145817,638,217.61672287992738,WARNING
51,8.019606213603467,21.791175503337104,24.03685380238119,24.913314122038177,163.74506233619277,882,222.69638357280135,FAILURE
49,9.058875608286371,46.39477708877631,19.92396732359921,36.01581043261979,19.52898327750982,464,257.7204413493421,FAILURE
72,0.43498938377284024,71.00600241522267,19.980221344526143,43.25470181666792,5.992573651970753,739,254.99008358312636,WARNING
92,7.900026878291145,27.521169494261237,63.28959418550638,76.42042065597043,4.268276239773939,565,223.360758704626,FAILURE
99,8.698284085377354,52.88408962047998,78.56951891995539,70.9957601401277,266.3549696897189,33,188.41186182968116,FAILURE
50,5.219857674641086,93.2422611472926,51.316939506848925,90.45516087778225,94.9904558634646,956,231.67140320980462,FAILURE
98,1.9654957711722743,64.06806612947499,35.1066493070211,85.3358862441404,263.5386216544698,236,204.09732347979718,FAILURE
44,9.775631618357302,36.24768896811483,81.04089234072765,80.23245894309667,150.450502799512,971,247.3137563583984,FAILURE
62,6.229940324978763,38.43550916251307,64.57048575986519,19.131818791663648,84.39735038179192,664,197.87415280343038,WARNING
81,9.571871930634298,62.262202444010605,48.29807493121332,37.23042840718607,205.37170889168212,842,201.53302032036,FAILURE
57,2.5436353386217334,65.55856436613772,50.89151835381058,93.76511400600681,126.64691019467455,439,226.1731813081264,WARNING
83,2.8998799012219987,94.33887100038442,46.91110183253347,43.968293494759884,7.193719066060114,438,251.7511641490165,FAILURE
41,1.9889294489917775,77.02535005560526,36.60852334929969,26.89890784635812,200.04825185063143,677,198.21387029019263,WARNING
77,0.725858273851494,40.62427204738762,68.63016434970538,34.79382071181152,11.747336016911698,15,206.91573425924778,NORMAL
46,0.0035727157827281086,89.97557170339735,15.431840100987824,88.40637950593486,177.43938298745857,472,239.93065711170283,FAILURE
76,3.5108389684604613,89.53947164066754,86.72092311630688,25.454105081615282,114.9051787645423,961,215.23194382140125,FAILURE
64,3.2673785411482834,77.6537897439859,85.66905247156814,51.3370793678753,31.668917914709656,205,234.05579355522707,WARNING
79,2.609313713181084,90.33177620809872,63.426179234622815,52.55975537914966,229.58278881441754,835,233.37419109807172,FAILURE
85,5.419181950790655,62.51916384790778,52.5243243456425,18.467660294541037,263.16035219616543,451,197.50717323298684,FAILURE
59,0.7200755691965199,66.36581675500344,10.790300341677478,65.53975603139233,209.6178204230048,67,224.99716723374115,WARNING
82,8.607231618680023,92.72329124530894,35.782374945901346,80.35118072045812,13.186679152339085,818,224.65878577230814,FAILURE
74,2.119008354329175,61.48619342699785,89.3997424768428,15.899720498078016,20.73225877532432,68,187.30552653033698,FAILURE
81,5.489122723949818,36.84878701462878,99.55694756433066,57.15866446747281,33.18385288039789,993,196.81361093482522,WARNING
44,9.121532031858191,74.25730226105073,82.19473638342814,30.306958726265552,156.82740240471603,272,196.94599875790578,FAILURE
64,1.1518372522484466,62.82979068728285,48.38349485340356,46.895716461313334,117.87824444314144,500,211.77314116005496,NORMAL
87,8.97753919136155,86.24779348296974,71.51749798329564,75.45620016167203,167.94471664838053,489,254.9394131968968,FAILURE
54,0.43972647280532406,60.50798687394959,66.00206224518163,64.64009038411417,134.49365166936448,574,251.55614449398826,NORMAL
90,7.30299064314948,45.68294916401385,35.58586832965978,36.93864560770808,254.3584957011918,953,236.22082967075494,FAILURE
94,3.7252001692168335,53.52805658807888,15.230673843207594,60.700131188786706,290.4155955349117,603,184.12686915450027,FAILURE
71,5.019978879577549,29.107499128724562,29.96339754443367,38.71995727141617,123.9443995724749,18,180.0531579914664,FAILURE
52,2.6071736125808176,93.08113889338647,99.32702434247977,52.45249925278814,181.24294314016683,374,213.4707895975634,FAILURE
62,8.491884767881261,35.94970616173728,90.92241628437836,39.67538466186474,165.81529633293835,814,206.93488046775354,FAILURE
97,2.3374923082676844,93.39567543206934,36.23027876796243,97.06039130765119,217.77600707027526,358,253.63441065736566,FAILURE
99,3.92171534899762,37.95768853590838,14.912225950689864,47.26654710495229,107.85906147569833,13,221.49661559081747,NORMAL
45,2.404411133769484,29.232783193219497,78.3188002030654,52.52354625444789,8.156872802486888,269,257.36231157417603,NORMAL
76,9.799058337378789,36.73292657026319,53.151064036342184,65.64315329262271,134.88748488062353,971,219.73783338435302,FAILURE
81,2.869614929250486,46.43400475101929,40.84878183659876,52.25508924224117,117.6256912572639,721,211.95297238776888,NORMAL
51,0.3673296627834022,93.45686246110014,36.29683309832261,42.46035434049298,196.2112749814124,27,230.52404232290854,FAILURE
59,3.8057174753379677,55.88554945875649,85.02512113122364,97.02946699289612,15.834494127992073,578,248.23761788895953,NORMAL
56,3.609897264150378,37.241249499734245,20.92648454847253,94.20188440774739,11.499678315125673,737,198.23014312898005,NORMAL
52,4.274700483107173,81.26446521501126,76.26479365823621,88.28279399363736,92.10514483251806,238,201.5200231910083,FAILURE
49,3.935618814741979,47.57284661410125,63.46915700479493,55.35860240050208,145.48201031077372,56,229.46795840514895,NORMAL
59,2.1022273192210794,47.81033567344337,39.550897379637576,23.690671411685784,294.30288465897246,210,236.9532700782874,FAILURE
66,7.3186093449267275,46.16730803934105,33.88161940706232,55.67978481681479,202.20893843323176,29,219.40363545810447,FAILURE
96,2.988428730978727,75.08700806636065,40.29364394576099,88.75119660039282,50.24038205909351,767,203.22569332579775,WARNING
82,4.789423424157886,60.15185853097522,34.25864029292177,70.57018544431997,26.3056074097723,50,187.96935369118287,FAILURE
84,0.20272540792577898,41.42340373309571,59.916313347854256,66.92562509785884,80.27739938112933,72,238.19741680272105,NORMAL
40,0.6607134001692627,35.20899168570981,22.294261655686302,79.00541285937493,198.9212684883556,438,257.3147690544597,WARNING
58,7.453365963890095,75.3587836047821,55.63831926118901,64.52085739418703,192.87632516379364,469,225.8425781320264,FAILURE
49,4.951099950789305,25.986691679898122,35.84319353546351,38.2746623086704,151.10662745943884,680,217.54855553921988,WARNING
91,6.970765397662804,62.902414163056015,97.46236063237453,60.898673157358814,148.5799172784357,444,196.53154544438092,WARNING
85,5.527622811304791,33.793952156671125,93.2065466949004,19.972018912618793,156.71933707203056,696,198.09458152671118,WARNING
47,7.005349142443871,38.63831303247699,99.11693138304771,56.26894269202556,290.0265633310804,320,250.59036498093445,FAILURE
60,1.6130511357440236,75.58465830184261,14.859663938824927,90.58250017986809,192.7756318598524,379,209.30982606852012,WARNING
89,0.6638230549050872,25.904679760886864,99.41681572746624,46.22967855026387,236.56551153430908,236,259.1559043974633,WARNING
40,2.4302226620326737,88.86078763842171,20.02812555754256,70.55267699811066,208.53370756456152,433,228.93505751794441,FAILURE
54,2.784582096075441,78.28840734050397,45.19740033752433,68.199910838335,184.4213796845635,763,244.25186945587706,WARNING
53,3.684751365881429,54.597815779861,22.659441727556292,94.94534831257964,69.09414120028737,853,227.38653153928797,NORMAL
95,0.09075168864077332,75.86796309033275,85.57656137414575,79.33803593564592,7.061503031072193,181,216.342325784493,WARNING
71,0.4942869408556505,44.1538972468759,54.11496511673972,80.89527613333564,251.83100595369046,797,250.13491106593708,FAILURE
96,5.267852041349839,81.27132860136246,43.38346768249976,97.4737711219407,259.2762608259679,630,248.7232835159139,FAILURE
76,2.748498090720388,55.65260851273751,63.3423679430392,80.79520723932046,11.365349988059204,160,243.0516431851108,NORMAL
92,6.23184409557374,77.31335269054722,83.56067971211307,90.4903727106384,150.64566632755728,151,259.02332026118523,WARNING
69,7.027370236881988,45.3070441914568,88.34169186034272,75.0896721117753,212.62687604561035,469,197.1344467696309,FAILURE
46,0.7367412551575259,60.795859710796684,92.26251077046734,93.72860256008896,247.04986619173982,629,215.173053974965,WARNING
65,2.021750974069544,41.002037861864,90.48504117825165,42.574434222983896,246.97893372249044,457,214.6164642182919,WARNING
41,9.837003185949415,41.983644799223796,35.06026331309012,44.78911851915905,32.93446145784553,388,257.9281065350879,FAILURE
75,7.176259488109436,31.956805033346775,45.91496408560852,78.76634952541728,298.67119194257003,605,184.9234848582558,FAILURE
77,5.1671247327619705,75.83065584704508,31.70978168427771,43.566153298481524,266.2684471864646,414,238.75656665348345,FAILURE
44,6.318292681405248,21.14127023124856,21.370570145560443,54.14380573558614,85.93306325115981,318,237.46851893844317,WARNING
52,5.136745757658742,36.749911684206076,92.12165897600451,83.5202497026445,6.800014310259317,220,231.08738715495713,WARNING
40,2.533799371605343,37.32646473523775,33.5099340779237,83.63609502543069,16.471585503887983,550,254.7044514071705,NORMAL
56,1.7946979725088152,35.934476891556805,94.34116894663015,25.180819785329227,13.200334435627733,15,225.79382207549372,NORMAL
66,4.446613025143071,84.6604404376449,94.2624593538847,94.41719842989106,199.42510197374315,796,208.04671977599773,FAILURE
61,2.3690253269185835,76.08862084199104,18.56054959553051,51.21285937970001,10.47617761937907,460,199.82368308230727,WARNING
48,1.684628784750839,47.10133126678072,68.14594148381451,25.212498086692797,15.760422906925873,645,188.65740672823387,FAILURE
93,8.24462982536833,66.68523462195773,69.44237333721657,44.84041005564839,227.52252233888973,792,184.6307181290257,FAILURE
82,5.1372156093712285,38.09326854877771,92.61312043272089,36.09180067573561,238.36574825561283,244,227.80250373271858,WARNING
63,8.406028820373965,42.47950887070309,53.67521421266143,82.35814487107228,108.36098231160507,410,245.05234932784103,FAILURE
63,7.025714727122984,84.02000538693464,57.14011469442037,47.28989856560446,294.85358100718196,606,251.20754699948728,FAILURE
47,8.906284910601972,31.626975253063392,97.1158163006309,43.067874743176134,139.08248284920313,557,205.24169706162266,FAILURE
83,2.9628490687455766,36.06801790931438,69.55004015577376,12.23830106038027,234.4685083966737,881,257.8679002336695,WARNING
44,2.1475723025824034,80.0548985968077,79.63202466450521,89.49969847104215,187.712836759104,281,192.0047522289692,FAILURE
76,6.358090965739532,91.76747285455289,55.30969392302205,57.69894262022712,52.062059495330715,343,201.1534200146536,FAILURE
48,4.19878923089488,22.03435581517813,51.97684712357499,61.53827022734331,111.79012712290813,495,214.61576614589939,WARNING
56,5.5067573842157636,61.51179810357137,36.05103522644861,35.77748546573141,99.122493879888,603,216.47404570767412,WARNING
88,4.261910944887068,80.73242027511299,95.40921579594864,23.679683769377544,109.61681868594917,155,205.42082087200967,FAILURE
86,0.39692188438889,80.56618631276419,37.225859801639615,23.923613406441007,167.55827648222225,160,232.68620234958962,FAILURE
45,4.490906446850293,60.10229716551627,50.34436063877077,39.71535829598322,154.67449288891387,850,204.55510213287604,WARNING
63,3.3365948370095735,56.52697157842497,50.30209688255379,76.27109575566028,104.24541331827872,415,236.67829102412395,NORMAL
43,0.9984701113810657,38.70859510422656,84.33301679239744,37.6950861038935,75.34942441650762,508,180.79183343845824,FAILURE
66,3.0541609362837505,31.639652876826013,60.04303303060987,25.298347984976466,215.61934357490017,312,211.70642549066437,WARNING
44,5.642379328210598,63.31636427822897,33.113740335647925,94.50033625319263,237.62880009363425,232,233.41525471952275,WARNING
45,2.546205369099004,71.60849559191617,98.71008215401318,20.761620620750445,257.6505119062745,531,237.92337487255315,FAILURE
81,6.467733683156674,29.19973983696089,67.55652597632502,47.60563371311575,230.5084393946691,392,211.33132825488062,WARNING
40,1.1472300175663375,66.07818641105708,32.03961236500082,41.14135743282351,210.84684104619865,898,255.72263815259132,WARNING
46,2.845422113552396,94.21347245014188,56.86986963072966,23.2397382685145,71.19313684082374,946,221.40742528772,FAILURE
47,7.617139924583975,73.00758758920412,55.406507491580165,26.937391777188427,14.690906291773754,591,209.49108947402613,FAILURE
100,4.613918350588851,66.05969420494989,33.06126511417284,44.55909396033201,216.85014270715175,868,255.46901845803853,WARNING
41,7.071684780180454,83.73279684264497,77.96738187897712,57.6176709683297,244.5909006980688,49,259.117326135895,FAILURE
43,2.69522036489891,84.54362421291802,50.34800348239276,20.475367766334145,183.9778784409144,638,221.75426172367304,FAILURE
91,4.866000503788214,59.94842926080649,89.17968765800755,25.039039295364603,103.38457613404147,726,193.48387936668672,WARNING
42,1.5900734850555753,90.03932280487136,13.25751375700794,95.41457562732464,96.78742872081386,835,199.78819552763483,FAILURE
95,0.2042776933102619,87.4874919711549,14.55192285115638,38.15615287623577,294.00089117080654,994,186.76097451834974,FAILURE
56,5.349504073686625,40.34590329622985,56.35899830605087,32.12344151485662,279.2148841873539,383,224.55554505783562,FAILURE
95,5.115471766893689,46.630266043427504,57.33777925368209,37.287650692453546,245.330565009933,815,212.52704414715447,WARNING
52,3.0139554930698917,82.14975490188667,18.09413216658968,18.718257338256674,210.47964599082252,60,242.39245206364234,FAILURE
51,7.046164004729915,75.58452417805361,50.978045138102694,13.798370255785162,189.4391034845233,804,244.6474720491223,FAILURE
91,8.617779917177339,62.53491556018906,30.973607915619162,13.043156417873814,8.144893114047992,977,259.5485542691596,FAILURE
47,9.414600092498377,71.0626131788817,19.168980741682724,36.402265136800835,141.45389632555566,718,212.04763108098902,FAILURE
56,2.4484132791893654,91.73205943514552,63.48309385538589,99.52866747737889,171.8638045565059,528,253.12815381905932,FAILURE
43,6.604892259617698,23.98342072652763,54.76536454710434,17.488498041687407,227.97201583032472,168,243.4022339520368,WARNING
85,7.825773086763511,75.0754030360411,40.69061477359108,59.401340272081185,161.8972885266999,656,238.49128879160725,FAILURE
49,4.333545809457242,90.73453018298788,40.72009595273698,91.59129572112302,91.1743565555501,551,257.5379881459716,FAILURE
73,2.319171545367791,74.0183885413187,59.631968617370354,93.42997179075496,36.7149650264927,22,223.94275712041383,WARNING
53,2.7183309784747367,78.40822492999925,26.41072686530275,85.8772639823076,239.7124117607986,928,229.1133283394589,WARNING
47,8.912791022294705,58.18644903046278,16.025632151255895,69.93614066992856,235.10638600345524,901,183.39041407687793,FAILURE
87,0.7959554224428844,50.87020077485049,87.84709991460574,95.74434520703393,116.10224049930098,904,207.92603634948287,NORMAL
59,8.597434568179153,41.765347426015715,79.11895132010439,20.51676939994637,70.06542931380724,146,259.1994505094807,FAILURE
64,0.678276450816746,50.310702069258525,15.407465786906986,82.85025941020913,185.83857028072663,880,189.77633303153678,FAILURE
90,3.43107550699992,29.761311340158127,38.24123216160122,54.21519645249406,296.9123385973494,321,209.85908952404867,FAILURE
64,1.262104864559802,28.240827659658983,57.227055629794464,40.66273675505663,46.023273464162855,79,258.3602968887271,NORMAL
84,3.4150549188511947,55.91987337868755,12.630142719710165,31.033514070139717,49.56336901107335,475,210.43537636138188,NORMAL
86,5.020807168082993,28.624561046409315,44.193496900258474,24.02248303393298,158.36803482516683,39,194.9826341390583,WARNING
99,6.91926258335624,52.63015357661599,60.130639321267964,52.6458386900593,235.88755312552829,251,232.20835299718226,WARNING
68,1.2144112159332288,24.46251110735994,36.27309935117011,73.6834317343722,264.9500251189794,575,216.5807333057473,FAILURE
62,6.079363793173624,64.40071046992654,65.08110778604458,94.67924060721232,71.33807916152045,350,252.15060592957448,WARNING
44,9.887626772573109,80.32534906012691,80.01066474669636,28.59245543384918,131.94480021232144,287,183.40480659357212,FAILURE
52,0.9511839130673361,86.23756407661656,90.22081001722579,93.92996371551044,215.41650772203266,944,228.82954637915492,FAILURE
99,0.7793580386871113,34.18374664074396,16.768244128028098,43.650517907793386,286.2712285728445,849,200.32953504137345,FAILURE
60,1.4423551861573125,49.44548506809279,55.83430140767392,66.63954219819982,213.86496437587166,121,250.07233573100552,WARNING
94,6.228290283470667,83.46201730159555,25.811365296923224,24.805554474693515,280.90261919354623,232,199.31930249709552,FAILURE
69,6.216931547809363,82.80671740233154,38.63761300534698,96.68442347499487,197.9706562136448,808,215.05962957883912,FAILURE
41,1.3437384265864138,82.94779914970061,85.77618329310172,80.55585394615501,277.6283186358017,771,193.73428891022215,FAILURE
89,7.239148046716476,44.25304897718675,44.34421478903674,43.3770977750401,68.40103095707468,424,207.82707369401942,FAILURE
64,1.9604674237141806,53.75025357107707,80.78598001526508,47.04922477187146,94.37503704385814,956,232.9146685451097,NORMAL
48,0.5019286954760316,90.24321108550394,98.9900700208776,39.05384936066825,60.61232506159497,253,234.56504070109503,FAILURE
68,0.8837054918731391,76.36459903756652,11.6165532512488,33.38354435119899,25.214631456030936,188,245.79548759229016,WARNING
68,0.43091553711493424,81.95461784856066,79.24141700349874,11.333982480949645,240.9318755458701,566,239.10772257923156,FAILURE
69,1.2752054991052142,81.26463121929021,40.77842207569003,14.793106471448322,48.079228849037186,848,203.47709343020318,FAILURE
62,8.330523811249849,28.59991984505632,32.35601446678797,28.80469001914523,259.7572958227522,18,227.49134914844467,FAILURE
71,6.990985711650206,31.733985560164413,18.22410032107225,61.78522922454724,274.2859166053323,397,234.51138404755633,FAILURE
71,1.3159801714344432,39.66285225249989,79.45984898542545,64.63612508168438,136.335381993296,259,257.4259116427437,NORMAL
52,2.813306244007956,26.545413615135462,61.03460730206003,41.91102891619148,80.28638108406953,884,227.4838036133243,NORMAL
84,4.566654757383134,62.05134066896247,53.8051958551285,34.01373021425441,53.60215290571972,393,185.60563422017793,FAILURE
70,4.587230504108853,80.81430253375035,87.55052258916957,76.63729383998559,129.81942676812088,358,245.5263226521664,FAILURE
98,7.476091108799756,65.06392978050432,61.15274292222084,10.074117242235376,53.43067433598695,465,198.39684167921746,FAILURE
69,7.608751497913203,62.473124267059426,36.39448330986586,43.17614707529606,40.84451170890102,536,199.23561230460112,FAILURE
86,4.44333491921232,47.54887278781786,66.11274646141368,87.60312646185031,186.99183763850894,672,219.1289059181325,WARNING
95,2.1889495566893515,80.60978378008284,90.85594756626661,59.54796783475253,91.62988808335992,540,199.18881081819745,FAILURE
81,6.736083966899366,82.44688694092251,80.2948029466376,39.55286447272805,186.1643528013735,455,225.32170624331008,FAILURE
100,0.7586297686728471,33.34158485287659,81.76004963104918,83.19686789784095,208.15059897532865,726,240.3294420354699,WARNING
44,3.854559601476679,37.531127199164686,22.273875746925683,38.96903723855077,154.69488992989227,184,251.03081154926628,NORMAL
70,7.257642200465078,44.43267859861301,75.78818515242418,81.08302438591204,275.61035643336066,860,181.5384504666365,FAILURE
63,5.99111375528236,35.09568478456781,20.607470705493448,93.488630565617,274.7469741966495,496,206.4158442297685,FAILURE
92,8.099832166566342,20.14976246734611,20.63038327526313,94.85903089802588,78.21509837360144,60,185.59942948206972,FAILURE
68,9.472088382012904,32.28127009944917,76.45811717907922,43.137689779532856,272.7050973349244,425,252.1312496970487,FAILURE
52,2.5907805429616584,93.25806282524142,84.07059886322118,78.79307806336342,69.67995432490846,432,226.6846503147625,FAILURE
71,1.3659349355636807,37.87701154705889,30.1953911787496,86.83461213638287,141.20493551981698,327,181.7566775864418,FAILURE
66,5.219816158295019,27.49295771878686,17.181272904244874,33.0128160823471,284.74142687752106,156,233.08746445248357,FAILURE
42,9.826068102068824,62.63246183594388,85.56649004331686,40.212590208741204,158.07629513887338,887,231.79570382664878,FAILURE
59,5.522808433612191,60.21277721351908,54.58411511255417,30.307160024586484,51.262809125791975,250,247.95789365100154,WARNING
54,1.2764799480268574,54.151938722567344,23.80285774896155,96.42478072160361,160.10528490144878,114,218.97525287548166,NORMAL
95,7.496650271015726,50.601834022852856,74.58082022845349,32.82605322246931,202.20617393075196,23,252.69890053606738,FAILURE
98,0.12379189724302964,61.094421069127215,72.22753192780779,69.33004087398609,54.77156799636621,637,248.24902227362517,NORMAL
67,0.7324420324123027,71.14217571559502,45.884812431712724,21.885955386728995,203.8647028160684,216,216.7963175005759,WARNING
97,3.3857593626873603,64.63172716767497,67.33721459615104,50.634754354144384,75.11134876970222,428,219.37652204001432,NORMAL
52,4.101930455072158,75.6423919826629,30.501273005072374,95.70556495343341,102.61912578533696,21,195.89352751575467,WARNING
100,9.245503142992158,79.70056603324863,33.54080662072174,79.57576587141453,273.9339512778589,623,242.5346282221463,FAILURE
49,1.44529716955489,38.044341736589786,98.3083569753215,10.766490996709342,150.55157323357776,487,218.43466761275874,NORMAL
72,4.481531050569279,36.596662084852525,42.78856003965559,27.978333546670385,22.685679266240992,93,181.0264867450821,FAILURE
47,7.384445849925831,68.13076370681281,87.67735886016791,31.639498722208074,120.24310324502439,128,206.96105618344004,FAILURE
84,8.2425249053695,86.7434273035627,95.52410000206402,59.131608538829774,173.68258917321927,398,195.8358618361919,FAILURE
85,1.4626962263418541,65.61651732331924,14.081911996877434,40.45074123297609,218.18476915485945,107,195.4797425545998,WARNING
100,8.064130066843504,30.049382903986306,53.52369274457972,11.299773221798226,217.04315311474008,361,205.8239960045896,FAILURE
94,6.861886686104182,29.362297785272638,88.16531767321618,15.188655947691988,152.45662618785516,672,211.66424555018165,WARNING
65,6.894731042868106,85.33662250231383,30.101166273051707,32.01108958861529,17.997218451533513,329,199.951376868874,FAILURE
75,9.173308993748298,28.359776799826477,49.87148579497575,25.529754106196265,101.2211019365464,495,185.79527467399186,FAILURE
41,5.660131041096562,41.16318181095543,94.52773367470299,47.20671792617364,22.7850780448199,488,258.0207702095815,WARNING
97,7.8711495964792855,34.714143046799876,32.839739263047676,73.96041719993113,255.57503518502998,51,232.741581343138,FAILURE
95,5.836004357826871,82.94796134716333,78.74353627485462,30.708531981230898,123.71465726307677,163,219.09661718409617,FAILURE
54,1.9488844395817118,26.79774473108966,40.29694374933708,90.02097958052109,96.67202848972754,849,243.6656361407164,NORMAL
52,7.393037998593847,77.4446715351798,27.36528031274134,37.88267569967312,50.715620704057244,22,232.88303912901267,FAILURE
78,7.996923795372481,76.85705550010636,55.16076439328211,64.80417057884114,170.60921272621187,751,211.8479559785708,FAILURE
65,4.945037487486498,52.8221790146885,50.06889582614695,57.39106239376172,193.54572455536885,35,236.94752492972918,WARNING
83,3.2722930751515644,25.835913291688666,16.4853489022232,59.92158780740707,192.41144873659425,294,211.44610584499213,WARNING
61,7.110615593196449,22.376562752881604,66.18898151085607,32.159545513023545,252.06503421405947,28,223.4005087781233,FAILURE
71,7.333562335412571,24.494463778787456,19.862574470776956,38.659745750537915,263.7840326859137,410,223.6190003587842,FAILURE
63,7.320298494954657,20.69903045161143,24.969614684762306,48.46271601541317,76.50615550173134,269,188.31271864860244,FAILURE
78,2.7413515156132218,90.4504338396004,51.3318593494933,73.05988121962801,233.1557080238491,552,196.5999106660217,FAILURE
66,2.3142411133712404,39.535502488877256,40.16490197368335,10.682875116300727,76.08038989791473,949,252.57103807680556,NORMAL
50,5.552453523492859,50.36315709371398,72.66899714973181,73.3841251204029,78.12699953013372,968,196.71321401634333,WARNING
86,1.6405490504721154,71.23673665483551,21.828494275065125,92.01962794479921,60.10688185438904,703,180.55140911836736,FAILURE
46,6.212681246342263,30.511380185308226,16.13071756367787,16.985169249509763,240.520278655103,557,185.6940355153716,FAILURE
46,2.4520026723231414,78.25550473981107,94.78687575134016,46.06571980624291,70.3148520579381,552,229.13577287679834,WARNING
85,6.608678943858565,44.34208509151661,58.21593766952584,54.25132318349379,95.90251632183997,208,188.13066102743724,FAILURE
75,0.9817165113463933,45.564026186114575,47.2503347895258,25.816745947487735,47.34143977699634,133,257.40158165601287,NORMAL
45,8.354092870634888,29.05038641586529,92.3698551038918,88.41583126408158,209.98781919863282,323,214.3439685350477,FAILURE
92,0.9228029765992851,88.15708272864148,19.23806994546342,46.47352687301915,98.39602123820762,273,193.47560110006344,FAILURE
87,1.191431442435169,40.30074558386927,47.98268721737798,45.653494349104086,68.62349012917318,366,208.96579335480152,NORMAL
43,8.586458662728976,29.286552454569957,59.065094812213815,70.15128807694437,196.04135253741663,894,238.6085870924919,FAILURE
53,1.0514171102986836,93.3064210649228,63.10394928402587,79.7180698737531,278.1561580399187,871,217.32651727105576,FAILURE
87,9.753064029943628,43.05986842509212,97.71736510905882,15.50002354615145,194.60051628068757,215,216.997465062973,FAILURE
52,3.7335671551775773,69.87374245239667,16.61444115585505,51.0147009468945,102.04138968488395,409,257.6500949888872,WARNING
53,7.425554036038282,22.53985098018997,13.576272444111446,24.0649215361757,101.25884573840867,618,180.23740191554555,FAILURE
61,8.394389560034169,28.811018255960686,28.963081481064656,84.07880728925294,275.73014425140457,749,205.78000383671844,FAILURE
73,4.402559460696031,94.16137196503472,85.24458102657509,50.98864762525457,34.30859302661121,236,226.86815575146449,FAILURE
51,3.560030472929525,63.63454765212619,34.48567477255878,97.8811107232889,114.20401718666147,16,200.5594441711961,NORMAL
52,5.686648547559411,81.19587769089907,55.36681611292352,89.00023115404706,286.9743083949555,558,255.23770612160993,FAILURE
69,8.212583131589563,43.82531804411724,13.197172274461797,76.046012156266,142.24566068913822,232,185.96963340281553,FAILURE
71,0.15142509152691774,88.0056982769682,12.302855000506588,67.25462022403852,131.75077539700234,948,192.72020786582917,FAILURE
47,1.0860711073512463,31.93666035430637,10.941918298181665,77.83426638408726,79.94015741770127,953,251.00205257140794,NORMAL
84,9.284683613304667,55.500799186043686,81.03940887453001,71.73934449154947,175.39713053922628,621,225.0160364065797,FAILURE
45,0.7634942375637555,32.85959367749162,80.67624319274496,68.69806379814244,259.8354241872274,485,248.31808018284352,FAILURE
50,9.73435424088351,67.31289826813489,17.96106480919122,54.05070441459534,93.88484965929975,609,220.0184899967084,FAILURE
100,4.1163431416536165,52.731741104493956,82.77429730315716,46.77544518908598,275.9976640090204,627,242.81258676480292,FAILURE
87,4.644597206985771,23.205154423732846,80.18202573306428,21.0725667939578,282.5237703802485,533,206.63552589018207,FAILURE
84,8.075494490384322,88.82732871229145,15.161325742233025,30.436502097928503,23.629773790562624,659,181.31950495594108,FAILURE
41,8.975396296192438,56.979394059609014,65.12235333173106,37.099671378213365,254.33243332995426,435,244.66589361915595,FAILURE
46,4.431136769068677,78.37645450431575,84.1046647653031,18.935688117117756,231.88629763664693,545,234.3510676561641,WARNING
41,8.286210183116626,67.70199316524197,53.87821095076484,42.32013585873053,10.23704518087646,534,207.0318239439313,FAILURE
49,5.233877402218368,80.76875649676009,65.36635863926668,25.418156197974824,95.48103589430393,213,242.12978451466662,FAILURE
98,6.510056051474079,87.18384668359775,97.77673112764434,27.908088146968176,53.56415824486476,434,254.78903213320575,FAILURE
74,2.977897020760402,73.9979939982585,92.15734299250063,75.18540840447763,172.04278092812814,877,243.5317178300233,WARNING
68,0.6125260992418224,43.09180047890904,11.303388851589402,77.3656818563075,24.43442104347649,757,235.62921426448884,NORMAL
61,7.728332543848344,85.24835864161521,42.41402359859468,29.856926328033634,137.55515617503596,552,221.79190574865598,FAILURE
99,6.746921704132508,87.05261193119463,18.403988562325495,44.411800647348876,15.380023318196292,915,182.45444217158587,FAILURE
71,9.580619946639144,77.3787488946819,12.508844299901655,99.383256033604,273.6518160442723,192,243.92820746932207,FAILURE
92,6.839087917629566,52.562725860667705,15.752197679075632,69.65185770078749,270.0811013866203,82,252.59896880323015,FAILURE
72,1.6035525119661964,73.7737233373154,53.27752767869679,32.118651822805575,215.29918153406027,471,250.29950176431348,WARNING
78,5.988906962990618,94.74491784444895,60.6914640905412,53.27098984716578,278.33953835783143,417,183.9724547155867,FAILURE
96,0.2054170282644363,61.003039047019584,20.783427817489542,86.14169468861952,2.0509775955776353,301,185.49076546687263,FAILURE
78,0.2531024754680822,48.90133734658789,56.12120988716176,88.17027266100692,105.31143163550044,736,221.09957085573862,NORMAL
86,5.626953720433834,92.12924678386088,91.98858049183539,77.37638939633241,204.64825485648257,268,218.60748309517135,FAILURE
51,7.790810694957394,60.49064454556494,83.99621756358115,45.086557445665036,235.13980040710578,456,237.52414796427828,FAILURE
55,8.424790836004092,50.986654586382144,33.78645736467894,57.573632881011214,239.89032706699962,848,251.67836993447776,FAILURE
51,9.82800144751719,52.29860299342436,47.36546787105012,81.41767865315313,22.035579777406532,341,195.463081170751,FAILURE
61,8.089287374323813,83.74055653748303,25.09742573643249,85.69982732040364,289.7690700289037,956,198.34383286081479,FAILURE
76,1.4441499747081188,73.71107004727868,23.472897494994413,56.11668817155355,155.7713395678662,356,226.15152951531797,WARNING
92,8.500718231413929,94.36396884784979,64.00741654076113,15.839032654802384,9.217272946821351,684,259.48830055733544,FAILURE
80,2.8930007807778937,80.3479808807842,69.3645041891204,71.7854183757519,256.2415192082483,651,227.785960352316,FAILURE
63,7.948548622474618,87.12993651003264,16.582537001247253,58.520665106121584,188.67226740658288,393,246.54766578979383,FAILURE
80,0.21277796051528686,59.27097171063047,10.194620782322849,75.79305331564905,41.41353858032212,279,197.69629790544877,NORMAL
81,9.64339544457657,26.72006222765023,76.72065486681187,90.61042459182838,60.38832899338199,873,195.90659912456172,FAILURE
56,1.6371596689576207,60.08348552724138,95.56627225312332,89.78248345098011,235.49097572009362,109,189.2183582450606,FAILURE
46,9.376522908295616,43.83443355660104,58.011275306064654,50.38421304273696,261.0162715970981,559,182.23209507531215,FAILURE
69,6.879141769161022,63.02734581133464,41.01843305738383,86.37890786415116,199.39311695261048,649,181.7525323515462,FAILURE
44,4.129846485941808,67.75810042578615,57.22126957475467,30.808436779199305,224.04980818217157,94,257.49524436300106,WARNING
40,3.7492203587097226,50.45240429515299,74.15318896947676,46.166492406304364,226.83959143194903,442,216.64810162145346,WARNING
46,3.0511670916829847,81.67108881259837,52.05248174300971,51.97808744946233,130.54657577479026,455,200.4847269973434,FAILURE
78,1.0194139030407434,79.37410951216144,27.443047920795514,53.9589718459953,65.81486390466064,410,234.2047690776385,WARNING
88,8.218557199082415,78.99383515170494,37.19338234860169,67.83215014295483,220.99982930180414,228,185.67359837661482,FAILURE
51,2.1997798071522867,27.74318659841378,33.433468244145566,11.327813348508485,125.04757540820309,268,217.18054626808487,NORMAL
77,0.7192115726774251,40.79324394899048,80.77657041719029,57.77056720748942,245.2148463363832,493,210.79460421243718,WARNING
51,8.684873553949702,85.42322829499847,22.581334913280884,18.01439472052349,285.6181100725919,770,222.25440065355556,FAILURE
50,6.1398807657082575,36.67287405472933,89.35983960511695,58.991902668081515,129.75809679038042,816,215.6418440864565,WARNING
48,2.318328082376512,93.65921482421196,55.514946061328985,97.47484851176333,114.92406107370996,131,244.17015306538386,FAILURE
98,6.111811090118914,20.931510989877907,17.319117282306593,75.09969570989678,145.45492123621082,942,185.49644717471628,FAILURE
87,0.007732619984216482,74.59706057696977,72.7582469143087,29.15118100250166,47.01516984452802,747,194.36810892871858,WARNING
60,5.4395354803566605,36.29087917633467,11.662553885897964,22.13361622163599,31.216658400208946,404,230.42075930559645,WARNING
67,3.5737273849294393,46.55843159890756,44.19739343741878,94.60534347874996,83.89470051999443,858,203.3386022270476,NORMAL
40,8.798516309484274,53.257702491695206,88.91249367872203,45.76895973540753,42.18025424912642,622,184.42211744783816,FAILURE
51,9.329078410912167,30.686112502858997,92.2763482989099,21.04075032410971,257.66154673602193,693,204.30316899666954,FAILURE
64,0.9050922670870443,88.91565284653335,33.006679759207486,30.325886996353475,107.91661339663469,476,202.0857515306162,FAILURE
55,2.218112104896457,75.91660478964786,59.27323109542331,18.15835291723821,124.73518487004633,638,257.7036131642649,WARNING
82,6.752711009422945,61.86822811407421,47.01426110419287,65.00345292081255,290.92975513031496,865,212.3455236785462,FAILURE
94,8.34913657726598,38.55359615614485,99.95145894432262,13.38414201887037,186.2640837404995,882,204.67062082104067,FAILURE
71,1.8561050832014137,36.994228427671445,84.42689241873362,72.17318045393878,193.99427664721273,171,255.59561347642702,WARNING
96,2.7841184881865013,27.21362845243311,82.51043899057606,83.81038557770033,82.32717311119559,428,221.10765986436476,NORMAL
74,8.49965471502365,58.86060920344876,10.728843580470441,64.7222729785548,214.03355569083777,432,230.58304307102642,FAILURE
82,1.684269263797935,78.49588170197735,98.57340094426579,99.93214831525744,96.95468569872016,962,197.87316456736053,WARNING
83,9.782117625333333,62.9460905268853,79.00007710271346,62.03367717610765,246.42778550541792,167,201.38332673899035,FAILURE
75,7.751814438299604,55.58511573176432,87.82565471694807,13.74808166820754,163.17073089731664,755,200.09251599909948,FAILURE
74,9.098427931268324,42.183154579345455,24.927040091178995,58.91226230610145,109.47013755509082,444,227.1498933272939,FAILURE
77,1.3836712663160278,20.491254109046825,91.24090419917557,54.044067036557685,45.26578887982668,252,232.08682708691248,NORMAL
43,3.422978715296537,66.07167551529805,12.484824944211987,26.988889217799834,168.51231184903486,791,220.43155715484667,WARNING
67,3.4354766718060747,77.35564759531971,76.89264621296127,85.98108763536193,101.41145725201388,113,244.82594645025188,WARNING
53,8.889536708968125,58.09110215143807,73.4641328779589,24.450571200987667,38.24694281373911,874,215.47966292885295,FAILURE
41,1.409841758616559,68.67316470036243,20.983141297110933,99.76814621360847,54.07404639532027,882,202.0285366956367,WARNING
99,4.817570472951731,82.12969439323486,42.6643004139968,19.549373952324224,101.57747973652118,682,241.53545992015967,FAILURE
86,1.653282534479118,88.44391795770696,34.2883075449289,30.52834993487224,262.09756570259617,968,214.2098711133433,FAILURE
78,4.6964003509089505,77.01438521482461,57.37500915620692,83.88284832256925,125.11339022544013,532,213.83678242799107,WARNING
70,7.104494363211572,93.68922964598953,80.26153761610603,89.54613152599576,24.075591535088037,522,181.11300123381073,FAILURE
40,7.4784265088868205,79.26969177344563,80.68593920010561,46.1689094526633,149.9794748121813,58,238.20328586280314,FAILURE
91,2.7023654247030473,36.574556801979,92.16151483904241,75.24968334777355,129.0267219495934,683,243.59813341843636,NORMAL
77,1.0251083460434396,27.34166784838068,66.38811080672568,77.04792499652413,59.67611481784609,852,238.3572706928259,NORMAL
61,0.25983695237136395,20.21558251450864,73.81729022494892,53.21340608445288,286.18557197265704,429,187.86408398805088,FAILURE
63,0.43294501410675923,88.3988902031885,32.37275325429492,88.75119638353839,279.5808736190083,427,188.66889118695855,FAILURE
57,6.774193066668942,42.49870231799729,23.792171031303265,63.98639182130283,63.777581149027796,555,216.73580694996627,WARNING
92,4.595127300508733,24.58872282438903,23.81043965624982,71.14697679853768,129.60674205357782,484,216.16669426666743,WARNING
91,8.222203204814939,64.01016970263393,42.764724556021235,98.17160265056347,113.5178351539127,447,217.00423053534075,FAILURE
92,5.7675605931246015,86.50740405181547,24.040509152872957,69.62669274988112,187.832434993357,57,255.04991661323749,FAILURE
58,2.2479066681743265,38.557095410567506,16.860035297718294,60.64393442949286,248.9871231101996,149,234.65292488013722,WARNING
47,0.38201293878469267,94.57103142736582,25.584545468962816,88.1318697885375,224.7084289622784,821,205.1457060002253,FAILURE
78,7.391063394894459,85.22111129367866,63.44256738770969,47.76345186402806,281.0932817978947,114,183.28959396541978,FAILURE
69,7.883996315973586,84.35468400926834,30.32620320656917,57.98434484932447,267.5092151923799,442,205.3697472831559,FAILURE
45,1.878914574216739,31.546164236081893,17.880120719909236,83.11846402353711,55.1075349317562,297,194.48649814946046,NORMAL
86,3.495427904627454,66.58790218920436,17.599120325628412,95.44201417981861,171.2813751646499,876,188.36608276399323,FAILURE
54,8.392835543363358,37.232635556619954,28.12437309902141,86.45088536329362,164.41936351557285,402,246.03797747635755,FAILURE
60,5.933730402717634,26.747192140381735,97.5104514475613,71.20749465799909,50.272297679659886,236,255.7109122015549,WARNING
100,3.1400740322332723,23.27221255683337,26.71844979414703,91.37757117194656,130.58999392227673,724,185.02714459902447,FAILURE
83,6.624552922994939,85.03009832951199,54.647830606552695,28.432353809650078,170.61267634722685,542,220.0863958284981,FAILURE
59,9.852965352725944,54.409714162010246,74.74672204768432,80.73399111784225,134.8404103592447,544,182.82563935803796,FAILURE
77,7.542614885672724,38.54920501294605,42.42100477003611,37.96283286613,32.98419096700948,509,235.7725413266931,FAILURE
69,3.669540662061339,57.76151071640295,17.626220485788878,40.073957575478204,75.03936201562999,616,234.46467822339844,NORMAL
72,2.4040856291212376,23.160030540657736,12.660431659509086,50.92759412227673,223.23027685244975,881,185.40833642970992,FAILURE
100,5.503855406513958,30.4752410754337,59.36726793877452,31.66456007372301,65.33927421357701,494,225.61913223808347,WARNING
81,6.312624815141038,74.44394883600029,83.03607887410476,12.706295053815492,197.52818958298727,23,235.03865983498497,WARNING
45,4.716136377248849,44.242692391488035,22.10482914057085,13.604954651322654,244.90380638761394,158,204.2572751096735,WARNING
64,8.345517487201779,87.24666191603352,33.07646619219769,57.02911039703337,61.96448294148515,682,242.03639144248677,FAILURE
100,9.324638628146635,23.860715774063802,16.555619970849946,53.09228592565038,262.2115397197106,974,203.47987556511526,FAILURE
97,7.535241265385696,43.09494184752291,59.72259537681793,58.91961272640859,83.93019931140537,60,189.61852715688846,FAILURE
86,7.6711371635209815,76.93805870096605,72.98687712678735,21.661887013949507,192.2887120373124,608,219.99055083327966,FAILURE
71,3.396319309646576,52.648609522221534,55.54038195277653,45.74916011517837,83.10001219317799,448,203.64159922638345,NORMAL
96,6.825254637563911,92.9845657546578,71.31475888437036,44.33828722584552,224.8700292092656,305,207.0878333247844,FAILURE
96,9.991614442073146,41.99705436877509,60.91476474025025,79.41406746896102,86.52834590993872,846,196.00220314443786,FAILURE
74,2.7548899658229207,89.10616782783038,58.4157631382203,94.26391509503831,285.61359088369386,351,250.83390206610608,FAILURE
51,2.942951690376905,27.77991713859145,27.175700062538276,32.791637490943955,172.08925204645175,358,224.75018417890334,NORMAL
63,2.10444777915755,82.03192394497262,30.963457294782863,11.445498852106168,294.40457249424014,239,255.14838500830479,FAILURE
70,9.080080454659184,57.79953522918397,16.254349199682114,16.35683231986819,202.56943965636768,476,253.35973802455948,FAILURE
93,3.921270234558861,31.13420020175454,85.65510838303486,51.04148275457174,140.34431045602335,680,257.3492185591505,NORMAL
82,0.852356195872106,48.559234109064576,94.82505576972216,92.61373731814074,208.9940538279583,162,244.37520537945207,WARNING
63,0.5625682906500062,54.014545481577485,49.27428565957954,84.71226441001161,86.68359011239,119,190.0023631144948,NORMAL
84,0.9053240954072994,90.59746672847601,48.86694800832834,67.03410048481274,192.18752088763594,606,201.6186181119668,FAILURE
54,4.434920240774723,81.93119074018293,59.43150412401348,15.918232412512946,166.8337799348477,280,220.52044003870216,FAILURE
98,8.855349428931717,37.762218426874334,90.46617616388347,58.482534559121696,295.7444090543812,228,230.82817334143118,FAILURE
94,2.7549352442941566,48.816302875725306,88.46236929786089,77.44064866518858,154.85344556568927,742,256.5402543099673,NORMAL
78,8.527733571107014,65.44725337563634,53.268556807785885,22.468237176186925,238.68653477634044,900,256.08097640523306,FAILURE
69,8.835187659417077,66.77186670002061,53.40266873812709,92.02263762915356,56.66178933133567,203,190.33043692316593,FAILURE
89,8.73872829209559,27.165347470337814,57.61142882381822,59.57495569165105,74.42622813593619,569,238.8798793746182,FAILURE
50,3.71759895822061,89.17987794234551,93.58465349061396,37.345907407675675,232.9162536756325,968,192.43144513309448,FAILURE
100,2.8844901975771675,54.86073965706697,15.75182194641163,71.65931589943754,120.03942992104727,106,240.71093299330823,NORMAL
92,6.405350081045256,48.00334999096561,75.78724584574827,61.103326045896274,226.54575804862307,867,212.81584165714253,WARNING
51,5.563772732678812,73.12616053669672,50.84708183547989,32.83909751656819,139.26853428587808,460,231.88871621145842,WARNING
54,7.760556740182164,66.21572445595402,36.93103275893022,29.397528843193772,252.04135166939955,298,250.03709991637484,FAILURE
47,3.4043784645345463,34.0338814709474,71.82463933882507,98.48376981481258,179.17774679341986,64,200.61493331332983,NORMAL
86,2.8694723952636423,72.1082168238556,19.501405112166037,32.539690683817525,36.629933712073694,103,221.610000664195,WARNING
98,4.2884508163317525,56.573680816575745,18.155823009431344,84.32134724090332,34.18918396838832,537,197.4654445838126,WARNING
86,2.2185341329298236,39.32025587014297,41.798816256322816,37.24089464703316,208.6105313376047,752,204.2958760146149,WARNING
58,8.838457374865616,93.2309848826547,90.71474870589988,92.28992844253123,145.52374700172896,66,180.5687039396936,FAILURE
99,1.2137017996082533,94.53223641280616,36.96207702909737,46.126684516553105,247.12283440103687,50,180.8961411849364,FAILURE
86,5.782443187139043,39.56394535588374,64.68448885553703,78.4802986377826,7.914983955129403,578,256.73909873644914,WARNING
55,9.14401129673,59.98860861478246,44.8984693071692,93.56607841063507,53.687281154951044,843,246.44948632574116,FAILURE
59,1.3430925762489154,35.81402910028489,62.4718178319932,95.54892414832935,185.2270241770813,536,200.24459354117775,WARNING
84,5.574694890301101,71.96001927376517,14.544708885222434,77.5592363218386,254.8251623684106,971,239.07562175431298,FAILURE
71,5.538434044093332,22.30008099907524,74.14658804394391,10.598639806724282,139.12646816089426,703,254.24954169395136,WARNING
64,2.2646733143897126,46.20083207081507,97.22329273972761,29.91952001468412,179.40558573295198,979,191.7157880221614,NORMAL
70,3.39562970223887,40.86881236724231,32.06899522961441,77.87313960882375,107.48111125403686,921,259.5603544848843,NORMAL
59,8.945425646385413,22.182797498543334,71.94904104200754,78.03320269985024,48.829696392750144,310,256.9788698461367,FAILURE
90,5.525923491342573,32.592849892785054,67.39156328818648,37.7905394456548,177.40641097756395,749,185.98359104578265,FAILURE
91,2.0853268471325492,59.500675008533825,52.59986690118552,51.56322457649664,136.03153450974233,520,213.69799902377997,NORMAL
91,3.001447455442764,79.69932472551793,70.78395952278815,42.41903921674526,41.68642242691157,659,233.54923194294582,WARNING
57,9.467659942663616,37.929368151069625,75.5894579883339,98.75683645745907,18.36937931587667,13,249.96029072935073,FAILURE
56,2.7966677890873806,61.257895040223694,35.53694316123571,60.21019449174817,99.64658984200565,704,223.04752882275884,NORMAL
87,0.32904763840616136,89.91959030364845,60.074285086152635,45.78520206587164,148.4505761296687,511,191.25164461434508,FAILURE
62,1.8348460160478153,48.48078080025144,34.49250996434033,38.024501207953676,286.1480593160061,577,183.79242690288305,FAILURE
99,7.993800399656539,58.69132201975933,77.7525431567732,37.977441022546,74.62939868709809,137,233.04241139112136,FAILURE
65,4.124670225723202,42.84364073576043,49.442580173348425,83.77469789675337,122.16172532703982,220,187.98858513136122,FAILURE
100,0.34175691799114616,85.03242363163133,33.53353226841292,70.48917941224116,192.00845831980533,891,241.227272539117,FAILURE
64,9.511394622044682,31.255036180121223,21.341271899131147,13.34220055847376,10.023354159631724,755,245.41871240689608,FAILURE
62,5.147828168293812,87.98758758257655,50.610514671886946,74.21076034474905,152.86214402402035,873,183.68934125454822,FAILURE
86,8.243499739345829,85.51995066497562,98.24077916071099,72.50961672926306,270.08932669116206,174,228.60482745307377,FAILURE
63,1.2906008677663405,53.743239145078896,45.701558036046166,42.593262969775466,107.61954229434163,492,186.69680609251014,FAILURE
52,2.217451755287091,78.68032621303502,25.736879109742553,72.37976630495649,80.44020884889753,89,202.8772545050233,WARNING
74,0.4932230554648831,66.2345944607344,41.079798062495065,22.058654059030246,72.16017486080689,451,199.9578982691866,WARNING
50,7.243370515204598,29.92113815262477,65.35569800524345,41.561834496631825,69.85841502154805,970,233.17128870519832,FAILURE
92,7.211090539124169,73.22135657046522,80.3643960832502,55.87131136028818,257.9801080261474,672,238.53893412661262,FAILURE
59,4.679556740722638,35.646407727043766,64.15154118275628,30.114045780168432,268.94288623408255,781,231.14149087367423,FAILURE
55,4.834436316231266,34.920714660758286,88.35727960068199,61.11660419723715,92.45782525220001,35,214.49965044849748,WARNING
76,1.6732162008943607,74.62169537452056,43.6412391132353,20.5045371533745,15.955255328589363,341,248.61202426077705,WARNING
70,9.985354583916276,94.26359763156779,79.26294466218734,76.1421773420263,273.2603158474223,714,248.27563333611798,FAILURE
65,0.01433174974973972,54.644344354972276,29.536459905603376,62.614930023602284,131.5979512283815,110,207.68989824682262,NORMAL
92,0.8944775188844545,66.42336901409865,80.20204318747761,77.09839691390083,142.23842898437567,397,188.07580143284207,FAILURE
67,4.741919574952515,24.752147872208926,33.58832958037064,72.822737357803,132.586676101323,744,211.60430905734626,WARNING
81,5.271773748277778,24.982904514988356,83.45441758533852,29.76202430467706,90.76015053028607,930,235.07059686299093,WARNING
61,2.1792591991508314,57.90416392175469,61.055130426078286,22.660068979513905,181.45849878879648,119,256.1122551707153,WARNING
42,0.43472774555575966,67.04957958904859,91.60338008570662,69.14411109439438,220.86119627836416,670,232.78741424603518,WARNING
67,6.810249617748458,80.11861481247757,65.88980471863967,27.851628782591245,149.50880539979408,294,210.3505253254713,FAILURE
52,8.550706846828188,30.64697529802698,53.7234848240045,39.57063343483499,290.98910807291105,833,225.7934259728119,FAILURE
47,9.504653142474018,50.56467732664291,15.258637520572506,69.30917497051998,134.47218930842226,689,242.6005510400409,FAILURE
40,4.9645947952159375,60.16592601178819,23.115142620994064,50.44557047089512,189.28752230339745,127,188.04828002584708,FAILURE
52,5.816985082668861,65.34614085179649,13.969376364193813,10.819320073169628,95.35258002236404,542,195.09484042878157,WARNING
68,3.6123030357423023,62.58973448655847,46.79724511352049,40.95997782555813,282.45592004185147,928,250.64810576413382,FAILURE
67,2.837221979928385,37.661786679306644,42.673706660077514,75.99982323206572,17.472555260508344,351,222.3575789474657,NORMAL
53,3.93806829144395,39.97574287595076,37.14409839895087,52.88434430243627,160.19501690579546,760,242.7947358495755,NORMAL
66,9.840467646211867,74.1154001346373,56.96396802858844,14.551903742728602,134.7358211996549,639,254.96254644908717,FAILURE
94,9.70373456864468,46.81433972219446,40.512017948520125,35.54866730505786,73.72024138306027,580,247.36996378030983,FAILURE
81,1.1153588070870135,91.15937151339624,61.293107017935924,89.47085468729126,248.99123276333796,196,198.53133044917143,FAILURE
81,2.810158115324519,21.335882423387055,21.198253131638168,41.28123217074031,29.506622963101954,191,187.26602306315533,FAILURE
50,3.171307589550969,84.73163076596815,66.72466443151188,86.32355985871244,42.480025723243614,916,199.67920804662117,FAILURE
78,2.2209916821097133,69.11629312967722,23.42357176709342,31.716461727751362,138.5238715337642,730,205.5508425890487,WARNING
62,9.639779044154965,58.65442636497733,62.490596565217075,54.86617387488114,66.58522348913813,30,231.0533751952592,FAILURE
77,0.37161923412614595,55.7958083249607,91.96460276498452,67.6238344921888,178.53750373463276,198,191.65328938995373,NORMAL
94,5.926292654513377,20.43072926035214,23.91678543122557,67.84882983004178,252.95274707630517,899,246.4534857877078,FAILURE
66,2.482893357946414,83.52619037019466,42.27506621208204,19.169804699902308,16.56462338833096,619,193.22551967567733,FAILURE
98,5.419348144646613,70.39966626506148,43.810478864338656,18.534059632034662,96.24929443616878,233,191.89599006743092,WARNING
84,6.566648477390867,73.10332107021065,15.343973648058109,55.23324614913485,86.57259003196225,951,232.01754705843274,WARNING
50,5.951462584851319,29.597881661874574,53.381499241037005,22.428674436463588,212.89147362162785,23,250.1641595125863,WARNING
59,3.2880433499714776,85.45213194619406,18.344170037405554,90.19155458234704,205.43791936614727,982,211.81175626910553,FAILURE
91,9.152992511300779,44.52733137579792,95.14987769650659,24.909852547842014,283.84474254391114,721,219.023077567129,FAILURE
88,1.9493364795956103,62.98586353269827,81.89970237191643,39.74275265788358,8.20409617538685,472,200.43980147364144,NORMAL
69,6.012458860050086,82.08984790816646,21.592921795133414,80.92349527054797,148.552211839693,385,231.51746667892735,FAILURE
83,3.0809820399649723,44.650933367683095,39.09709050840324,78.01451828691121,259.72433431234975,769,197.3335679162149,FAILURE
80,8.865815131458625,58.06616711061498,95.32934378360414,55.123163949859084,286.43852855901844,256,214.8289758797659,FAILURE
75,3.7761114786308525,40.32791666225533,23.77536300221621,42.42267885730967,290.9115165517913,271,242.91178589802004,FAILURE
45,0.20394623027810144,29.41128826149009,17.07677788784495,63.48322320196813,211.74273249888878,316,244.27468996128422,WARNING
89,5.310029648868612,76.29985459678302,37.46844169635884,41.75836310716345,54.539218966602526,383,194.5772363949036,WARNING
64,9.567865728289343,58.74817035930528,48.76526314018578,89.65576795470257,35.52874107329145,96,214.93979913809912,FAILURE
43,1.2419036573367126,63.69441693035828,48.89543765804967,63.78359480899928,179.70759908010638,402,212.257064408028,NORMAL
87,3.499807779950954,57.51774331979486,21.21739651774875,78.51238303368187,293.3463567357654,687,197.81565949740798,FAILURE
52,2.46546233556296,42.39398131315499,41.127616211408004,37.611129957149856,142.79251517516795,816,221.82200315497715,NORMAL
98,1.8700995897946227,30.761949029548393,67.03533701954885,28.167102422658086,230.03345364922916,174,247.0654143929711,WARNING
87,6.787871830438754,79.97385418256296,66.95310376542052,41.54792338349276,121.62193308424688,462,239.71479293404838,WARNING
81,0.1782246816580091,54.93801914644862,21.464105117588897,51.00227723540879,213.5007506596954,238,243.8679259294023,WARNING
46,5.268125288065747,84.43248258559123,63.23517821324769,90.16672544349842,96.40543112201699,501,180.17884750300396,FAILURE
97,7.474261139790201,72.20401664529089,27.62369376127877,10.824016974066465,256.02615940445617,723,243.02720496998495,FAILURE
79,5.364171369571603,60.53067967991006,76.81816425830041,99.64227994576699,176.71165842015617,901,216.4231502992897,WARNING
71,9.494899337905371,38.90153864605134,24.72701900488693,33.43715043859876,199.5756480617306,330,196.43972570976325,FAILURE
58,6.578716166693041,23.090540229185002,36.59608651950081,47.477047663651014,139.30525662795014,864,195.7828251414005,WARNING
98,0.7093442871278,36.103568883062394,88.59605456176573,90.50539779257784,227.90779854184333,396,203.16811190017242,WARNING
78,1.3269546252721753,77.95928413685988,98.29502710052593,36.60587365759356,104.19898622614849,797,249.9011068944656,WARNING
82,1.5073496227715288,61.69935446950053,86.20533853722287,25.053922669231063,98.7542714322601,320,229.25754628145398,NORMAL
44,9.972143810650572,71.77456078687719,21.449555144614145,85.0495349091034,64.03841283436844,626,198.6296765614664,FAILURE
56,0.03474882364424059,20.29811702410117,27.67754272265942,12.290547604134831,147.76529897331432,343,224.99527263918876,NORMAL
63,2.485956285721599,21.054090515243743,66.72523754975144,83.47316931761641,18.98097325714071,150,216.1636510920513,NORMAL
50,4.563682825863847,66.0162185101145,86.76607363524666,61.90135832810304,81.93354523021544,145,206.2033195965334,WARNING
47,6.645795894461408,31.34036707646785,16.57970892039809,15.786254530417068,277.8376168378891,12,213.92796590301265,FAILURE
53,4.269394180685109,21.380232099123702,60.63015265552557,39.31581128877161,213.35866363298413,858,246.38746513221597,WARNING
62,7.631865114363102,49.50917212584252,76.26062737542115,21.446645704346796,67.76395397246716,480,258.3095751294753,FAILURE
74,9.829099010148994,57.51471347550612,15.949245952819666,61.54130807720564,251.5523072957732,304,193.96931079357648,FAILURE
53,1.8644242521284249,54.682327495183365,70.87136379924738,10.94781427005747,199.32498002150098,516,206.254140233746,WARNING
87,0.09785047788400059,20.074388277214524,94.0023977168908,34.07112265995687,18.226708742690814,457,222.95659354790797,NORMAL
63,1.2942670915429522,73.50369457970163,88.79441988435096,60.58618168084669,232.3692942710326,465,240.79585138050408,WARNING
55,6.0658070374080335,56.18662364521575,71.01854679905219,17.56531814126492,36.892935450967926,923,241.5434844956902,WARNING
56,2.578283142243951,25.594160307316322,56.67235962677396,77.38937062469707,17.02879800301306,524,207.4832520646341,NORMAL
87,7.41026335485507,64.41504990589262,13.562457355633718,18.064280679833576,233.60268930726727,258,225.36153030515572,FAILURE
83,9.088324412077505,58.69392658943641,72.29854307875942,38.05779428356536,219.00813564693922,167,227.83792590104628,FAILURE
63,2.805579603668986,42.56240448944054,66.00008291601769,93.76926529504884,291.1074096094308,616,195.11414262842501,FAILURE
99,9.171003696690194,24.497722570226504,53.79014632753447,76.07322097523287,82.80305092228214,108,238.88778154351942,FAILURE
77,1.2931202587525747,24.990816720583673,90.20795256437549,76.40942127643847,186.6157699245249,854,190.55651202655076,WARNING
81,6.72159759427251,48.05537146490565,32.78834905922152,15.871360629205101,182.6729486369871,798,239.25546942549406,WARNING
75,0.034162288128221086,55.90080252246907,57.73672255542438,81.50594266012706,131.6246505731672,921,206.7937148691605,NORMAL
85,8.891510056074699,47.139665802152145,18.644080058250182,91.53741018754727,121.58932232141758,617,216.66385398070702,FAILURE
84,5.864659251765159,42.628445811552524,30.582478593824966,83.03821457602763,106.36240719398123,648,213.010446171772,WARNING
59,5.537092380484257,74.50728657244224,15.125971956242852,27.182657601613077,157.62411598213015,542,236.0026331830178,WARNING
49,0.1094803027365665,34.27317295616379,38.66105748465578,95.14571284628278,60.32615723821185,597,259.58231873480815,NORMAL
96,2.760665618959577,23.902045766686875,11.721489714039974,21.394002153482436,88.68203007396495,723,230.17220139225083,NORMAL
51,0.01865677249734854,90.12062905825748,51.74685357648322,23.22790116574764,94.69533050791712,157,181.1176291750208,FAILURE
67,1.1516483644977216,88.38112859512928,96.70016833767535,28.975098121796275,26.0126201538395,845,191.03850424519248,FAILURE
99,9.615730903512464,90.17008406582445,41.59515494409372,61.04418677325544,115.52503107560258,495,211.19408853174056,FAILURE
52,1.2667819918545375,66.6597837068602,98.25566000899087,51.92361230415074,65.87623694493155,538,254.2970847881599,WARNING
99,0.017620220750139692,86.60017965926906,38.624588384471835,21.788517152431517,108.8975134540339,966,212.00812368865735,FAILURE
87,6.885924933008109,91.18526067779777,72.7523629972688,32.48191230229139,269.88316434797275,94,221.41179064108658,FAILURE
72,8.380467495814045,61.893967221866845,67.54766267848274,19.573851345698923,179.9463787696365,994,200.8095731045713,FAILURE
54,7.585095849449148,62.058978442500944,52.84367825793779,99.7768819213486,123.98292759051714,558,247.10953126074492,FAILURE
63,7.436537702689265,78.32200009698943,64.85835679406529,56.18180614303883,55.68292458821263,407,189.0580027778939,FAILURE
50,2.8417955578662135,45.20898267640404,97.44509812851734,63.553392194048044,151.21529537878553,324,239.3275629028515,NORMAL
44,7.201002487511862,46.981540101450996,35.08840154598769,47.091877016541915,234.2268175007173,233,240.96300797193942,FAILURE
66,9.524368792818168,33.29719211208878,70.93951145303143,97.04485110189343,75.91602646937054,991,218.41580518408256,FAILURE
78,4.2212702716215675,50.34714685684172,22.4532562999489,22.650181259402306,185.30879304316178,35,242.68343556267658,WARNING
98,8.255990171896475,85.46516892706575,29.278431285753495,14.824689998513783,75.5514578360576,547,199.42415653899545,FAILURE
60,9.560601621669544,92.97053407025736,10.149224337977161,59.042370951512666,171.34028037455064,679,194.36337407164922,FAILURE
49,2.2067309817951655,32.60210988140765,27.21610830993371,98.22495848717601,202.77604794807326,91,253.73291910635118,WARNING
99,1.0820257540601985,38.57067219228272,52.63344424570244,21.79839321354416,72.39485520032953,396,180.78066420150566,FAILURE
48,0.9143938545583619,66.20468764291917,86.1394411083221,25.369864574101825,213.11481280752727,614,245.28674052586598,WARNING
66,5.637630541115907,56.910564967550954,34.361278744268276,78.75086080941823,299.00691230333274,244,230.25769403572562,FAILURE
95,0.6310644411139021,59.76865175479334,78.73306135192038,30.99478965546644,117.84097250387761,181,240.64889089832164,NORMAL
70,2.0554432555133815,20.148477401547538,11.038725430209658,97.13149300707302,101.19011411560487,76,222.0742595140572,NORMAL
46,0.9815862330760028,86.1960465474077,84.83445986454805,45.66022571618347,184.93513554255662,21,256.78914853896725,FAILURE
78,3.4326799398362806,24.128494395573796,66.58186062605131,77.19517381585194,51.23657458149176,537,206.97537841054972,NORMAL
88,4.636976841540824,38.2361818393618,23.066558582903678,77.24522402761181,226.39872414743087,774,255.87859500377505,WARNING
51,6.331206442308565,53.42890724210672,49.60285620550996,22.68998114852291,210.96820728865228,530,246.39808116646128,WARNING
79,2.2005861579522437,94.45064844867754,77.98402578399282,19.81657972826521,101.51504432756941,130,223.55724668854458,FAILURE
44,9.788537786108598,77.98051269902847,38.463055017101354,42.535245113851886,91.79215409839078,729,236.19444601240124,FAILURE
94,5.545758639493411,41.29628036816498,29.878861226536603,31.5974255384341,292.68509575145845,857,221.3801646714748,FAILURE
49,8.090008538659038,57.59653425608251,93.91312970052908,52.16170986470572,69.44459930988428,808,253.6756334852838,FAILURE
54,4.4862119693902525,59.62281097279819,25.4508177196983,65.2879884242318,162.03678096309065,163,241.95571473591855,WARNING
82,3.569546359575738,39.79865724429712,66.43389620341344,92.76305043358106,246.36594823569015,941,196.75817756710398,WARNING
51,6.605167845778748,83.50351993273043,41.015984709883064,60.96117897644399,172.69604530397618,518,234.5005276743168,FAILURE
52,6.8711596207814125,66.6260575285236,24.975513190885138,17.868193275181884,40.94775755054205,698,228.70270256498975,WARNING
91,7.386304334232933,29.737906710210297,97.55516747249776,89.05596618590512,114.66515633824098,97,252.33447983223283,FAILURE
62,3.8738760702031714,28.1632579913774,50.02081760479594,15.096169548098253,111.15755202130804,410,240.2230413456047,NORMAL
63,7.4159839209544955,21.9913999831363,51.87975029055778,77.71286671266778,86.17814258837797,479,231.17625146467958,FAILURE
52,5.782700461565264,78.9062481574276,77.63742479419479,66.08570952778386,147.90115369725348,384,224.18876499644523,WARNING
53,7.928574957802457,80.12519202907204,64.62793902319693,50.74933659331422,153.33464010634302,485,194.41590567895514,FAILURE
83,3.094055894742648,42.33325624397128,65.07132812564518,86.46904637323681,139.52518456197782,642,203.00957058872063,NORMAL
99,5.393667448591283,42.32258858915688,69.5237128359675,15.031005026429238,282.3565381396782,976,249.02351425645446,FAILURE
89,0.08467130167271075,63.24542406775369,15.764450401040195,71.43112019410172,103.82146185450618,872,225.1622264775086,NORMAL
100,4.780600188397765,90.88605413953033,51.60647878929272,45.853043359441784,74.28800627183928,767,195.38933164415036,FAILURE
91,5.83743709805918,45.30245766548508,62.68786739811545,78.44097529976084,95.1592909366371,656,205.17509277867896,WARNING
47,2.09817231203294,85.2818214493247,32.16255025362993,71.13632513352208,277.59226699214327,198,209.06260818505396,FAILURE
44,8.869265067012206,55.34493444650985,23.461774549459236,82.59430687460753,150.70402289793978,930,231.6286948620151,FAILURE
71,1.1489592165012097,36.32007971789764,49.395223912855165,73.36195144202647,275.3705247292355,889,194.83691709339817,FAILURE
79,0.24406667656777237,37.88320009420436,71.60935613432986,92.5024607230105,216.02015868190355,620,227.18308542517138,WARNING
40,3.557063679279379,29.919931058091443,81.08472407352758,27.39922446284303,143.37674735389214,239,198.82476761183068,NORMAL
52,3.202964569244535,82.8730488303359,71.1342437959071,22.094104665146283,18.430432558635804,429,181.40192207118088,FAILURE
49,9.16930771591698,41.301757057841456,34.27441927238427,38.28217084887922,188.41648306520491,957,180.6002246470202,FAILURE
83,9.55326703588725,56.311151970500966,26.495826405255126,13.428703533497105,21.420683345906276,436,186.23508906239556,FAILURE
86,3.553418967328433,26.964977742696767,78.51367515387336,14.140507804164372,42.849850257775046,92,258.600255064728,NORMAL
52,1.352788836343879,77.36082162466948,14.73632028935411,28.860321551573154,147.96443491869917,542,198.32244256792302,WARNING
95,5.090592225218727,86.93357073448568,40.18591442528498,54.09584778031202,290.1909465718112,574,253.74360489404413,FAILURE
55,0.30949051442469955,79.15545193768666,69.02317074596189,25.980041834739552,18.98847866086586,706,232.8442058734936,WARNING
53,0.9092746614295866,50.636499810179004,79.02596261276736,60.43814007563321,50.7033242433613,42,217.0469342791075,NORMAL
49,7.510676248481709,74.31835831820419,74.63207504317694,14.454928964018762,123.14181567346664,398,258.0731730641772,FAILURE
85,6.793093587415852,79.17874403929692,64.3095469267685,12.598156844420306,52.97000121768857,730,229.7515496460114,WARNING
85,3.182134307698341,59.23306816525857,83.48587375386174,43.30713441481431,190.6782062027622,120,227.91216059232593,WARNING
40,8.911685812236685,37.21574200265195,54.52758918094321,39.61540431604301,225.79590286642159,771,190.06808223938287,FAILURE
40,3.9645129187452124,91.18851547367693,21.58844914358528,75.78170170279016,106.07129147795823,379,213.5575249593818,FAILURE
81,7.876610299696023,65.86610441903431,46.428603040541034,35.18945824785119,158.14882056694043,830,187.74480165240507,FAILURE
48,3.400859288454139,85.69606336471101,69.28754871065458,55.64264591301459,251.97601071500728,990,253.13640675654256,FAILURE
88,8.295274432019706,30.24124573309201,92.34523321468843,76.26560458655578,235.97994731052614,449,192.1094853718514,FAILURE
92,2.2486915058568844,88.22197964076241,67.25515767687448,90.59276802226479,235.73617701406076,941,253.18958241858363,FAILURE
47,5.5897890477695835,73.45879613174678,45.696470950195604,87.2373618168102,254.89853554059778,720,205.56167725606363,FAILURE
46,1.5345671050292142,25.096469170542427,40.41400845147252,96.85992969098116,165.7339993971309,463,251.8456234612982,NORMAL
89,7.626264484776874,78.95657406365905,20.883262233040774,86.90779768684581,77.42505233833214,445,219.38794998779906,FAILURE
63,5.884439360255538,60.187838996427324,84.68617918251952,24.502992284893345,12.960934326352819,640,248.01369106843356,WARNING
70,5.7849588835153085,94.1147500412855,77.70269187564087,25.450704307287417,175.04214565145531,170,243.81420413878743,FAILURE
48,2.0280226794716274,22.812585514688287,86.25940595552942,12.090664598457451,295.51307473612064,407,191.7860774158802,FAILURE
78,8.246632010982339,59.65693859942294,73.18297171109351,83.29775811680057,111.18638185893718,280,230.81812805458856,FAILURE
72,7.438497346138827,42.41495838608047,14.891073165743641,81.31695811231887,215.40558319772717,68,219.95156383806128,FAILURE
93,7.762083588969206,69.7827216973279,56.51626468940462,63.03551376349465,221.06798585619308,321,223.2336610396122,FAILURE
42,7.878403800051831,54.84442621271076,61.74748872433606,58.36564887390858,44.95638352874114,123,219.01379190372757,FAILURE
49,3.0685813059917812,73.05007707995892,96.2930004013782,62.57237483627261,233.6726745463401,993,215.29305777343015,WARNING
44,5.116258053032944,60.72542556553255,82.015183018913,89.03057677010483,136.27354359505134,666,249.30211539992177,WARNING
57,7.807960496312328,28.513771850658753,31.199364624552512,43.71021975834263,231.81556081507526,769,181.7247807660461,FAILURE
47,1.6516910578155641,81.80733521207435,69.41875363122652,30.158967041967557,82.71274359719523,261,183.65117993502867,FAILURE
65,0.07469121122761435,57.907741603031624,92.12027300209257,95.87888850692353,257.7544971414114,561,258.1713333159382,FAILURE
80,2.9428908348617044,76.62954413221553,13.33468726659861,71.81314947610116,138.7891653666767,203,251.983852397823,WARNING
73,8.656689279614401,74.46898383520897,62.410931114962075,63.36773428438679,295.9791649254481,751,250.5909444592872,FAILURE
80,9.517297422804326,24.841291154871268,59.78816141123581,73.24821708086444,122.49873015318055,480,252.18474893859576,FAILURE
63,4.630828601072812,20.5441584958011,79.23167978429458,64.83890537457704,142.37685772220718,426,224.7033516411901,WARNING
75,7.1574548132708795,44.57879217256051,72.40851927497135,70.72907876830581,18.06872983831848,300,213.11355947334488,FAILURE
97,7.078252949849373,60.338716578048405,36.23634975828808,64.68419723096687,134.0353074589108,905,199.86478744589562,FAILURE
62,1.8857715507535222,48.636850253324695,14.289621216134645,17.809850685982656,276.0754178152529,339,223.7415510213075,FAILURE
52,1.1266712249022026,54.8527093371159,70.95053270160471,77.67398049948464,51.90783411220806,252,217.6668608171817,NORMAL
77,9.27631018216622,66.94068288163973,62.952559365490686,94.90546925650634,62.187250118525235,90,242.85846796573148,FAILURE
95,5.716714453658592,25.265080205757446,98.0873649676982,23.38165228103156,186.03355913397834,677,246.84276959499235,WARNING
80,1.7250152451551293,32.18624394177045,62.13457415627863,28.571594037036352,138.9643850900692,516,201.11205772698767,NORMAL
47,1.268557548419399,77.08958014478786,98.95288900670687,89.4120480331529,248.04043863296215,565,237.20045295307085,WARNING
42,1.9929060138260268,39.746861790910785,52.51389410423095,61.811671411851904,258.19830636609447,500,196.84573150707126,FAILURE
75,6.0283800610584475,90.45283062656384,14.670130867392981,39.77070430741664,177.12066313480568,961,209.2300104585607,FAILURE
98,0.8260279491224543,21.59827139108285,87.54277618877032,89.40174777848715,211.46029995100255,548,247.0511830626438,WARNING
51,8.56313552892612,32.46277600227716,49.735550017691246,27.96413035521699,175.86561058805933,438,229.0984073221968,FAILURE
93,8.939229690671413,82.83088010549702,23.078606972004742,25.476076358908422,123.52657915207705,348,212.1587742103078,FAILURE
98,9.429881450116612,34.650588671598484,33.65034571453372,37.81870089022419,130.725197121269,934,227.21976906119835,FAILURE
62,8.004754006487016,29.416422584782005,45.33371525384787,80.26600921944112,196.18436401049658,566,241.3503959532496,FAILURE
62,7.672099554203518,46.43554461397196,99.30856981261131,11.997340935304731,178.50698061258223,70,189.72218241292143,FAILURE
43,1.4438316117723593,53.41237040151457,46.088479044655735,86.58029227623773,50.089784291360935,320,220.01447747773696,NORMAL
50,3.7239216542491524,30.957548506273426,60.70597179250534,59.14426693653001,243.2762358415791,834,192.1855991868489,WARNING
54,1.5047125430699548,28.521097959200716,54.005448991597085,89.77049281094449,92.92235273843059,974,193.2775666747471,NORMAL
50,9.905553392268697,62.88585815928505,69.62040784178782,28.488743759923576,223.49505172037937,609,207.537489867704,FAILURE
83,0.28972404517569994,84.84923971739222,16.15937210785603,80.01882599358493,272.2862917610435,358,187.0015050479312,FAILURE
92,4.171405035075591,66.3380390330747,76.50883223028673,72.42134815602518,239.01329225783823,562,243.22562341630677,WARNING
99,7.923919112094213,34.16279249319649,32.14298577029027,49.87722587204293,149.29968421121677,88,253.5960518295227,FAILURE
48,4.472115578888401,70.69542929286698,60.03671324708455,46.61761018313143,82.10243342421431,200,210.42110758650514,WARNING
78,1.8663595680083123,86.62705428974846,56.40134309053897,14.91553435966578,237.96428488842452,911,239.07034173850636,FAILURE
60,7.030622741449926,41.82957564731237,27.20841459221795,78.30662032631328,120.35655739096342,883,223.40955269509584,FAILURE
47,7.7274577043527914,30.207771692003845,73.55116425525864,39.0886134135946,41.09599532018712,797,241.39141524154917,FAILURE
83,1.571775614094707,56.11237485852852,58.69979672423707,34.12475394206672,193.49992712101624,85,238.05531241932346,WARNING
91,7.312865426983937,24.878616856657203,49.802458672944304,56.08545597311192,58.27930480571601,74,202.53687014290563,FAILURE
55,8.847606115510706,29.211745114976253,61.995046256473266,67.18849318172613,116.11134712726819,458,241.4198892732707,FAILURE
85,6.2739761141715,84.77017588216411,82.49894231979216,57.41519905607438,40.306526751473726,241,183.3768225674064,FAILURE
71,1.2430530964854059,39.46900666309686,15.565408225583264,29.261700694939574,75.56498927404415,253,237.60155680870577,NORMAL
74,9.311588800824836,88.36314989100975,91.56857733794577,90.60777125126484,278.0913811450206,740,249.600321844228,FAILURE
53,0.10693192658678297,30.41902939361173,30.421803162000575,46.15329928304015,271.4132959933807,444,228.17916845586555,FAILURE
55,9.27666060730006,94.59227683375356,60.129455059290144,65.59252743222709,15.234995670419273,373,213.08915042500428,FAILURE
48,3.4791871755555537,51.323313998134104,21.107421155651476,91.50472658063838,296.8036758063434,815,235.5037306796185,FAILURE
67,5.372008127612627,35.19397119854875,17.755492730474156,54.451257334459825,3.6288643220502568,448,189.68417526217866,FAILURE
72,3.5399758350993227,26.23961148202905,36.380123203373245,70.72033183957947,1.7514639434747377,465,226.49058495018977,NORMAL
71,3.726449274192926,41.79933288558129,77.67202225720301,63.121438979085234,266.95251016904655,138,186.02217766745673,FAILURE
44,2.905384824268067,80.1538188419039,61.62928306717491,31.395864409134425,171.72463230648697,711,206.85112802183292,FAILURE
74,5.378973539303105,66.04000611460395,22.260111563898143,46.470520609909315,214.16981383571652,472,193.9128386752441,WARNING
61,9.96130253510641,64.44064262106158,71.2990951643113,47.308219040728744,288.6370305336321,567,247.1952031476287,FAILURE
70,1.8214281992213976,37.443642195629465,33.82713645849125,22.502331097566675,124.89440266946194,694,183.21244560236207,FAILURE
69,4.445189106383575,59.687704562725195,12.35962378509973,68.8603680777749,288.2515619026918,160,183.3155836903911,FAILURE
62,5.71584498961903,33.68652163497187,83.29171552462765,45.39269607064584,179.43860327360713,573,232.82708649683383,WARNING
84,3.5729780421570334,61.17217876711286,65.96517185730593,61.06505875280336,43.77682779165749,218,188.77062950390302,FAILURE
57,5.440361251144501,69.4083025261108,51.55389245018486,87.28646986385068,279.9740701700609,744,198.88301754099948,FAILURE
87,1.7546630518261108,48.46492766006705,93.55809897989722,93.46997330357259,255.41135576737273,590,198.80240173565898,FAILURE
65,3.886863804828989,24.594949118857492,47.547746786195724,67.30759539981693,37.27699673413867,980,180.67784106968878,FAILURE
99,2.5528081646034306,37.61793741521058,71.3241119366168,31.863453521001748,140.5819827371321,153,229.24924420803052,NORMAL
63,6.624020198498256,23.664528834550424,29.0224095365337,75.51288306245809,77.26852572886627,255,208.55139097261744,WARNING
79,1.9346347070268433,63.68205866842819,26.59984652513636,94.96739377642596,204.53701078127807,367,213.98698554830838,WARNING
47,4.42244694659032,30.822586421677165,57.75264198874596,81.31847734419752,120.90549587790623,630,186.83726815876156,FAILURE
99,6.511116778576703,60.937528542829114,35.57242266220407,61.606174514584026,176.3307884820261,572,244.18528312512464,WARNING
64,2.1812042962547116,42.4050104026067,44.600997923387894,82.18040841490799,179.84909741564695,71,185.64601137181097,FAILURE
47,7.414205206512778,45.66296599086685,20.115347973669436,88.34455331906686,103.91028703104861,150,195.40955478250507,FAILURE
89,2.1448211800978156,50.6793856036793,12.747304329227449,26.547407860600103,152.10469933815165,953,227.1091276281422,NORMAL
62,4.511100850783853,27.12737382337415,63.29650705295994,91.42400272974672,67.5217539252942,14,259.74826532487225,WARNING
68,7.664684434688594,32.73496465501532,90.26268812344178,78.77762607563642,17.35892000253554,997,256.52729692071557,FAILURE
68,7.824412769877752,74.90195638285665,29.611119468119586,23.380642412407145,247.6260889289589,967,246.68574810675113,FAILURE
45,8.310443700864731,71.99267877349051,59.811490714352246,89.63390144077931,236.22786160189293,785,224.6317650064095,FAILURE
44,9.935276749660177,77.29118834267366,86.16470035513338,74.23762595226222,282.84116412551424,346,193.8042326080641,FAILURE
91,2.960494762095535,59.69230986452072,41.519473499770406,97.59474539700659,254.95192858000576,69,251.92855547497646,FAILURE
98,8.189359669692903,21.257409776702893,26.599530572032908,26.370636682138,144.84946251329242,657,198.30086296530632,FAILURE
71,8.405763195524141,26.173122457202435,12.373953918603057,17.57264054343394,11.869244172830172,141,182.83933241274784,FAILURE
65,9.948816675786645,87.35050692538138,59.54908788761874,22.740625078769863,233.0377386893523,408,254.11478821233362,FAILURE
93,2.9565019336919294,29.37281657317427,85.76769459966347,19.939247440121278,168.8572921246813,392,188.02457638757306,FAILURE
74,2.8322690758849234,32.73720373301276,56.971308177875684,36.908625472280406,233.17278921174037,358,258.03766727007655,WARNING
55,2.150407998943277,80.74711558036716,81.22135922160527,77.79405232195779,233.24658299993925,587,195.66227380908,FAILURE
81,2.178405197258665,75.2949633684989,13.683618746849703,47.519540932422096,243.21650749350377,158,231.7858173979892,WARNING
85,8.06792118858731,77.80977847865574,76.25134268188981,66.04579291649686,293.34444048859865,538,195.23943489255834,FAILURE
69,9.80005482374241,81.84078669002969,57.071095569939054,54.27374517304214,196.3902586851625,59,212.84112929724353,FAILURE
71,2.8889401619003974,72.29458208683411,19.812725808896026,20.995823143580395,130.12403951049578,618,201.37680618879136,WARNING
56,5.183895784986905,59.39919601657998,77.93228050777697,97.00621927461216,58.82920612386477,785,211.25406992574574,WARNING
58,1.3165295490199724,91.23224366748862,57.77884373926566,51.19709262009606,281.29313863999465,542,251.23296874948957,FAILURE
40,3.046826430865824,81.84867637474386,60.875958418956685,80.88779194249683,173.54126185241483,398,242.48748928077083,FAILURE
79,7.165479237560256,27.33405257472078,67.5105573252954,29.195213216003403,150.95622819770324,323,214.45666081218792,FAILURE
91,4.911446139834236,78.45687843871586,51.56883539896945,68.97308410750878,17.868688137280266,762,218.14845253892187,WARNING
50,4.441084712782671,58.616468147408476,99.42974164014362,45.44040761607683,69.25836301586635,327,241.76290722541899,WARNING
65,0.3763066679777005,83.77241183529232,60.29972627194411,91.77269734320895,58.0098916246023,479,224.03257619587401,FAILURE
92,5.743576955817396,91.4582571056618,88.50578524136519,36.19377534934502,111.15796194328648,836,202.92777669358756,FAILURE
92,6.608743276879094,57.15350328374428,85.09593038575211,82.86898599103183,181.76666293033503,499,190.5770966999205,WARNING
80,8.167152256989107,41.582767255829154,60.343969370653,22.595403630108805,207.41147947363035,930,198.3550531608605,FAILURE
74,4.481640642783854,42.981109712484454,13.776653978579727,33.52206636300133,123.18007713263269,451,197.78545441455017,WARNING
48,7.213987869687834,90.87994462978087,90.63146154001866,26.341504646629033,295.53609203572296,159,252.83626009671238,FAILURE
84,8.152594338778771,59.98091500218763,25.369153727566783,54.98564646420368,130.03916115059428,332,253.48559693699403,FAILURE
54,1.494534984856427,30.55062407461464,57.83420970691404,81.80227421563006,257.8896999672125,605,232.52263112575847,FAILURE
92,8.732694312476387,58.39702062105083,87.86518037871772,52.50995848295221,261.3962029215995,772,224.24458992870186,FAILURE
70,4.303961519710471,91.42554006836716,39.90056028094287,58.90866690910077,200.42342875960412,990,238.510638010584,FAILURE
82,6.598784638823542,39.37142023188985,81.9198227617287,11.21278824771068,200.40746864104045,606,240.98746203957793,WARNING
81,7.348387413616343,42.91507740432828,87.88991398999754,48.531330888976754,140.84632327591623,875,255.2151253738084,FAILURE
61,6.156201890236205,22.27570847073775,78.68977440780385,87.1121739525493,242.84679362159537,413,183.91852482967795,FAILURE
90,5.487201482223067,70.58827461367353,33.4911117556916,66.02727555006257,284.5094642034844,618,250.45811967444186,FAILURE
65,9.381459050996973,44.98041040597114,38.57027548526582,77.60027590391641,61.241382958095905,143,233.70133345514176,FAILURE
76,2.1903701408224707,32.11041700749941,32.3563458953952,21.16116034065364,44.093580121054,190,252.20170919414502,NORMAL
50,1.4494731049323728,48.3979019584695,82.1490985409902,79.2381143574124,99.58199309696717,679,188.9257109582128,FAILURE
45,5.472830932107345,45.23288632812899,67.76455021714699,48.55108742621235,75.40575846789831,919,231.03673146435813,WARNING
46,3.6931241786111926,94.49301438761711,44.393185322471794,83.8869002659202,32.01072471818346,841,233.45774177378746,FAILURE
46,7.108569457604296,72.42940920189346,80.55699574598304,58.086125556179496,104.76348651948831,357,238.56452783815297,FAILURE
42,8.658313149282478,28.530262545293247,26.303421445789787,11.558156839787562,248.67215774861313,209,259.1096628271312,FAILURE
100,2.961782053952726,71.54819475677522,74.51683695848865,85.88018315802549,249.1431378621262,987,222.28752830197735,WARNING
89,0.8815815883732803,61.48317309527199,69.6072897499916,61.7744665534196,293.32748541201505,496,180.326848537014,FAILURE
68,0.38303738140280874,55.28268701078631,93.64648426174449,68.44227520736789,281.4403375831168,134,181.31002546806116,FAILURE
43,5.110486711413725,56.2113257975542,12.969260169672943,27.613675562109734,35.55548511747125,48,239.91564093050863,WARNING
78,4.919331364042121,89.97831104282892,77.72735315967988,71.26175441461461,65.63350802982683,344,218.6096234827716,FAILURE
86,8.901320144121517,65.60209999276998,14.107162491105829,92.17231458112978,46.52446588600962,270,259.96263868701544,FAILURE
81,0.5179261682409664,41.91392061796331,32.015715619122304,23.42764631077706,251.35048963164647,724,187.02037268207417,FAILURE
42,7.940075929970255,89.36321139391343,62.89665670465608,96.92933634292636,41.720480941521075,142,227.72290917943835,FAILURE
75,9.956164722334567,29.010320347681663,91.86924905069398,25.147614199342676,265.0350896124159,808,205.6873700346546,FAILURE
43,0.01840371055807255,58.249338530780534,56.28423301767713,90.12252144125698,137.37177828888622,592,225.80613859919174,NORMAL
57,2.4734028077761003,22.94519383686381,23.270565890447685,74.69345177369387,270.7750387793238,273,211.2165245413613,FAILURE
96,4.096383323226469,83.45500954463108,14.7709116160154,43.029342742024944,156.76872969158055,580,246.82740280999644,FAILURE
95,9.653590498526064,23.849140387663873,44.756322413202625,31.21263872656922,57.34266377188682,832,197.47707139551355,FAILURE
86,1.0358439111665751,35.216005476250324,88.89351046261983,96.72494706742276,213.42413848946674,723,231.96371363124734,WARNING
64,4.54656471074773,58.54393798902416,78.06489372296338,17.237467123334113,177.401275028068,340,222.49300881604364,WARNING
59,1.6385476417222367,85.3440336251777,14.362506844178036,10.162029209469285,17.016998657403082,96,232.90493168765204,FAILURE
87,6.610675236855341,51.588883565504986,96.13580941569418,97.4174307705431,238.57541538130886,511,222.43623072476092,WARNING
83,1.5769363433847816,47.99390372034706,28.27302862747369,98.57793450197762,224.93036542052502,238,212.22580452910557,WARNING
93,5.162174448473676,80.30617274630248,63.62837342261486,16.587060523312758,55.55109001979185,492,254.75005946515833,FAILURE
66,8.036385668274521,81.76292174580746,73.85175127087435,56.760548175004445,122.1660070719511,118,202.97209030272438,FAILURE
89,2.3277425560682485,65.78037734308879,28.59939049704983,12.578099968955296,213.700031696516,609,217.63392357301495,WARNING
51,2.5547638980859366,25.879525474051125,13.599431937720597,51.95759525275444,53.562257963884974,412,240.58253374563412,NORMAL
98,9.622614481575413,25.482988292755415,54.916303718002716,48.695258922757375,156.9360284248422,244,200.26425996655468,FAILURE
45,5.406107599814179,56.805542238447266,40.17167036676237,81.05669691430116,294.66223651324987,624,197.5330395995406,FAILURE
46,0.11448088736614626,71.55440903067677,85.57431610440307,21.139289619037804,90.136926520417,561,237.40303357868012,WARNING
65,0.057753683415847634,87.13855209942227,35.14147458909126,66.97425468137565,183.87547595698206,70,236.31495064296462,FAILURE
64,5.362003058058919,52.289506773085456,37.211054281783504,63.87499962565734,108.2566186435551,487,187.22490489713567,FAILURE
72,8.135730474513236,93.3922961354734,41.66986569427501,66.60337208051729,135.50451337918918,555,250.29062005808834,FAILURE
57,1.8896651806354625,34.95030128353708,29.973802527319123,97.72230994389786,248.93998553915245,489,185.44842217215674,FAILURE
91,9.765644794064647,53.876654260894135,99.08658265063427,68.50522442355653,278.32079992609385,33,192.5235027276904,FAILURE
51,2.83042567424293,40.20757607812637,94.7609172807034,13.281453783507532,123.84549607303254,984,224.30128622064285,NORMAL
91,5.954651108118204,81.16008044043184,27.710192333992715,39.342782982399676,92.55102227811501,319,220.53249298587843,FAILURE
60,6.575077176053814,43.6481040720598,23.87941276336143,27.46135587656456,193.74873121621792,269,259.6437467839711,WARNING
71,6.464037031707529,39.22052323635054,82.19523569945414,21.775473928244473,76.63543265198763,539,247.4813554507822,WARNING
40,0.9530311478921771,39.91321201784748,72.7497680454643,18.730452185769746,179.35320951078205,845,220.44650732727567,NORMAL
57,8.743480093849962,34.36782390232746,75.1270388983147,45.93758917783553,113.87529401403027,769,220.43934547079675,FAILURE
87,4.139154979626172,25.34073998012666,39.65585062404462,76.34586093174383,243.74916373346127,813,230.2633383522113,WARNING
47,4.578458450065256,53.862432002339396,38.551160322182255,41.55081182330379,197.23664978563133,20,256.6672732587043,WARNING
77,3.0559964646807836,90.89761654741373,13.989959849896488,84.2015449462495,189.53216962078503,344,240.92645541217826,FAILURE
45,1.264152698640707,80.25181825298122,15.273832059459494,90.69443134699372,212.22299538749203,708,188.0066253177551,FAILURE
46,8.254608277472196,94.00345208059656,74.22749038653406,34.89585134162533,195.62673169196984,978,221.6605641676127,FAILURE
64,2.9505692951202986,28.353923689176497,63.42421360962188,20.976234967268887,20.986847853188348,873,238.20505646395083,NORMAL
54,1.654555014760326,89.7910840199946,14.734960772414874,52.88159695106115,245.61474838083322,104,212.40289280710152,FAILURE
67,9.232477616143926,87.82424742185397,38.06634664320965,56.075449304914855,163.4215057880073,548,191.38118202004455,FAILURE
62,2.3540861169525,76.68630518631883,78.53265088761935,19.88922827577629,119.11770082734289,483,251.62553716800443,WARNING
88,7.384773936758186,33.61545658415192,84.4196601745725,71.96556615854757,181.37406336098869,10,180.72326781169326,FAILURE
72,6.986637057632155,64.4650286879753,84.93321513817891,55.574974196434425,167.3277792849921,144,216.73650549266705,WARNING
76,0.06146992560364328,42.40832799741763,32.0267201655996,59.47367509073094,176.75478141175893,303,230.25306830537872,NORMAL
97,9.753211797240745,49.504432378246705,59.29475499947112,65.16311904687737,62.34559480110424,389,190.15513104539895,FAILURE
55,5.0316040256990995,77.66650508041417,50.983968391543016,59.37601858824758,183.50522376533024,452,235.07714840720593,WARNING
69,4.711798004912662,72.41750347091916,49.76847564822546,70.6074318755478,267.2916387143867,447,217.646168733382,FAILURE
58,5.845582679009594,44.052959497238135,21.53407854805724,65.28629694856474,63.260436260910346,796,225.5575119926184,WARNING
89,9.543685157106761,26.81104917810502,65.8179808975255,75.5018929190805,207.11437099835067,431,194.125147978198,FAILURE
53,7.39374317720925,69.26771638604339,74.36451963005479,33.667167372683714,158.72866965789535,630,189.00680679189992,FAILURE
67,8.20494347188859,25.93909795553612,32.42780920070841,58.77974916917951,274.234943383528,526,195.02572807112264,FAILURE
78,7.195394569584995,93.21046790112652,59.08667747350188,74.05138480291957,234.76603475216416,107,207.04092041857615,FAILURE
94,2.47052938809192,47.92681314482719,61.266848372131776,82.4451216076174,251.8061181050557,558,181.8095496597182,FAILURE
82,9.70576760246911,38.274065455702164,34.34599099724733,43.487966329808195,251.46060423483829,364,180.24459381836104,FAILURE
60,3.1465837130647656,67.9994697353396,57.26710470200423,30.0676309176641,135.8333251450462,583,210.49536973365315,WARNING
41,6.328943221886915,22.89610550923581,61.19596111887937,44.19343485139163,187.3709390258675,300,223.0820602755068,WARNING
76,8.856170800219223,75.96318372873384,49.41621220879672,90.39210392578342,70.61877886612059,525,254.28025101154043,FAILURE
54,8.914388053639428,44.920189611869205,39.41800103979466,21.461887333519925,1.7981872463152946,162,253.60985382454663,FAILURE
69,7.87180876777628,70.83364761358354,82.09748939296739,20.565664849257246,151.76188748755808,957,195.60493985111012,FAILURE
86,5.683195257237227,72.42849819672641,38.11965781612304,59.47094092306677,30.628606354055197,334,228.6564195513504,WARNING
96,4.624555491013998,81.38784061537795,26.914159548905392,73.26552716929473,17.619454251527326,548,246.49044568554615,FAILURE
50,5.014004308597702,37.36274122771488,96.1736000073743,25.181041370076848,128.8812184505794,884,194.85032666006157,WARNING
43,9.283620022738244,91.21028678901556,86.2201952324942,12.744651469709769,150.9497846057142,24,215.5458819848846,FAILURE
72,3.8520889678913237,49.86004711248313,90.21356326457594,82.56550357596538,140.39849322307444,199,190.83684425089794,NORMAL
61,8.950933700341348,70.06591901184387,81.42790176873794,90.47495773329689,55.42199926321635,301,250.36687204690273,FAILURE
73,7.726317389327125,73.80870001162353,29.517886741179357,59.216665049018026,282.1017752312375,641,234.43002253156152,FAILURE
65,6.608660503559283,49.19933753342375,75.78922682436927,33.487642677978066,13.088060085656627,642,241.31467221343883,WARNING
95,9.87581941059716,67.72272035687803,80.56549189313401,96.08488722956308,185.6317444579538,391,212.05555694143848,FAILURE
93,0.265932058371775,48.76280476949129,41.7384970686153,83.43067209980563,269.13066243677247,47,220.870616096979,FAILURE
63,8.421467026449088,39.006768099385994,39.40426617948556,66.25500018816061,65.487769612326,316,238.56723773986892,FAILURE
89,2.475316400238685,41.64009076556401,71.81759859891062,41.138120249441215,43.52826981793291,442,246.43168057613337,NORMAL
76,9.758985148185042,64.68546880494216,19.971860786151304,11.993181823787634,44.051299821741196,274,224.4011742906315,FAILURE
86,1.1224316364802123,35.12270599751281,23.476091940325208,17.694262042307027,18.795349478591962,368,237.97394725086087,NORMAL
60,0.7765665956516421,44.22767129905439,33.95422264652314,34.2016012362883,199.4988775567736,40,255.82637026232706,WARNING
53,6.8957336826823825,37.481729881839385,32.623914128605065,32.98196414238738,285.9750010303128,556,185.5206609803269,FAILURE
88,4.659059863917584,51.65402744187668,65.42848169597855,22.566761108135715,245.53589018259257,141,247.1470091920716,WARNING
40,0.7378225478293865,34.97337207465596,80.13082295913863,78.42204048302598,40.323168168842315,22,226.72201404269953,NORMAL
40,7.764069781817772,59.70255162564616,95.63688465302273,64.82695812799125,209.32266969452107,440,241.89003464474513,FAILURE
81,6.303687356591421,74.87822110342796,46.66044806730225,24.134138278194655,133.1720572799768,322,250.98250346244407,WARNING
73,2.7957353192067256,54.35378042568406,32.35747163021853,28.930174963919146,22.776489603644453,243,187.05116372663718,FAILURE
41,2.398227568910798,31.053067315313317,45.476454784601366,22.654170968879157,86.47482558792522,815,236.11760864470745,NORMAL
51,5.173881401444962,61.819716435367106,83.88072127319063,18.181076361042198,245.8658949972625,643,219.90904946617013,WARNING
41,7.0879008755845625,24.50820259372199,59.11766938097245,44.26763819387449,14.650930416474717,744,242.96588780426544,FAILURE
67,6.2948145387100105,46.11300681523126,75.81692455885236,53.45582731760179,18.726005809946894,262,207.45867009317368,WARNING
55,5.818129145242983,62.21231414692054,99.47129452288938,57.78233122157993,80.28850640004501,645,204.5621613373129,WARNING
51,0.4492782510122262,68.13702328522845,79.67396389341697,35.01489170520224,239.55415358359224,779,229.9950193389827,WARNING
42,6.425610000286339,88.95754117517832,75.4965142854054,58.01043695048774,27.368482075297973,725,232.22730229699653,FAILURE
91,4.271937775569272,48.262000588668414,43.72269397248247,94.33668146744844,64.75845474060111,658,195.52875016563593,WARNING
51,8.837724610267426,80.09271819515534,56.17084143459576,84.69083064545264,230.59856360636957,968,210.3813988964621,FAILURE
51,1.5445484039376234,86.24748550477307,93.86363979408536,19.32522371562935,151.10359366259107,570,201.05619325978995,FAILURE
67,2.3982046764037612,22.822615569670482,13.369064044152111,36.10003836303855,189.85336567055631,944,225.272824534584,WARNING
53,6.764973429727485,39.61042929417199,72.44691211012156,19.74429312137225,282.59021873706575,700,251.94958017334045,FAILURE
88,9.375431269020282,69.94175879270024,16.407788251075228,45.98886456537507,243.61191920398878,383,226.8447989746764,FAILURE
70,5.615442005676843,67.35386152651448,92.14627139475552,57.76372850128991,256.3148031391146,935,182.26425457325053,FAILURE
65,7.242407439207309,48.851926692471906,52.88422795458137,34.1886868871869,272.263886357565,690,197.748754252236,FAILURE
100,7.340641175656235,92.18483695818648,81.52146865103667,78.02122808860727,54.426345305373815,527,227.58732011683134,FAILURE
74,8.324867859869952,67.76779981980835,75.06149159517652,96.54020919058537,248.68517581019222,575,208.19531332863733,FAILURE
40,4.615006139779613,79.78041538143117,74.49650093122342,74.68920672541445,141.78923750003597,900,215.99195212940577,WARNING
43,9.4339900967142,39.60395984619952,35.67168081682233,77.50353287985817,17.903515306447158,465,216.57358567995936,FAILURE
73,4.650453418075074,24.140827596806503,18.17844116736213,83.73922900494198,198.229367741765,803,218.9614351191865,WARNING
90,7.076341268874332,48.35708130128759,34.74842172178319,39.53056710941565,251.66569136315192,783,213.2723464764861,FAILURE
99,8.526791756145599,39.351576429418856,50.20095210617519,96.05168475269053,228.33200068377226,754,257.09437548792437,FAILURE
54,6.720213744869935,64.250285625253,19.465453511600828,53.35565330111369,142.77905392550886,567,221.37338219908705,WARNING
59,0.10135237554214083,86.30688129955404,38.97794884102935,30.28098415887242,205.71718283335315,483,210.0805855191133,FAILURE
93,9.75917014161601,29.101187569766115,84.44619341525768,98.84593465924111,259.706825700322,347,202.59869291565707,FAILURE
83,8.104956760673662,36.15463105990975,66.21990603110109,65.76913460244562,229.3003387777557,40,195.6128795607507,FAILURE
45,8.976842937531794,94.04398291722316,83.55383611560802,45.15117075226058,251.3810843499895,641,222.17423161417963,FAILURE
69,7.441243179270068,74.74415911543105,29.033031691289743,59.4516114082514,51.879133486940525,970,199.09206954416433,FAILURE
64,6.38268876790713,58.66497082080257,46.40815367260119,91.85335934715637,196.94067294601405,909,258.02662676394175,WARNING
50,9.37187100653809,34.21576660505444,70.05038774987383,49.904942243097004,194.00697935345178,45,193.58911335237613,FAILURE
94,7.731612922420536,79.78626544030539,53.59135314743233,90.81664012883631,97.85533533188799,723,186.8365936220767,FAILURE
94,3.5741511567887296,89.49993701977775,62.022473842215675,46.58618087452524,272.1025955980343,333,217.0196306518336,FAILURE
51,0.5772798402241164,86.09026589348443,99.31601562783577,93.25527475155876,242.7384537378929,70,195.68051216941905,FAILURE
69,9.010907871734691,75.69786436550734,35.41176650853341,45.95308703130465,12.427472108900217,438,253.61788838688133,FAILURE
96,2.853995722161434,20.396012993279125,68.62344202750802,66.74262037914272,283.0119782615705,712,217.64500355688014,FAILURE
82,7.09769241797656,66.2020235555516,32.56007818632716,33.795259404584804,278.77930669628176,601,201.69812243719656,FAILURE
45,7.563070578871337,27.961472000162292,29.550124365013644,24.939785371316177,92.8709331535601,596,257.09268047639864,FAILURE
86,3.3846398004915947,74.36697253658083,80.08014870121845,28.434248008141505,52.72693316800014,684,235.50723206202218,WARNING
40,3.565143554282889,58.71451745103739,12.09731652881111,93.27654167387165,55.4574356504171,35,237.21858654685357,NORMAL
41,8.595829771779604,70.59746368880046,79.67247843879818,99.30331893554892,107.00120632441607,46,213.21679107428596,FAILURE
68,0.49219727594967955,52.020105767039844,64.03113922171323,52.21332649700369,78.92199379221674,430,233.9050443792559,NORMAL
66,8.53806413996465,78.94778237996928,46.84700988592629,80.81017410711249,145.34430783293223,215,244.62746208512112,FAILURE
79,4.427375698513272,46.79015253324942,92.06237990246238,59.364012960004324,74.35520789159278,317,241.93751805015137,WARNING
86,9.444109566045535,49.1079704298559,81.91340356651989,79.24137194055459,155.31755083488378,491,194.37396067420346,FAILURE
98,8.50031561109914,68.49582294851088,33.07200545512389,60.9374931923679,50.00001961031381,813,247.23735570976953,FAILURE
95,2.36927729304265,72.99412345751554,58.54309859551619,81.67263498139693,93.69243729522181,820,231.1569276965257,WARNING
92,3.3872625974674717,42.08223083897606,31.89723453736194,22.135657546370766,166.42159213548285,327,189.2019431597133,FAILURE
68,6.888632741532482,33.28172432044682,95.31811492728707,20.1837801489813,13.97506221907761,370,247.51281582600205,WARNING
82,8.277449970184811,83.47359429917523,26.11502747265142,21.742967062458337,183.92938197127125,120,226.41425575020915,FAILURE
93,1.1575012975249044,86.86515645861789,82.70964011433942,12.391991096785297,28.212119243589502,841,247.14408165374076,FAILURE
79,7.957431408411751,39.34467140070292,94.99462947003906,55.56170503873961,147.4156928783727,872,227.7539608624764,FAILURE
64,2.8532764531734047,72.61752942432831,99.6020274796096,71.57544171037881,33.91075962795888,855,209.4967524928419,WARNING
42,2.7754557364598176,83.44878641557575,34.518421615987265,72.18517062719151,111.8981382719385,137,202.45199682248736,FAILURE
89,3.9927407306976246,24.69126872643694,38.58913241438796,92.43593947330795,196.00311263308393,389,217.24934027085345,WARNING
79,4.717152222436281,93.01645631996499,21.65046864304929,20.55106975986893,111.47164589928951,729,242.8214472325331,FAILURE
68,4.123230108828773,32.56374430506318,69.63806154144734,36.217393168235276,176.92948756909803,707,200.445151083946,WARNING
68,0.867615512864951,23.536247301845318,69.36614785363693,48.19335546346013,14.398456130414687,30,193.7190029871723,NORMAL
45,8.575295208614687,71.59022872152525,12.50557389257123,34.43059597442246,274.1857156871442,473,198.96091716897104,FAILURE
59,7.454879672496084,54.72366906933174,63.399169971470364,94.3361994599091,250.42147246674847,704,206.34068930328297,FAILURE
66,5.788696933214391,65.0135936958187,56.31903200822178,51.92562070697106,78.74441630719873,678,183.74037101367352,FAILURE
57,3.1376660345858474,32.83906048828345,84.40094811058628,21.143785555355443,78.69948278072579,549,247.2001859251184,NORMAL
77,0.8299960590686539,31.761123174353393,35.79055993547412,48.40824381706208,210.06344954601587,115,199.3838620921243,WARNING
93,8.47681391621115,22.221759191067765,26.295452809945346,34.969208319114074,134.76109429238332,390,217.962513522147,FAILURE
43,9.883688758295255,73.8969296229277,44.462061171145805,42.09890433922767,16.62795108166351,439,246.90365306491483,FAILURE
60,2.185251719364053,58.48777360259646,52.63779426543571,94.65034184637277,4.45221541792856,897,195.03512750876,NORMAL
83,5.916931169170771,49.17435996683889,34.30592193959043,46.55409267543406,7.003466824760763,443,187.97036928373544,FAILURE
69,7.366113008145324,24.58075635449638,32.1395718077859,14.95167734924952,51.214808918784925,525,253.72077705578994,FAILURE
59,9.282615440507442,60.62074015903249,81.86904634442085,64.6918197333977,18.778911243109135,547,215.67098976269432,FAILURE
59,9.24023769913697,23.944817769405084,45.8285911147141,80.76879274081205,254.20602768687434,970,250.51654372166166,FAILURE
92,7.389993460397491,44.823975638047735,28.019591315700964,27.578184712759537,296.37944151350666,520,227.90007593605057,FAILURE
62,7.164283134661118,75.47447664650956,84.76929834128023,40.542357922942216,216.45194434167053,991,217.73166911221313,FAILURE
67,6.973113952066726,62.84523385342624,42.361790752607114,63.29476211771926,245.70207817849948,573,210.8594669546466,WARNING
67,0.2572041088523258,87.0974852998734,98.45211900864821,12.227246985677162,262.2800789546458,853,227.32478694514992,FAILURE
47,6.584683523375599,31.237641322181577,76.28102477300656,78.00125545528512,83.2217315835361,334,213.71642131269158,WARNING
52,7.6845632954194,86.62032482899146,55.740902439317985,50.74488961632471,110.30062243136818,106,227.06107781973228,FAILURE
80,6.177882354725488,52.51288417363813,23.442134874264397,40.565963629046045,116.07003116952075,613,202.44453181101468,WARNING
66,4.0756583649346485,89.10212580734687,26.593809598651898,53.331028703387446,85.52859862647449,595,195.8176757092739,FAILURE
61,0.6752920596906642,36.87283584793945,68.01218149829035,44.47691842398843,109.30375418668505,347,228.8911059162586,NORMAL
44,7.214695731518597,29.156940881862386,77.21131462682507,87.30379346098854,51.94428034249347,267,242.48789024869916,FAILURE
70,5.7037067103863714,28.865485094424187,14.398118730079464,27.20517714501619,92.98466557196821,805,244.89959862369005,WARNING
78,2.5544497038676486,35.61163494366063,88.79326299810855,31.355716248694428,113.1379423715647,996,247.20828508420357,NORMAL
94,3.741647253257616,73.16571031136836,96.83749362576822,18.35799567836309,199.1836558320912,807,219.08749276344423,WARNING
68,1.4941214611447928,29.289502753828778,53.88821760087264,93.55511844546645,107.2493603336982,202,223.91207849066782,NORMAL
79,8.384445467586774,92.82769543323239,89.06465476216398,65.18429527569319,140.21651421027835,295,249.8309724499925,FAILURE
61,1.571313410334575,28.120878348287675,56.881899032404405,21.205846606467198,61.8408897486854,565,203.67547202525577,NORMAL
77,7.8641033621557,39.76466985038858,18.26032333647544,98.02269770408464,218.60825593059266,400,217.79434836167317,FAILURE
90,9.464174060967173,71.06899803396487,15.247589729366343,41.904742869185235,53.54615022525441,228,198.09307738521355,FAILURE
51,0.577264861129202,62.58917663890535,46.80551345139566,65.5775293595521,121.13682946111962,424,226.04290670508567,NORMAL
52,8.234707402662384,58.67986949206112,29.463675071418635,54.167644538544806,250.97380824535227,710,206.20773037369787,FAILURE
85,5.098729780563281,30.431070423655733,82.12849286701474,24.589501544349382,38.93731321515533,253,206.78824410061543,WARNING
69,6.913982812421099,70.57491803078833,45.95361071859478,99.64139040728332,224.94437291564142,66,203.6582127183707,WARNING
90,9.07796885257915,80.75243299999116,40.81092002292401,53.59817101285421,261.6418346190495,668,248.999768422449,FAILURE
92,6.693839885502127,23.383653302430194,51.566782787026796,71.24740730483576,50.325614856261765,429,229.98573148824065,WARNING
55,3.4160709358476495,56.075274956479056,30.37641056390204,94.84356504890069,294.5521843989033,379,190.74732550847023,FAILURE
94,3.268274172132095,71.94475561396692,13.747653587664917,59.3402465233621,235.75500324976255,741,225.80596922139875,WARNING
82,2.1508606222342177,59.311539120604984,82.24048007611786,57.847907055049085,112.36018594538407,231,200.51001277251106,NORMAL
42,3.718934022772756,35.25580564748642,45.92746451889686,30.027407431325184,209.13940833609044,883,198.5145398938873,WARNING
81,9.06718535609251,83.77900705724817,88.0541712494736,45.84938731084531,163.0393268778642,371,216.59730160036827,FAILURE
91,8.057003603758575,57.66074158271638,92.29585776954168,34.12601568414922,17.052150854619267,412,245.46810154209533,FAILURE
51,3.561176984607118,79.00178216973069,70.28314419016988,29.622604767055734,167.04565710439954,408,222.58205677807013,WARNING
83,2.6283615995989464,67.67489710329856,27.548178623223375,22.455823144494467,10.983749535723655,202,220.98402821205548,WARNING
53,1.9354289628326726,55.6200298380919,96.32886751319478,93.73782392880725,140.2813590858514,811,257.96126425350695,NORMAL
83,7.331521238938695,54.09790853553899,11.940029232669884,67.17503688750624,237.8349652108593,689,254.44289500013969,FAILURE
98,9.780069541763895,79.92513465023214,89.42744684133716,44.925924757290105,230.2628770884925,401,183.01440187856642,FAILURE
50,1.5708053798565502,86.04820190438774,50.98297963397045,76.92872558940151,56.54275028690357,415,249.35192797836316,FAILURE
54,5.478974977436831,48.33951156763346,62.165453312936826,48.3948057862214,117.67715095887688,856,259.747321894,WARNING
44,1.8391092871060366,58.86154847637135,99.93161668697996,75.86410773397706,20.03092564176853,907,184.13608215919766,FAILURE
58,0.03910009309291973,39.095226437645266,94.57442729969351,78.72408846889104,250.47569893924708,25,255.79435764260603,FAILURE
94,2.152798404576466,69.16666173000834,62.033698225890184,55.55160556937092,173.162859900884,51,202.71628654033898,WARNING
94,4.1585945138497316,34.586643941574685,95.69113226831179,47.9243135560806,193.90703927610159,65,240.1769808628664,WARNING
82,5.829592946993767,79.15719755893014,42.75407918757978,73.73241956989033,35.52603124676149,246,205.2635639538065,WARNING
56,2.2254103279852187,88.5876491246513,14.885166371596856,46.05539433691796,192.9863536611614,569,209.5617335816367,FAILURE
60,4.035174160435443,43.788250164839525,16.529984039419276,37.918774474424694,282.12528890743084,33,253.22140945261842,FAILURE
62,2.5835451552535305,86.69329545320748,11.09239304006959,16.51607015131619,230.741296977456,812,234.44896412474876,FAILURE
86,4.510879725002047,83.34078838312905,97.31339590542565,12.810341449761598,267.60271564996066,37,209.93540346875443,FAILURE
42,4.478245224551891,51.048252516980995,89.32691385995817,56.812629259557724,153.86332564271223,91,220.7591811521192,WARNING
54,7.550215651381638,72.58759307577009,65.89779188013708,93.80382788069933,207.79046630263537,852,211.14908310381276,FAILURE
92,5.383109445203598,37.5976944429593,17.631617781679147,10.643259151172078,153.98758773555465,931,194.86725505304875,WARNING
80,1.2094395043003692,51.650024041318915,97.12139527561811,55.44527166725586,142.75883432180302,107,245.64655235837552,NORMAL
41,0.9501250462883826,28.1438296020668,66.09288413424966,96.2018873465518,267.60402182914265,463,257.6198238944397,FAILURE
54,7.4694620387090715,60.50972788081398,64.19742088761359,40.69287740878124,2.6725521085124555,105,231.77451949693184,FAILURE
80,3.176587422977042,30.4104576211543,92.88079297796298,44.228329773297716,278.7884267167935,210,191.06373474307185,FAILURE
95,7.43696941603543,61.412288199001374,89.42803975911522,55.831932299206905,37.74838046876933,55,254.53852318689724,FAILURE
90,1.350415517402771,70.79659514172208,57.63310674556538,96.26948937543756,82.71362631273998,262,222.8309484777312,WARNING
56,1.4258732707338384,71.67990343713207,37.48006860346416,90.13325007837119,227.3754889628411,476,237.28304968678273,WARNING
73,9.567664381142462,82.72622448647294,55.9508201488375,18.72821971450823,170.6404309969227,84,258.13421565845994,FAILURE
65,1.3508904167363833,69.26250329555316,46.29984797843213,43.57305510344172,67.34037123123834,720,188.5894435168018,FAILURE
60,6.69126591747761,32.805464748085754,78.62397049877815,70.92463587414152,89.00662115129458,875,230.51718487639195,WARNING
59,8.387744033576777,38.78754236437064,67.0067931945058,21.820953023050883,164.87090895763603,867,232.7114982937659,FAILURE
54,4.768636196348325,77.53715653098125,78.94224571810255,70.04142185166766,20.43399682848251,483,228.37606885373754,WARNING
44,2.039042261319046,35.22824277998011,57.816859302791414,95.35748173165338,254.51188670911012,690,258.26478515218844,FAILURE
88,5.752582492829602,59.58922829830395,26.846908005694303,22.965144171254067,167.7650242653536,520,208.29924310700312,WARNING
82,5.531283193308566,26.59146977445326,28.30559118881282,47.48433674293734,181.63014805040655,847,222.84386931660714,WARNING
99,6.656114026169671,69.6373869077245,55.232366984407854,29.516786948596792,233.05917539784485,680,258.85871601750733,WARNING
61,6.957754387173351,41.759328680940584,59.052012878261706,74.62256491444984,90.62032735686122,856,240.7630898819187,WARNING
76,2.875330588566615,90.42183470921364,93.39625917984068,33.38074582877231,65.23779178586102,308,245.9306108513394,FAILURE
85,3.3611106033298865,67.5114179715039,52.78564305008382,67.12978046581385,279.31559220638627,772,246.5111633675564,FAILURE
72,5.540363112319229,53.509454711724565,40.101567700583885,58.89019340157914,119.41259260600815,143,249.90138767018806,WARNING
49,1.000140837170288,82.52243218448002,45.450081341745125,55.72996965349043,46.10165026231796,787,234.09621004545804,FAILURE
41,1.7192501326691145,62.203806707071514,95.29713596861374,80.90330127278824,273.25096661335095,909,222.41470335421207,FAILURE
47,3.2438348377328086,71.22604881399533,76.38307759510707,11.6653176611751,119.92441592297911,547,204.59616299077544,WARNING
63,5.5284664289557695,75.82584962219433,16.197577085951608,53.82504074106314,146.85321506049215,148,181.18771481288215,FAILURE
79,6.024209537205168,66.84083293586738,33.190045157968044,17.45481223127433,217.47241419807892,644,256.78294502356346,WARNING
56,7.612007577565137,57.818588785092565,84.47614991105682,21.58403147619672,135.33584201872628,374,234.28190077016404,FAILURE
60,8.7660536011165,60.88338617794373,93.84703619891901,95.00774357671081,196.36408508354376,794,241.12832638929882,FAILURE
52,2.07747696656999,56.58122016765569,73.35387406428399,50.13964289508896,229.83079147740892,482,192.7637938484605,WARNING
67,6.332003007210374,71.90852613512615,57.848115941066624,46.450962949895484,77.36149997311837,453,247.29910734593682,WARNING
98,4.014464989964783,45.201412337427065,52.91312630767187,36.335688652566695,251.10393920046351,572,229.66015523449215,FAILURE
56,0.3863043941330757,39.185776689928566,67.8553268843117,18.901287013140703,256.3844289574494,898,240.42693492933495,FAILURE
58,7.673153742194918,64.19645765517583,71.83846416992426,78.40493009216792,41.06174369591075,821,192.89964459034854,FAILURE
97,5.141560700560737,24.56909679385692,79.49710190460272,73.18718594020766,240.03500226750518,480,199.10005686102716,WARNING
63,8.803494792499341,74.89272678493302,53.74693364921895,81.32111519371125,254.5652248665197,21,237.56264458290133,FAILURE
91,3.702131506302547,92.41967480035176,25.667703865024563,84.2414367004334,168.8925179594219,184,221.37819477723383,FAILURE
63,9.136024927358756,61.45856166260168,91.57526870607877,40.45900249860229,96.64839893528213,274,207.95178600057108,FAILURE
52,2.816336672432078,37.336002594165265,22.26428967608191,61.747879464195194,39.89187662569762,94,211.26982065608453,NORMAL
91,1.4197123107935417,72.52132775404664,80.7428400977216,72.98596618518292,232.33264376697517,231,208.93878028584172,WARNING
80,9.835932033318926,25.305825557567182,38.04117191595722,76.42515241589501,140.32139009333127,198,221.79655033536875,FAILURE
64,4.378471109769622,25.338069081860557,66.67278973029035,38.00552394500279,148.90130431222047,262,212.79300659299065,WARNING
85,7.119685978397936,21.130327241480714,27.737531222598232,42.20926913006936,123.09652419571636,769,215.7478212006882,FAILURE
95,1.0717828274130736,33.91430224381037,18.09308897733697,82.10095356139678,281.74742716994575,571,211.5949956200202,FAILURE
79,2.574926617024108,68.2437675745079,26.30571063662407,13.81865835917399,46.311363301907086,369,201.76454603870582,WARNING
80,4.6012476042480674,70.80645889526075,67.51618804791553,73.31694754282323,268.7879672511355,402,192.5381484228459,FAILURE
93,7.20192002836277,74.30232981525037,53.77038351045933,39.41191989810008,159.20695534548716,928,198.21884215110757,FAILURE
73,9.348188058844007,30.219637858873046,14.481341483534399,83.69891253443019,89.28895602227051,169,228.83008635866003,FAILURE
72,0.47295046693193177,22.075548517320293,27.458728733011217,79.55113053996953,88.43759967293333,324,234.36927662037257,NORMAL
95,2.2070112948895657,35.11580023302019,45.145988004101476,51.62461868557718,230.803736687501,632,197.42613748770137,WARNING
49,7.05673668595022,47.993222852634844,72.67064247073753,26.055132422618485,272.3366858315767,665,192.7370890136908,FAILURE
64,3.944288431630264,90.52441361467197,76.22276637863126,53.249544340914674,81.76662943183422,562,249.54880399072135,FAILURE
93,3.8097881656607924,76.09380224063125,13.636994604356024,97.95342656854618,181.51321168118608,266,206.22415574193823,WARNING
78,4.368607453869507,70.50612113395988,75.99217601257321,47.37430282045983,168.01937594176584,263,224.34959104843017,WARNING
85,2.5787075416107963,90.73147503427785,64.39974161492032,64.53855868714373,248.80489174470887,370,217.01789515715717,FAILURE
91,5.0636490883924505,81.79579794585767,11.298773328212517,67.34597914421067,115.61457311715613,525,213.29187993283085,FAILURE
53,0.7349488288000061,94.28816663668384,50.44412147354682,12.547957484972278,6.3752135212856595,192,231.68244233042006,FAILURE
53,4.4456171713386805,37.6935539253659,14.17060190317665,37.99462651836282,15.45518015644505,795,250.49755920218448,WARNING
83,1.7929365780207451,71.71508313103136,86.05989646251672,48.78073396388175,209.63959130770428,528,225.561236779581,WARNING
53,3.99028357373317,71.80841012662266,42.55770595496716,47.543861577597525,106.67614055561565,476,180.56271985461115,FAILURE
80,1.292177067393948,60.608221021285246,57.315374300734256,61.56428610273383,163.1848990051206,819,204.5678160589684,NORMAL
79,7.22981663481872,26.909591865715186,34.54527253089431,86.99978061494379,74.89823265258205,176,244.433000450797,FAILURE
62,1.0908604775325115,81.94227697699245,51.685060607188454,58.58416350828572,141.7906254986675,682,252.46238916526184,FAILURE
44,7.434289128599061,65.1517891179275,43.70594061360078,84.98398303555938,233.8668927877803,66,252.25870842290252,FAILURE
69,2.321915763220286,51.218580524338364,72.18137978160088,29.1972410199259,239.03347780406816,88,185.04701982103333,FAILURE
56,0.15797919130853266,78.968015146673,13.557818559249464,68.75728993340181,159.2784770814173,193,189.23791239620795,FAILURE
74,8.216035336133853,80.64049491208743,19.59962786133406,90.5185780583243,92.62003280110241,555,237.41914069689815,FAILURE
71,5.4067256388353,20.607145105349833,58.85656617612417,76.8564774235828,280.2182059036073,505,240.87349826837203,FAILURE
69,6.499383758390699,52.58060341092223,45.536302907812455,63.30336558213032,148.55761731488832,13,224.898504186488,WARNING
53,9.337783667836705,40.419323797413156,18.0086382266933,39.19959755875534,160.2888179525451,794,220.51540248385814,FAILURE
79,5.794529362106433,60.821709915975084,29.54847574503851,32.78936468810217,191.5595542539477,45,245.7398986775322,WARNING
68,1.8618923218757266,66.26487115266067,79.4660372058671,53.52733693389279,161.60992277810618,668,236.64719398374484,WARNING
41,2.2542314319433334,24.7481932959926,34.47472080927558,27.570943754423478,97.36296677901221,492,244.49840231426046,NORMAL
64,5.884992064924645,28.95050936374568,49.883659126919845,92.30522871811094,240.96370242765332,501,204.16858845476662,WARNING
88,1.5502888041524732,87.10698042288156,73.77893747663867,55.618528445430016,49.77265413132634,929,242.85043447707778,FAILURE
49,4.227150547790025,56.153418576376204,30.435283633311897,73.26411143747089,117.51827498493994,599,189.14489422277381,FAILURE
45,9.046421073151413,20.82354364045758,35.49579869301559,57.814063361080535,31.525831499108012,704,246.38780117777694,FAILURE
77,6.335070097434345,54.2730257746025,36.15917662853869,72.23482571117901,134.04320265244442,433,184.3499321965103,FAILURE
49,4.165752044354031,43.49913570861772,37.86026610245098,31.222507189490727,70.31460902314716,136,232.51096029477412,WARNING
70,7.042840690727013,43.193127356152836,84.55830716470142,46.27865120658028,110.28458470335472,586,192.27204317956972,FAILURE
85,0.4199572542647567,47.758940854799505,20.09627291096175,56.41564194912362,120.8906665645288,566,215.04805829256375,NORMAL
75,1.1366453330588289,34.29588014310358,47.07336579360801,64.76513477213564,82.56151718986648,485,213.58143254027883,NORMAL
80,2.6539461587769173,53.031055800233005,68.42811029094241,48.23763341400273,184.27844187049098,571,191.40648498225133,WARNING
50,2.733166701758447,90.63032705880677,93.7319901330954,40.45382092007653,65.69959362290244,783,191.91389593038033,FAILURE
63,5.8519770439950385,60.23771020183429,25.02431425400681,32.23854498912246,49.03335103654516,539,241.5886692118466,WARNING
52,4.8894454571070645,68.03244081440918,95.90701980988601,51.88609950827438,281.87929892808063,148,189.5177536072342,FAILURE
79,9.905869581122058,78.96945338184423,33.98549056420019,93.7607548587766,177.83498039303623,995,223.05204604102477,FAILURE
80,0.7230429558146723,62.51871936185611,54.16238028090304,42.0672084023809,141.08119100067464,642,203.3707685703308,NORMAL
95,7.93787283887424,83.51225243534995,89.34849248037862,42.13632541038039,151.69508748225252,479,225.85742177182468,FAILURE
83,1.4160964745265414,67.5964639203987,38.54905311099823,98.15734782454714,164.56532633782732,989,227.37025185692877,WARNING
62,6.561769202857583,67.56774695812354,44.85639605826012,66.16302294765043,228.3149290290309,541,180.86903770334752,FAILURE
99,2.8134550646817136,58.73570588963979,59.20871375877986,46.191810902599535,258.7994231747154,68,231.67930787063523,FAILURE
91,7.417896168002054,74.32974814384312,55.67982409988621,39.73542682665241,155.82078963689955,123,218.12921764337165,FAILURE
73,3.1389573492786105,84.04985680649614,65.41762411723765,12.293272452909097,107.65263601595079,328,198.36905016410535,FAILURE
88,7.26383954316117,22.65566029239222,67.41008603460796,15.579416012710478,17.708187579115247,884,219.99609612232987,FAILURE
87,2.54520906919832,54.541241090215415,80.4175047166026,43.52170362169922,213.59159170664518,25,253.31002543100885,WARNING
98,1.8714768502661383,60.58925097065425,36.040932028718046,85.25485394563604,215.3925561675984,969,226.45413592748702,WARNING
85,1.7698794843848076,53.55703884777037,95.64619763916508,52.29607017570392,203.5851704384293,112,221.49560171006453,WARNING
72,9.95431862284103,90.12386228563386,24.201226143922046,90.45304204579422,40.19683376857587,373,237.5901170635599,FAILURE
55,3.3057748175481247,61.258661940037285,67.40657961481696,60.49925390345098,295.56082688320487,582,185.26957852842395,FAILURE
74,5.979990285215074,25.45957548827769,53.91583212716428,45.319594374804254,177.1812169785782,143,209.39213814122314,WARNING
77,2.4959175150157153,34.52976109638444,72.2408903680724,66.38986904795934,8.42792320336053,811,235.47239492446582,NORMAL
70,7.589491571971872,39.95651623809797,81.37409683110832,32.603847877201154,267.12523733889583,172,184.31071704645464,FAILURE
100,3.9874617403390533,70.8747639778015,14.90140336729282,32.603717345107626,135.57345782491163,300,251.36660573865703,WARNING
97,4.555045888112578,93.04496295208261,65.59522915775337,90.57755081863772,85.47933557181102,773,217.78981819468643,FAILURE
80,9.675544799365742,25.96744193704878,89.75201787010445,75.05562991792301,228.50788140220936,805,208.374354531474,FAILURE
48,1.8179879185568781,80.6297567493472,67.4455189695321,17.727908052307487,225.27029003325413,539,206.75924350282094,FAILURE
85,0.3604472035807371,56.8245522542154,48.24378451309428,40.23209318664846,39.339989000197775,329,199.72607328047488,NORMAL
80,4.94404466124016,23.584256847497734,32.20272292803428,37.71748667655618,29.439152842996318,358,222.64230335030777,WARNING
56,1.3673074364573534,89.8296047597789,18.784559039026043,53.787419980160564,61.430211214893944,765,201.91643523545306,FAILURE
71,8.636633167940923,59.36765321274108,12.343117336530844,10.517874163305072,29.227355856401793,173,205.01912269349538,FAILURE
92,6.236826160198403,25.781247423984645,99.6543572702576,90.56616855897097,200.72389986606584,211,229.24247642879564,WARNING
84,7.125401707720473,20.05092941011044,54.26050925257448,57.92167753771934,135.2333653338265,720,214.24374195520502,FAILURE
59,7.656333914613967,33.1933162327282,91.45033436179577,42.94246290724166,56.470716152398374,584,246.2758877149017,FAILURE
46,5.711597258303552,44.481065451900704,32.4734521045073,25.095098746878136,53.63511337971572,48,246.38535205490768,WARNING
61,5.457549981116068,75.09891733323207,32.52035170151866,55.1044069881509,59.09144647368439,458,224.32632949300952,WARNING
60,6.609449519472893,57.552825787982286,49.57935779179726,39.896234026742995,261.96593952559545,709,219.66950419517468,FAILURE
73,1.6289824653211804,48.199432628579416,24.71069446763118,40.908834089410774,154.20408434085198,170,190.16902636764385,NORMAL
79,9.97296079643327,85.62908665517232,84.56489951323343,70.20432154652136,232.3148884626466,197,214.75124759340457,FAILURE
75,4.393260980966725,28.72955353273325,32.628648601333595,58.20167457533233,204.14993543865242,221,222.6508620404352,WARNING
70,8.69576358412425,65.12122353033129,82.34001822326756,48.56002814420935,243.8690535497283,629,219.18005435680166,FAILURE
51,7.994223612418989,51.38635446263589,90.3251640339669,42.50443230730625,46.555415847978956,190,229.9401619461388,FAILURE
40,8.07451561933674,23.390494883970298,43.110889375482174,18.416697028161238,296.92220806965514,216,225.83158400958627,FAILURE
97,6.067886581519258,88.63996387515238,53.30866451755493,69.29555554543013,12.697778080498033,998,202.64554821409575,FAILURE
85,7.285989659251638,82.98770315983617,97.82526648944226,95.29155963435764,219.15184280872094,171,188.25347290603395,FAILURE
71,0.9263273520229454,74.86531717085143,98.8515430960458,87.86031289276384,239.98822182143374,476,230.5834213734645,WARNING
86,0.8100428805643833,89.58433092055559,89.55813672597222,38.05508027468191,6.022213860058064,211,252.59842446302247,FAILURE
41,7.19959044129245,44.1639343857965,63.72253216920096,29.68443472478191,125.25776798688526,340,193.9386081078012,FAILURE
46,5.18745486028819,92.2019459014147,58.96057012308036,55.66343011181332,126.06452362684324,697,196.3116998662949,FAILURE
78,0.47048154330151415,91.15608021233943,43.046952457108915,41.094710151454905,224.539395717643,497,229.27470009438844,FAILURE
66,3.770523757973069,34.68289208304431,37.72319584351594,14.55743314639312,63.678535698773246,155,202.69782691679993,NORMAL
62,3.145558571512843,51.954899943291,93.16245305386863,88.04116259744565,245.74907135987178,702,229.86658041994843,WARNING
75,3.7525804496904303,78.50887939075292,78.42268115363716,68.54423280462836,226.35320483957926,335,259.86102350839917,WARNING
77,6.890970557116379,80.78512968197163,95.74372957719196,44.99624619423764,7.132496136637451,818,246.39700870037908,FAILURE
59,1.5188180403541562,86.57951600367286,89.15992878986393,12.848419495418275,95.23947254909163,939,203.5208797786809,FAILURE
94,1.8993613767507267,92.30844200106107,41.26042761836367,66.62357022666421,217.38269819658169,798,207.2686309500728,FAILURE
56,3.692401702848022,86.00693677140788,55.9248431038573,53.64832041688644,5.939264947143759,297,246.90846497696305,FAILURE
56,9.182679592193416,80.27042448153802,23.356410088596,31.64946457179023,9.987055701910503,256,207.55986665801495,FAILURE
81,8.8908987751443,38.386855468466955,44.043007059573064,24.87437464599264,220.26193519614483,240,213.05637764595429,FAILURE
94,6.92356159251908,66.78343210368284,41.22423720869837,32.59290456405606,77.97577079510873,119,231.9115884038464,WARNING
69,8.549121233685392,78.19837563867318,31.626840419060194,91.24230546709903,291.14194989289734,922,188.16661811430797,FAILURE
73,8.98409445149851,28.00384396762736,31.115784849118235,64.61097776685301,222.87370440001888,307,217.2909406405716,FAILURE
80,1.2401260227458166,55.202731160853695,98.46336907951704,67.46239731862191,141.82313181888895,488,224.65930525622542,NORMAL
85,1.3617690208016775,46.95956028805969,23.620124204920465,78.99991438704323,36.83294975434014,844,257.5114183111906,NORMAL
82,2.713140919644552,79.24437119105792,94.34468499421483,95.58851174439,9.144484842240798,367,227.72032995639933,WARNING
66,5.226049977739146,40.65923605415594,26.789494963106787,82.6048492327804,288.0095210522871,962,253.15355876398743,FAILURE
61,8.755846286103413,25.911727426592833,98.79013914530627,60.31006913727479,81.61542809990821,465,216.3744858111948,FAILURE
69,8.251297101288143,56.98347385661275,73.12112223325323,36.60659448439921,24.846854597138783,53,244.8383926654637,FAILURE
77,9.984970434882264,51.67433359388174,82.7070708563069,95.58229255405931,86.5460101345462,437,236.70297834863078,FAILURE
86,9.307401309986373,25.544530139909387,37.66588095018062,83.92558250073895,247.34129852273975,691,243.0257926028318,FAILURE
94,6.391324926138279,44.626276422433776,67.18288463767468,23.757124158095852,234.25563848984203,270,197.2055839703002,WARNING
78,1.468630887478134,51.36522305279871,26.06504028725858,23.345073444088317,71.25094311153059,859,185.09772893868535,FAILURE
89,5.149234349962665,93.1226329709287,46.22730412132462,48.849841799762615,266.0495535159915,836,239.8582880477204,FAILURE
100,0.460972630310863,54.371528288466685,40.57651770353053,90.04342611872575,279.8677420373644,405,198.73806042226602,FAILURE
67,3.0294393478940074,84.7574933860682,66.97857570171675,91.392670357785,143.33553161272172,845,216.16955900265617,FAILURE
91,1.3974678332928747,49.8240004398233,49.167328589786926,93.01187647615822,214.08160493568914,882,234.824862419,WARNING
76,3.7989913375115547,23.965364689817417,87.02247615869211,23.132533821366458,158.82674259405005,865,245.2396367149252,NORMAL
55,4.155366073177495,27.881756293956947,77.82727544132783,54.59507755428531,171.6874614323813,177,203.27757485751061,WARNING
50,1.9138820090000042,28.716099931368817,22.101205167129145,43.86250101802204,289.6176646717579,662,253.42743942150872,FAILURE
69,7.176431741087367,93.23465990971782,17.94526634223172,42.640085696981124,264.5929617433147,489,197.63930546619443,FAILURE
52,2.127977580914756,44.60478440338183,17.185589609698372,81.42552219238993,156.4950532250171,944,185.91892018677632,FAILURE
63,6.055210354653955,78.33181247604324,48.53971174223665,85.47954115353558,143.49140290098399,486,218.9480065149903,WARNING
50,3.485327083526315,38.50136328667654,75.11680566899379,47.819454736187765,291.21085582205427,360,235.87460036297395,FAILURE
90,5.090347307285389,63.75009828263851,93.11654063311578,77.05153546468652,249.98925269718464,335,202.37358051143917,WARNING
100,2.2091389147224874,78.10956906460751,50.07287761060515,71.6735990769591,15.445027843500855,113,254.87448488548432,WARNING
46,4.505469364160168,56.93939734458857,38.18220630173683,11.230408226218543,63.735300590721685,390,219.3672929090783,WARNING
92,7.570294591969625,57.59083809966812,71.02296263221643,85.66085917535946,252.0715894047361,189,218.34868073894384,FAILURE
96,3.4886216983206553,93.31247119241674,38.077965389740875,53.19223794405772,292.5203701428813,203,198.23311011766145,FAILURE
40,3.296920698989023,86.87082102493791,69.62056636926194,12.920457143001258,7.308446986825442,795,190.00884081283039,FAILURE
63,3.144329570634139,68.9481715220376,83.37113001960483,99.91980995405076,291.0293972291926,396,256.0366547687454,FAILURE
58,0.455443060198949,37.22188252111785,98.3967733276572,20.843994065702205,188.00518133142927,646,253.1457169078118,WARNING
86,6.2103396168622895,28.766387691744313,36.5972761630275,59.09768474708951,136.14965526084885,682,247.25123357092752,WARNING
82,6.013895107425052,20.22819722616601,33.794547297095676,98.84672058337031,129.71842256522237,968,201.98226554940584,WARNING
91,1.6838228494050744,43.97767996454832,43.99840423513619,52.598163072984384,128.0645877751266,955,197.04241945277852,NORMAL
68,4.0438507544518245,71.67400029417726,35.64398127700202,50.503562218537944,229.82483778096608,802,235.58636466525934,WARNING
41,1.8642468026057413,78.95747125524895,80.76576333452994,33.22918340098375,256.562424851471,727,219.90912578810438,FAILURE
84,6.067995618232595,20.075171313904512,42.494733992610456,12.987355673574116,77.31618811523583,269,201.85524465988502,WARNING
60,3.0411764434344777,25.345264491151568,48.17986514199335,76.85051721787764,107.76934580004858,222,192.111046124898,NORMAL
48,9.433115141002862,39.74282915673503,33.66742569473061,78.41083830514435,24.700814887112646,307,241.979875536083,FAILURE
63,8.991701672121998,43.83745362245004,59.49826148822132,91.40284755315184,118.49713143962384,613,187.73457368404908,FAILURE
80,0.9207069432665971,53.181068124763236,31.23052014124194,26.230166012068672,92.50097909200348,176,210.5930361297032,NORMAL
44,4.487848561740676,72.8092324320837,17.889106935624937,83.92914829781004,54.809381066283244,837,242.22523112202228,WARNING
81,7.133622341156316,74.01152820442377,42.57801077013663,56.44990591537793,110.99283269722123,900,259.93342899585656,FAILURE
90,6.463461849060831,77.95654756633269,21.49523884310642,37.39925886589941,127.73361270665856,845,220.50565515742784,WARNING
95,5.5129979961525795,57.26587110710055,28.530219544783606,20.395292723573156,275.78232087991813,29,224.6493343682282,FAILURE
40,8.384877963525494,24.689803896492467,24.864507313225296,27.232034300521473,256.3594812318428,913,201.44810930156243,FAILURE
44,8.534208949026675,32.44196731608779,87.27244849848954,39.992999628918284,259.02924875795765,314,216.27896476715017,FAILURE
49,7.578252378584351,86.3192403291432,66.58256807059712,93.59611292972401,8.179915155160813,404,182.44150194936807,FAILURE
44,4.142685734662245,44.01302778389343,98.40219546456088,21.60058093355221,156.91668262527992,46,200.2719709321241,WARNING
43,5.478908422963492,57.8385954659113,33.437993848908555,21.79145258358108,192.71221078542106,193,255.36070652092502,WARNING
49,4.694066969140923,51.58506760964082,54.80718913255898,56.754637125054685,285.46927153826397,91,252.52542923564368,FAILURE
43,0.9454801567137638,81.9556921427868,44.577814903471236,38.36042438256737,46.04878307722614,947,228.02902677839944,FAILURE
49,8.183090728279936,27.630335205858387,70.48343896120156,46.765204518750245,95.39003919193642,667,231.7799211337197,FAILURE
55,0.6513657577893572,74.19358437403764,91.58947379400121,80.41560530297382,283.15228796299374,624,238.74595239878926,FAILURE
61,4.2739775323347455,86.20292351847692,60.98871917484923,58.7234698224202,128.3089524458583,954,197.63136729805845,FAILURE
60,9.123079603768161,61.589840862115494,98.06417820188247,71.42488222389096,106.65771536205588,381,259.85747018994596,FAILURE
60,5.936001325212466,90.53534734057222,63.20231187582039,58.296628343758904,78.33809161483539,888,253.7087306591064,FAILURE
95,5.258406816605044,87.24546370942878,36.688383608384484,15.701512314359114,293.09407469027315,987,181.23811000962684,FAILURE
74,2.676148766682026,24.52807128019583,90.15757720089091,58.934986234480924,30.352545764430765,539,201.48253089691283,NORMAL
97,6.546305052053593,76.86005965821215,43.63504649661971,98.65439193571294,80.69085785691134,313,211.85154335041742,WARNING
88,8.178241032238335,61.374286697627745,60.498144146535445,95.49303085189972,50.132056363647436,144,208.10599809359587,FAILURE
47,5.685044919682577,48.87013366559903,53.048470223295126,12.936309719207511,231.94141732836545,561,196.65694797309848,WARNING
50,1.6280060096564009,46.71175424561659,34.16096240267269,66.44896537265788,19.982524809260255,129,254.6673074546186,NORMAL
53,1.7951596935978764,42.15415110761423,34.46545621758979,68.87912226205938,134.30678243602432,190,212.00544667193117,NORMAL
79,9.982406351888182,23.76846114439481,93.33395695863896,24.87360982488118,93.91937264954281,702,225.57800749524327,FAILURE
49,3.7802086586100603,33.55563205677223,17.15038796301969,89.47106050273354,287.3724746048048,949,181.01481206479585,FAILURE
64,0.3187859212236466,24.63230426142107,93.4493816179344,79.30803007898648,289.48632056697755,901,242.79833358823123,FAILURE
40,9.321490321024829,42.08951268465515,93.25682217162026,43.72983760020988,86.82943360444635,688,197.92070470236263,FAILURE
92,0.9659214332967248,70.14557729472315,15.22653683344501,70.72202651410987,255.73847212707238,662,199.71953475249177,FAILURE
96,2.7730158541926886,27.87256878356425,42.71133804587071,34.73574614552556,82.06375543323472,583,207.00446809347014,NORMAL
41,5.280473756103424,80.87069191557273,21.36985974182437,60.213727187414726,112.62935140054617,870,182.7805139457841,FAILURE
52,7.446798428088731,83.30539893486305,50.02092922308844,86.06802845641378,136.4348250326368,636,239.1344982704328,FAILURE
66,4.294872975756433,68.11705295037231,39.474927342031364,81.63803057572996,57.40047733881274,826,214.39740125512446,WARNING
52,7.9869215356779115,42.679491903720745,79.24878069313525,87.65970167578358,1.8264200577307355,758,257.8381550744311,FAILURE
82,4.300914796486364,32.746900729527624,99.23067346910787,29.41755487666721,270.71826483686306,185,235.9449443035151,FAILURE
92,5.24413251981461,31.22384378008377,10.055539499645478,44.85450039935154,40.34981674543886,106,188.5395643427339,FAILURE
42,4.350662380724994,69.48408291797085,69.59048886721973,46.452490407317484,113.03765233445091,705,241.67869910991192,WARNING
74,3.788829936985901,79.7727467552881,63.01436859206366,14.151227472037062,270.5538606112251,438,258.77152450007236,FAILURE
53,9.461845848458516,45.704567497211585,97.80956175933414,42.18165473087875,114.34631667772612,242,211.2011101386249,FAILURE
67,5.756761532413098,89.89792529013786,39.89541687318372,33.570124742130176,231.13898169091306,342,208.47695165216663,FAILURE
55,4.199929002404258,71.67136506249555,49.080813437937685,26.830164373649925,128.51540215787196,380,214.99676180489925,WARNING
60,7.039810533640708,60.02470904104472,22.349300004392916,83.81760506691624,52.114672043372416,12,205.4788593522485,FAILURE
78,2.1829470540634954,66.2641605722163,68.6515425025433,45.68712371555167,38.61326047380745,759,249.70162651078508,WARNING
84,9.249863586686539,74.62753723143986,42.47050428398226,27.325292972632443,73.74097100481352,233,252.5306932280925,FAILURE
84,4.223059356744098,40.35669095403798,28.119943189292126,84.1535932134829,242.27684729870634,342,224.47395055586907,WARNING
53,9.985374774330687,63.89271425669484,52.04036115936381,88.941163832186,284.7592926053238,389,237.92313452624109,FAILURE
81,9.33896105666254,68.8616109818652,39.91877461613224,82.76998350440215,38.91591901861372,882,209.93215714371826,FAILURE
50,3.937642859790275,22.017770589433564,64.11144889761776,98.20081668699072,259.2272269574862,827,244.58995607571498,FAILURE
80,5.870667046578685,34.95623882500397,56.75953335539355,48.52515146904075,79.13199332647787,536,234.7142071665695,WARNING
89,7.192370049750344,55.66844906513124,68.62945785579936,62.55555056613814,171.89883636542078,523,230.61119665260597,FAILURE
68,3.765640336362445,22.65640234630516,89.03494752449505,98.15908714203451,65.61958889367655,239,208.214732556223,NORMAL
86,2.3751225515643193,39.439577441493846,76.36641200573082,49.993090558112634,124.57143790174133,801,215.29610127145045,NORMAL
83,4.823328018588144,69.78201109806096,16.129238960763722,95.46851428061163,199.9323926693151,527,184.70266734957082,FAILURE
100,7.138204528812581,28.019719070981346,27.447588551309018,33.113721501453725,163.01503742866805,755,229.86400622966303,FAILURE
96,4.3474604387088505,81.46987370436642,19.180481070384896,90.72462311142192,262.7338966734004,531,250.18345296607367,FAILURE
55,0.8919488151219557,36.15417536073818,92.80981391001019,54.350185702799756,280.0853093131963,582,219.50209928140913,FAILURE
83,1.8051016128174058,78.77579760572303,34.485518500622916,61.15083785918433,95.21151773526984,987,233.6154715088841,WARNING
62,7.603620118093742,66.0894829124523,38.22832069053981,34.28109100112506,283.9970104561137,990,202.96753937732237,FAILURE
87,9.37238984435144,93.13755384093496,14.986533917784145,63.56973017359718,28.271614329636023,679,207.7899443245733,FAILURE
87,2.3961075610772777,88.49959138397963,92.78339743133007,99.7460337796923,101.57098880473741,476,185.02256993862528,FAILURE
99,4.364694794440535,92.79701664445886,13.913106703095046,18.84661016497846,242.96676311670151,512,250.1862361080207,FAILURE
86,3.3970176618070025,85.89674610518297,39.30387827205274,93.98408944126298,205.84208303267044,980,182.7870406712901,FAILURE
51,4.961931795508066,93.24313589340903,56.297290203770025,83.21664575721707,168.77285027486474,557,249.10459582893597,FAILURE
90,7.952372742201805,89.68925223671815,12.848291730179517,73.696893017886,8.399030325258886,145,225.36609669657616,FAILURE
43,5.224203345380156,45.40266999205849,80.16212984418279,57.12129475411073,105.34310521343151,725,223.43270812014825,WARNING
94,2.4884040575925717,41.229090647115534,14.084666224765922,68.79012675637912,258.88862804461274,248,204.20823506618112,FAILURE
55,4.954545638599708,91.42622772689069,69.10139872910378,14.470557594593755,264.1566627767999,235,202.87909775449316,FAILURE
75,8.16237482120765,71.19965689914528,65.21534548067365,57.3987786323961,199.50982274861715,101,223.56789185583528,FAILURE
85,5.013256771000414,32.783278314423,24.342766440914907,93.94951398681965,79.46959378953397,798,196.48609929572228,WARNING
62,9.796909702443923,79.63741298797802,93.71349585359687,61.008083842764066,228.5959158488297,425,245.11932930470635,FAILURE
68,8.13855895662843,82.99321825535213,52.666966256294074,53.62505319341503,17.83198716359325,360,190.6642126231939,FAILURE
91,4.664921200910951,89.76999711611572,78.17843741857209,26.386151854215626,151.43663384813775,132,216.43322090676043,FAILURE
55,1.7691519512615306,48.92576448543679,19.503152307994473,73.34612333181241,189.4992670660156,669,255.0383115507288,WARNING
74,5.362283709822474,83.06224295237209,42.223769740526635,43.85299297819267,196.74363045878954,331,227.23195207333345,FAILURE
62,1.311009951153993,78.36313114692666,27.40141929333915,31.419978668630968,174.87550559400617,620,245.29355253421667,WARNING
100,7.792370221795485,23.53031451857752,68.41796397771488,68.03251723915888,296.3499965871268,75,244.19123452856485,FAILURE
64,0.1528724257109082,67.08901132335583,14.138186149580301,97.03680789824455,113.5949508518596,969,242.8306552577389,WARNING
61,0.7713532447889881,78.56212476637515,63.28292654845531,71.0289736634939,297.69646169898544,200,254.97812221772216,FAILURE
98,2.4732835764089622,92.0908322326337,49.71318891293977,66.7875617041079,241.52827107960238,408,202.23664789330448,FAILURE
80,1.8538034976520645,66.64159901167056,59.33156590969754,69.6825761987107,280.45077977144746,361,219.47943001631126,FAILURE
57,2.449002145110706,91.2835083996877,60.96341212710343,10.966778538278119,126.45459189425483,615,216.18100875912063,FAILURE
55,8.067652537680539,23.56141983144957,96.53407851822718,66.38677433108006,136.49042220876825,458,237.72099218736605,FAILURE
51,2.427537715734258,83.6136273941618,77.42485494261506,29.624982555927943,92.30160748256547,452,188.04079366845934,FAILURE
67,8.148230655247108,63.580570769872594,14.714651677355985,72.51182665672374,229.19384771986873,183,259.394496621646,FAILURE
70,3.9386030582634515,69.60831740587574,45.00023241762305,97.75291785958125,132.56301208918413,419,188.20273337230654,FAILURE
87,0.8072666097425429,88.91490649858737,55.25052762854869,85.58762725695085,17.150717261793904,805,213.5417811684236,FAILURE
68,6.062949500910641,67.04417309192675,19.98391113891593,82.72297062635859,118.07732700929981,430,214.01707089274768,WARNING
80,1.7888007921424198,73.91277196385946,58.48780875394755,55.54107788145388,92.18226532305444,256,206.68857736025373,WARNING
97,0.9649422724151635,75.65288282175895,27.259132239728956,13.098340146853804,269.8037761307328,613,251.6471916928316,FAILURE
68,6.881705893757428,22.643498430237678,72.37678127773282,73.87831596398546,85.66182283466605,276,204.70118110561617,WARNING
51,9.074336969296322,81.73783629361017,26.877519284020078,41.27392962757071,296.54455077474296,658,219.71382265634276,FAILURE
66,3.964527448092393,84.08599868729257,15.424802901473548,28.4146578704862,33.30505262858858,585,228.13548123181562,FAILURE
77,4.41458862472103,23.512820630371415,30.66130355479845,67.72990736744259,193.24420961199917,80,207.19626064735084,WARNING
68,4.112104976730736,54.38671517159251,20.21148647041116,52.49040656840789,248.75478693749773,450,258.2571595338643,WARNING
41,1.0905392995463747,76.29664559205548,75.27678596540015,22.472176821201572,19.456371254297117,643,181.09585032842,FAILURE
63,6.862615314340229,20.005069107819207,16.63582701736606,75.04943757542108,92.27765249366962,474,240.44566138936895,WARNING
96,1.5844647608530549,92.57200725912159,56.51791354889858,11.833185296360973,11.548086887388811,174,214.96702723673147,FAILURE
84,5.347770414117168,76.60537778884779,14.104692208832152,60.283642561877656,32.34644007168814,713,257.59679678220306,WARNING
63,6.270729553462358,51.08255300391711,42.52941085595067,62.71297411556788,292.02208427963535,699,183.2949915531585,FAILURE
52,1.589027079744053,64.67528099811398,18.841305303980214,26.645235034133037,113.83584825757598,25,250.81569226374395,NORMAL
51,8.989746468487605,54.33673128252811,81.90302356435893,33.377957337499765,108.85541165778655,897,191.32370889569032,FAILURE
65,1.983362217110095,21.397334535415197,17.823238665526763,18.64584418644391,203.24179714119387,264,203.33666814437933,WARNING
52,8.12840351311669,41.18284999067191,73.69619429623717,99.32865273951943,267.58460905407424,747,216.7491470148329,FAILURE
53,1.962239892305142,51.006679822731726,68.84284417336634,88.59872501041374,125.22848585409011,229,242.14714979432748,NORMAL
97,3.0223220370860493,86.57527631340773,20.633878814889535,75.91101834959943,227.49840791010658,198,196.2964715411097,FAILURE
93,4.8486894652812005,46.67786184071832,27.93315559874906,37.89468634501422,192.19247040877167,955,210.90931942530273,WARNING
66,4.0683466459950255,78.24954397480629,12.023555947784022,17.471402993582597,212.54246453480945,849,200.13806569988648,WARNING
44,7.210087401667835,93.27139874442275,14.572330502140671,62.62651516973308,50.06774349743058,759,206.2831716780754,FAILURE
94,0.24618361780151754,28.07075943826664,40.23609042551699,37.84527466166357,273.36438405013627,901,187.3306107934273,FAILURE
95,6.402996357373745,69.69374379637117,66.52928690749573,15.098120170135058,114.63127957311231,615,205.0733665658966,WARNING
82,0.8794190766967647,81.0726181055405,57.47108721189134,62.39105033090311,59.54460292083636,719,233.4194097764821,FAILURE
40,7.327835816844503,88.96816882746484,10.862648546588204,67.59111788931908,190.89764713504246,227,181.864955290775,FAILURE
97,6.926206538935977,67.81928425985787,12.87326587262733,26.378273230980874,225.6224072289209,697,191.28693050375705,WARNING
100,6.087318716129974,60.98212819404109,27.551869865108316,51.93392274860409,266.58801299817054,975,201.07102643066244,FAILURE
49,2.4383120873283994,50.42696966692189,42.28195969199113,68.04630266348354,38.966379846131794,101,241.14871867130884,NORMAL
96,8.587622639786552,37.97122660135398,43.61807238753394,26.25508044083266,255.95891320211393,627,247.66853433723725,FAILURE
62,5.43555268047707,57.11241599903412,35.64969099601771,50.57691899011246,299.7801416890377,985,188.4348638727133,FAILURE
52,9.658784034475959,41.514588711489914,54.77584388355483,57.191048779806216,33.19402920247899,14,240.59118798593627,FAILURE
50,7.086475235796811,55.69003990738036,52.023884436454296,13.299459435187543,31.582020842880855,30,229.56818564186176,FAILURE
42,5.077032503245688,86.52002485951228,71.40857347396923,19.775189066496118,97.42828498470774,473,223.5940839605714,FAILURE
78,5.24725378562807,42.09143705790375,86.94492811119514,93.87618182963617,28.580280953582186,893,199.27623575479927,WARNING
74,0.24747153069021532,75.13623395128174,73.20523271854661,25.975565103069957,123.58384391883428,693,204.74383216152472,WARNING
74,9.242369336410082,88.27685588395052,66.98145613054407,34.056996115200505,163.45724129360508,199,251.7001956834118,FAILURE
72,7.0977528900220825,22.142006443510887,21.45271847904823,74.28170277090368,242.88030644795944,844,231.83670943346442,FAILURE
48,7.306984049777218,39.873567923475285,53.231128038858934,85.31644648868082,285.51641182326523,217,219.7207057422267,FAILURE
63,6.558086671533651,36.44102085969193,49.78432404912539,70.67768410175358,175.16783422693786,795,241.1268870256247,WARNING
97,4.525912333338207,82.12496523022149,46.24442355450286,46.36685533059694,26.086373527879804,631,250.56469848278613,FAILURE
55,2.423631744159663,46.52378565433878,38.07100205456479,16.722763317985134,18.198458420550878,452,181.7779791865243,FAILURE
70,4.682516647670385,21.94393209448978,46.80357889833283,84.22882013320873,29.50100671185392,708,244.954407428058,WARNING
49,4.051782943126968,26.669878608458248,37.411055702810856,63.7657331417672,83.31938736227866,603,204.94673335022816,WARNING
74,9.111173519617669,22.44525906324553,11.783045275151547,15.630273919862145,222.63972721154892,571,224.2962617767547,FAILURE
58,2.5736704423097247,49.766864983944586,30.6642774242895,25.089137473408556,211.66784105649938,805,183.60913168082587,FAILURE
62,1.9934627018863038,24.018793432193025,68.02558944299024,76.80391552806587,100.33335010911362,61,237.04788879743396,NORMAL
51,5.662084280009809,80.32779843749887,22.418018285196503,48.48510136747442,201.97088279450182,830,192.3350832872988,FAILURE
71,1.7647763568602692,65.13874868380321,74.10185336233066,51.648580648077534,198.00872943122363,304,199.15006963595044,WARNING
59,8.549545992248472,93.36063912514183,29.5598074953383,68.72111603727255,233.3579933267855,210,188.67689096985538,FAILURE
45,1.2942915356994988,66.89220717378042,65.39515066605492,49.81020040401816,50.2349325536985,463,188.94106161717679,FAILURE
83,3.3928239026395737,21.072056603912593,62.23134742553518,75.03456362820793,21.551943791700367,136,239.64876202870306,NORMAL
58,7.5789163443808345,44.817752024679095,52.246472686124015,52.33990066254364,226.2121298972744,129,255.14468658271522,FAILURE
72,9.726310601000549,83.62332813988729,41.71432299833492,64.48324007326224,53.03824979104243,552,232.16372022367358,FAILURE
53,8.536898748302523,93.84014644505187,42.02742842726666,52.1053675736258,115.59419234117382,477,259.30740754767317,FAILURE
71,2.6193818064650944,21.738058332950025,60.02243309074375,58.66953776109802,120.05996008704527,316,230.9014075180791,NORMAL
47,4.414880609936959,82.04657587131659,51.11883894715373,46.50596164746881,207.07552599499414,367,241.7232802668717,FAILURE
90,3.373009599912752,84.82592157556226,83.05577938782217,80.34112944480967,237.75111885188954,917,224.16774521826898,FAILURE
84,1.2043605715531558,62.743694476504395,10.169799491513391,99.42615023883447,79.44324269132561,611,202.53200668810513,NORMAL
53,0.23366282207824884,82.80993338438725,62.30873731406552,22.667574503985875,88.25180782729875,918,185.61775402048985,FAILURE
82,9.32349739468312,61.94978318774496,79.31313099936833,19.197475351495065,117.28680097478907,47,234.09220161553202,FAILURE
51,2.1311297369336115,72.62119919156422,23.86166466785906,65.96806352893356,247.68331659718055,491,205.2990744189863,WARNING
77,1.4876071090257825,32.79980365946675,77.10250531924149,28.011492104529665,32.107779037493266,697,201.60945340282635,NORMAL
88,1.0472521325095019,56.61235082170645,66.60059351782284,43.17400071477585,123.22921453246545,753,234.58067121249488,NORMAL
85,8.728491776889612,92.52124550227369,78.84754098769807,66.2864683688195,285.13125936317016,372,243.89650089837477,FAILURE
50,6.851737211015843,43.98525237681206,72.74852213581738,37.9749192368549,258.5616694022306,133,183.498973626917,FAILURE
62,5.710188414413306,64.36839963838477,89.71168967766685,38.025626091048906,134.6565714314396,902,189.29205602451185,FAILURE
90,6.06603219498065,49.377265816144664,15.378307409729153,37.78155478206244,65.0186160759761,165,210.0902728781448,WARNING
59,1.2271144922988564,43.05697675191311,47.21983792490215,91.63087725592308,294.4578275144226,508,182.55382898063542,FAILURE
73,4.4575190850378155,94.53272558237147,99.91168211114261,76.36690919640311,20.176272692045114,374,192.37193583343648,FAILURE
82,6.735286795003671,45.20586674257276,80.06536167551351,88.33198516602975,177.32083276192773,534,248.46113172926235,WARNING
85,5.846606741921818,93.50931277067579,66.39836027710109,44.23627083931123,100.55773537881655,938,250.338591570515,FAILURE
93,5.878596035964721,36.94721685759717,19.906402902605976,52.428419493063174,30.4163452995076,98,191.85112184881987,WARNING
67,3.900688996983636,40.1782643883419,42.43311373677088,30.745994305425317,173.92657507832635,69,237.98855496756022,NORMAL
85,6.278527539013174,52.52601191314379,51.5510598429026,60.94804776018698,39.85798073110588,626,240.03360082135225,WARNING
99,7.990745414052437,41.148361533592386,26.15139401447256,49.34573047025095,166.804521694335,484,209.77411607476796,FAILURE
42,8.707349146243391,88.76503078354204,91.83824253747977,20.15633549735773,166.9376454550935,285,185.25350644792158,FAILURE
77,8.003834911688106,89.34307812036782,26.70992288241681,51.21760495142583,43.86028770623058,263,185.90463040660708,FAILURE
91,3.2138345830642487,58.58719610917031,12.192286027235728,89.21901328097225,26.73377157415555,984,255.07627420854277,NORMAL
47,5.254082086951618,70.13403020271618,42.19991895236877,49.30583481377229,179.7931309709634,413,231.23107916654527,WARNING
78,6.567137625965486,78.54484513951596,13.388631280948978,25.01719947660501,238.21524147834293,354,232.68245369488898,WARNING
42,6.503434498807838,30.007325561534685,58.691975715615314,48.93352830961564,13.602021670081928,691,212.84887419657503,WARNING
57,4.58028126418085,82.64968506051932,27.934261601934736,40.616517454970925,13.422039274278339,945,205.40361340313248,FAILURE
66,4.508100750986017,66.99321172382167,88.0550845326328,47.991124022215104,51.13683047984643,531,222.25314455315674,WARNING
85,6.415088945011741,70.91844260849975,11.088231216196332,15.518462125829462,21.904023175362624,297,256.09779041756633,WARNING
96,8.886742800742052,59.28322894004496,93.53003083482378,31.298026724069487,245.07739704965354,225,232.5371591064072,FAILURE
44,4.296793368110128,75.94871862049683,23.132748138809763,66.62888421701614,267.5397884291923,414,226.7998788841018,FAILURE
76,0.8113531065083535,51.09624950162336,31.94110990917132,88.65655292454225,55.864383737271,863,259.54626310188684,NORMAL
52,3.1588954950893413,42.226547595254104,35.108371218950836,22.99038213988775,114.29313552541102,520,181.5461428552405,FAILURE
74,4.8825384911160725,78.69994080525802,77.14367544817891,69.8826782096415,70.7531856501395,181,249.56699338462,WARNING
56,8.41514665410028,54.99183053989542,28.564578922399114,74.79946279380424,17.758942455026478,637,228.39471293624564,FAILURE
83,9.157633244459777,37.77853839728341,83.07124152996671,42.88694008123596,183.24084373277324,507,214.05836259935109,FAILURE
40,2.4118188400639085,34.22902441633366,70.59985978517042,28.87276984861697,282.13187868945244,868,226.90413020802242,FAILURE
70,4.947030879553827,22.971739094836312,90.30322739133754,99.0186373958915,145.15752289250483,352,238.38322076661706,WARNING
84,2.4233848648277654,39.18628282514783,96.15748582226703,61.16055023817505,31.295611234728526,316,234.01170846547356,NORMAL
77,8.597602109574957,86.55301765421717,99.71707168828873,68.32914437577546,225.04943515566734,606,203.67693700037327,FAILURE
88,7.647799948164201,62.42152183346101,39.80118990390791,76.64766541647634,100.87410626427172,176,255.5925047119108,FAILURE
82,4.272514714513535,56.84380661034922,42.939054396051525,35.75644390343925,132.9491767025774,604,236.59715833294734,WARNING
51,0.7426355373713067,93.78849779046719,93.56089837110504,77.59474006303009,237.50483120500303,352,213.44515515358356,FAILURE
85,0.8256937142426046,87.3406627276921,90.78801825478303,58.362464858891094,273.6741927880867,422,228.58432253268373,FAILURE
80,8.554012318849823,76.8319447165943,29.396570816916523,44.122469937819865,253.0646118751184,268,206.63730625852477,FAILURE
81,8.837222828674992,36.787134581734065,36.2066720144102,54.93534873980148,32.53091659027989,298,230.90496293003054,FAILURE
66,2.9884324967769906,39.14223650426867,62.15579646531811,26.423476553608573,192.71562946232416,393,190.90758261929614,WARNING
74,7.6501298025904765,58.30781554685254,21.584333318841498,59.741846443102524,291.5552408178152,990,208.3396325619287,FAILURE
58,2.981143294193159,50.891540228216044,48.49208095674977,54.197372881421806,183.13306254165215,869,189.22574174825962,FAILURE
59,8.4540295654042,74.35001887379462,83.65720948427571,98.8586249044167,199.87043760394295,112,195.5523408580747,FAILURE
78,6.123141344197976,52.237243710712846,94.38845246542856,40.67104910189541,299.57987478621357,550,187.65121362663464,FAILURE
73,3.068685370173996,89.16757901107351,30.821088309825832,48.57263607003873,131.73031027367648,851,202.84676297007323,FAILURE
78,9.750372685740281,44.55025261669688,59.52615120434679,35.30414781547499,273.61820288743013,335,246.0068904120718,FAILURE
45,9.298549446506685,42.521436271620196,94.21224818638596,66.23852714501211,27.790431455628482,80,194.19286070825254,FAILURE
86,1.8069236011946643,67.70408823625215,74.86785631696749,20.8184634944847,186.63583568465427,32,205.24025583287863,WARNING
71,8.643898898291937,69.14631396877817,52.393683085311714,34.89188947478397,252.2151464722647,663,187.1277551827675,FAILURE
71,7.938236726397758,40.44949744026634,42.07915343365325,41.04590437535286,44.851162554972845,271,254.24133788416623,FAILURE
84,0.27884933645410004,48.86306673396712,93.42837263762829,81.13937494166936,18.38861349962531,915,253.56810674315594,NORMAL
98,7.2877351291828685,41.110777994010476,17.59729841551381,65.24615608523578,116.69404908077951,717,180.18358750506818,FAILURE
96,2.7432418644834264,43.40370897908358,61.173669090092034,20.768214309310807,46.60846804226929,193,217.5144958925481,NORMAL
75,0.5302379021424142,37.05918787300105,56.515187582100026,54.72200177747629,209.9195730889485,527,225.67418778348576,WARNING
73,2.82437369914744,83.21098081794818,33.914471277351296,23.07027589003254,180.48071362799874,72,234.5365352098685,FAILURE
95,7.982450273812434,87.35796492403945,38.20407542497694,72.55824244246568,111.79764134808401,583,224.2307779201377,FAILURE
48,9.000843823632676,21.124360015949748,54.183556910274326,94.19174592505394,244.99496812041588,82,206.17022074543587,FAILURE
89,6.966456252459881,83.98279896119075,88.13417525431655,71.7624915329892,11.491193277168284,768,192.77060554277054,FAILURE
89,5.16087937034499,45.874360859956674,40.78719719152386,79.27661795910784,105.70482016262768,136,245.4234053507834,WARNING
41,8.132143705985772,92.24298188512738,24.828558216944987,70.80748883720807,97.12964511295313,530,231.25407288584924,FAILURE
53,1.7947083842735434,64.72732230712462,63.06198316965594,68.4125762900506,125.36216674168743,854,192.00636832000504,NORMAL
48,7.728022300105223,50.89003626066376,54.13261645882929,61.869235635719,250.0026784622892,555,208.2605253502123,FAILURE
56,0.2457826629939519,86.08626584039719,92.67349977056823,39.31379656270939,125.23788139223846,981,256.42440573444355,FAILURE
77,3.3572479438944622,29.136370345504787,65.61746101894207,88.57368329065919,80.93460232172714,808,211.49745051045082,NORMAL
74,5.862813386949604,88.00940974106005,61.18376264306311,63.37316276051298,77.44328757956373,742,234.39212849511375,FAILURE
80,7.441932111345353,63.041916583293165,31.906616734651834,28.4004528976396,284.70893792215566,296,188.69484678700866,FAILURE
95,4.1994023603984045,55.19620899029598,18.712983131665865,89.8411249795964,116.27678101082176,554,235.61283352087398,WARNING
93,9.430004560694838,44.99049566119092,50.995739603590515,51.26141566590222,6.822252392240441,736,200.87647134221356,FAILURE
41,6.711101066876118,91.22666226319353,60.426340000388116,37.04571184970401,241.2411558074535,875,248.9323221751268,FAILURE
86,4.79857242692364,57.09636293919597,21.42514451125449,51.82227425434087,72.22874510959043,913,181.95358941591496,FAILURE
41,2.6644163964973187,36.55914501406956,11.91727670860284,64.60491070680206,254.23326629800295,145,259.59589038939123,FAILURE
55,5.7349325111022615,88.74855653025794,42.90572096896183,79.63475128178706,39.27566203187493,456,235.7147025378086,FAILURE
57,8.453058045635782,73.52077341830686,77.22454475532594,85.36816082299244,274.30305305534165,1000,249.99600372427636,FAILURE
59,8.131724040026938,66.64484407503164,75.73296346392453,32.62985680350364,220.88606659625955,447,187.3761418044682,FAILURE
50,5.526959916489382,84.28841591909853,73.55399463073384,64.12609753840823,251.0386619464152,563,208.9930248893344,FAILURE
95,2.711819237425772,85.84530496688936,34.79480111676861,35.12857450937334,95.67189827046171,113,224.51844508422028,FAILURE
77,3.804722607223309,70.61265478228974,62.43610535643416,65.58723889149508,82.42812113419146,922,206.28509936753102,WARNING
51,8.642956000172003,34.53358915966471,12.019576775916676,73.61452861413807,43.41780178040527,171,244.22928016928557,FAILURE
48,6.15688196505896,86.53503391536923,41.34806718468802,14.227766144158458,188.13572150651927,233,218.31113531999483,FAILURE
79,5.053949556030341,62.213564049342594,34.53882295322637,37.947457306417576,183.78738354433546,345,238.807253439575,WARNING
85,3.1536391869230473,52.910968645707,86.79369770764282,72.44942291983511,273.9288752979373,514,228.0912413005054,FAILURE
77,7.48982816048115,71.0312375069251,92.10737906510842,38.70935628231592,157.04509161216254,949,234.66607001814316,FAILURE
40,6.50483164607855,44.820742192362246,91.42979907685087,32.10315810525765,41.30111227263555,84,211.1226856594907,WARNING
48,3.9157742387408154,81.7783772325595,31.816507178659087,54.63916410890658,176.22743366469317,184,248.09597281308078,FAILURE
91,3.5485552592130007,25.273828812364243,15.346411056942445,71.89526253516439,49.81412618559206,897,185.18456439230366,FAILURE
41,3.27929775394296,71.60603132093648,84.26532598887947,76.86690413585887,67.17451027517886,502,188.723664464527,FAILURE
85,9.380252388300566,91.88791186474535,88.65483286839732,90.97434409825831,280.0139177657615,486,231.81698968331315,FAILURE
68,6.608309472750957,52.787229775525454,16.649928234116025,89.36325787366886,49.4889903787861,968,209.35263179161183,WARNING
80,6.64524877975932,35.75585169270689,72.02027167634259,64.29009476414336,8.187422322245578,888,247.88866247003506,WARNING
98,9.400196008836252,39.34860385849893,92.78640768924411,27.104213924937486,219.38167050124383,314,233.8281844227273,FAILURE
90,8.927293347528478,56.894547986753864,79.27314582051636,58.794869215874584,7.648337398080164,673,180.92555677773643,FAILURE
93,1.8245233455148568,72.33846860773849,69.81288679477126,68.75692162821622,130.83205648834243,456,255.435006522947,WARNING
86,4.153402788225767,29.885347481825082,50.613627689721746,58.369351303289726,57.33181355933903,117,246.02408675368127,WARNING
88,0.6555082424118686,43.55886310772651,26.177148441886438,64.85888553256764,233.5647292414626,304,191.17902333684032,WARNING
46,5.641119738784904,48.68232806998522,13.42528449029065,36.010663251226134,254.03280615266442,921,216.35812759723592,FAILURE
91,9.449960521386878,65.67281040779478,91.26269045144862,73.65617009837335,183.41226930123221,984,212.46745709197987,FAILURE
60,1.6197717248313004,76.32927002841319,77.18126344093717,27.727556031588627,238.99779628240626,586,237.20148810995852,WARNING
90,4.136742397550577,26.751056624813877,21.81967043738612,99.30194021696349,282.2287684031893,847,194.32373146325793,FAILURE
59,6.631925264687356,86.89517552586749,80.60512602781502,76.93602762371016,7.381159651736396,152,194.2935617228108,FAILURE
83,6.247992818088966,59.2736115927608,53.23797915661115,36.80022351982574,183.3703503182316,546,187.01196680672018,FAILURE
48,2.448102325222873,61.08843108921554,82.56346335169651,82.52879015382008,232.44602463860053,890,228.42752669026498,WARNING
91,7.694278170150811,85.01455208402243,45.56763838405085,28.85552622080642,282.4527914177961,780,191.70155137734824,FAILURE
84,2.8525550683021894,88.98819561962534,31.52699554371307,67.06998196638392,41.07727305001491,889,218.01380857004207,FAILURE
81,6.447419965848299,47.695697538448655,79.69113608730916,87.42953320986636,191.58231692105878,408,245.82884536938496,WARNING
50,4.887138454010622,90.99586088740007,58.88802261114863,18.12949912838173,284.6824402723,960,243.97979063023692,FAILURE
55,4.602960825381289,66.9753846947633,93.05133874600348,43.65365123191239,276.983792415192,986,214.948637139457,FAILURE
47,9.751095598480417,45.47723257396513,67.34246367905399,75.2576074676977,240.970971383765,736,227.57043786203934,FAILURE
93,6.374192638333311,53.94474850693367,59.42774924052787,47.39703672869232,179.01176039862017,191,259.94043604483244,WARNING
74,1.912163690975981,52.603235256641966,75.62164773817042,31.358331729779557,129.22002645126096,862,194.66906228915855,NORMAL
40,3.6982143319257563,36.19372055028131,85.1250315190271,99.15467735365206,53.87856263603155,68,243.18658006668193,NORMAL
79,1.9793140573549117,61.646146844726644,19.158187411999414,95.93889860949224,152.93013506604467,395,220.5003465812025,NORMAL
88,6.906219639900444,77.52608104308025,61.39133884539223,24.37857044411612,57.926052154134695,407,183.3037081341241,FAILURE
94,3.3613757532669055,29.684683969510736,66.94183765520667,52.601622577502184,115.30674055452488,880,232.19587911586038,NORMAL
60,6.284974350576481,37.07422325121501,66.33166914487653,78.99516415202551,183.8482290852616,985,243.47678147257926,WARNING
49,2.666663746968345,87.4902743632105,86.81070192107656,77.49139255512277,240.49700269177706,845,240.2578377546255,FAILURE
83,5.103122599935094,24.098469177484155,17.244844798692007,19.701623060181483,226.15087476639505,645,254.40900730407648,WARNING
80,4.786945078861495,70.97549819041814,43.64844273068599,25.37843842383778,178.60411117232277,946,259.38952240986356,WARNING
63,1.6982312270244715,41.67784260056905,45.57480231675139,82.25875538087327,120.71831537556774,188,252.40611278826134,NORMAL
98,7.480996674105526,66.86436824899451,69.4488480262786,62.41508536922126,95.65003703751093,423,215.92928883602235,FAILURE
52,7.646386682159045,62.901935957751,46.540052731214686,86.36664459873207,212.88137811376853,946,239.1741613711973,FAILURE
50,2.4174828844231766,79.19851426126252,99.93665598677624,64.38307273853837,104.92890972775994,731,206.56599111943663,WARNING
55,0.03803946864820884,64.39823641166095,71.0481761506854,65.77499064533083,214.65158889371367,961,227.54426838354328,WARNING
96,8.597667912522846,21.04537396936696,97.80748790813294,74.65021345625732,106.52262550994182,274,236.39722682626663,FAILURE
84,7.772050593661129,70.18786966070707,84.43031515384149,82.36468397218616,292.83617969621827,231,216.12964878812772,FAILURE
65,6.641124337806994,52.05765805097712,39.13976788970229,18.19748568252667,30.6708208133045,523,220.21840537282947,WARNING
45,5.304124347932197,77.49769204711905,87.51947950333965,78.60799902626503,272.8912087552567,720,245.7271217884542,FAILURE
58,6.97479916629111,31.928632497705614,42.898344194089375,82.69733817963505,240.90981600894787,712,259.12580951826885,WARNING
96,1.0623039414834268,30.329917084048688,86.41576838936275,15.784713387099476,281.27919489896743,496,228.30974889767282,FAILURE
88,2.326737770317875,28.94534763979634,55.15556852528769,75.01885147310813,129.16345148180676,586,240.7635206424336,NORMAL
62,9.076810357614114,78.06434258578687,60.082772862743965,40.665882130504095,262.03846005655936,385,243.38488143371472,FAILURE
98,5.094230260811893,71.05029103407338,29.621786885173623,53.856065320751945,47.669605959298615,747,208.1335312655255,WARNING
84,2.9901715492308387,71.35844775901009,37.07159346592337,21.75387270661536,122.40945758269173,79,208.44500051864233,WARNING
50,4.588594259798731,56.14927938113718,74.11717050199512,31.543085102294917,115.72793278256266,288,213.20853945678948,WARNING
54,4.5229814486025175,61.454118271249115,42.5387119203092,23.936008984825285,131.67939065851712,822,226.56639216820255,WARNING
72,6.435220008646134,52.871563778552435,28.868394470480528,71.12026291526634,167.53270513172228,243,183.42440903852645,FAILURE
99,5.978185505833032,86.17160418732821,47.24596972779788,43.386891214771055,166.3838278823572,704,241.171701333117,FAILURE
48,3.7865255279426666,90.4787814561494,63.40919588362869,25.51841079910032,210.51340828098964,42,188.33008803016867,FAILURE
51,0.46668097865821045,62.942480447503684,88.01142645355573,42.86740805641478,23.809872772966177,593,191.76558788020392,NORMAL
54,4.060351568089619,23.06356158441621,17.12128868389151,16.459331618729035,292.80498026157824,599,199.7476526592721,FAILURE
43,5.737257759606584,46.09383545223821,50.82499233132703,64.76606347847067,262.08558870578355,966,194.97573066987508,FAILURE
69,4.870766366848343,34.70582682767115,68.29126266379498,62.5941166938805,13.578968636539026,747,186.14584164457733,FAILURE
85,9.753768047824439,48.81127238513554,38.46021218040308,60.200389021253294,296.67617569200144,86,215.5397918976552,FAILURE
56,0.2859338840167791,64.16039595730304,11.404859648997862,28.528453155287494,184.75888362395767,865,187.56958794540293,FAILURE
47,9.261664025454095,32.02654272695888,70.00663654589151,67.42933999806041,130.25485427724442,165,202.79596657343828,FAILURE
84,0.5880882127703546,20.196574719263232,27.415952287051873,39.898150059018604,224.04328842538177,706,191.96958578210914,WARNING
83,9.230202319653722,58.667192740348725,42.028883219328804,26.97174461544667,227.02637396119823,886,257.815915533684,FAILURE
88,3.4801239369610726,51.998121558051196,70.28063842323803,51.12007789805841,218.24198674004427,368,231.85137281735535,WARNING
96,0.33458867581382834,71.64045519691692,19.827928242087875,88.77966376571095,88.27456500539222,128,228.70450875040723,WARNING
72,3.2328878632364075,72.57948277992463,76.7851934417661,39.1904252288422,77.78389246288046,744,215.1734587753774,WARNING
64,7.669113000140577,55.423873233698934,82.4811983379376,78.56620759722574,129.3573951701575,727,252.1085271919332,FAILURE
57,5.430741415736495,58.908208231147654,39.40233521015202,18.92523819119654,67.49827556392479,345,213.0373310415557,WARNING
95,2.947186848093687,67.34367443484439,58.32748647501219,83.96439934466147,139.26305716422357,681,227.88225631172185,WARNING
58,2.523465228707722,26.888883646045677,97.25977782670995,51.2146676029348,16.665034632577317,209,189.4448047461927,FAILURE
51,7.840230660352596,84.29390938754244,53.648290211530565,33.91289067845973,215.72259502500162,884,214.83766246844183,FAILURE
82,4.105531816264877,61.79807943283398,28.486171065885888,87.02365821809728,32.0698925148819,873,223.25979083147394,WARNING
50,6.552990709165094,74.02664422531763,75.73867922723083,64.9095913351508,74.56828700065482,657,213.24849618325345,WARNING
74,3.9092868604578013,26.918265975491522,27.315819793420122,38.89940933629401,70.59525276890689,533,200.45146478717467,NORMAL
49,2.080189667080965,86.97864359057532,31.546697465667137,17.132137054628238,283.1216486008262,203,230.51143336419543,FAILURE
99,3.26682302653561,80.56106949060558,61.2141941340407,36.38638143750143,269.45486522088606,124,183.78756398589164,FAILURE
67,1.2683887602670008,84.57758137810588,80.0791431186438,63.87389237668261,268.03231147144373,784,249.49684605281584,FAILURE
70,5.421094122569946,83.48543135386893,93.9049659941554,79.63134908964786,28.8192095308602,160,255.6707087817386,FAILURE
86,3.347890705127332,42.99868622028735,60.996053333177485,72.77827657347473,87.63298828812309,625,225.447758699116,NORMAL
89,9.756312153712045,47.68370214185868,49.985684903843776,30.028439079174202,190.41935440133466,788,183.05930347248994,FAILURE
80,7.388038547264886,61.760036047529006,89.56315089481156,88.91473454883844,217.38781452020407,348,204.92024792577848,FAILURE
53,0.11695502060130591,33.20427717886706,22.565113957547332,71.60119276015004,208.43133104568327,293,206.4085530420375,WARNING
48,7.751884330042863,93.6854108056212,58.93212467274583,99.71150718812834,46.354237112222584,246,255.78959047977816,FAILURE
72,8.106267431733112,80.63805130514172,58.33267694501339,62.5053919961725,172.93405821378522,838,192.17919359538288,FAILURE
51,8.479240953288302,81.47692368306073,35.704950196979354,45.950390800326005,254.72765739594604,369,218.06026185542999,FAILURE
95,4.9670951981556035,25.86186680451037,45.80598642106106,92.85467754358864,47.93225345086367,232,210.49961213703637,WARNING
51,2.7726841684816694,29.07318853633226,74.03537462208955,29.121952968254565,167.60095946108262,243,198.97282761964834,NORMAL
69,2.949100220583647,47.22296368649624,23.692366506092938,54.968500338654096,294.0822967131374,729,192.81043064595187,FAILURE
56,2.036807775160887,29.979419660149407,59.31701062977631,14.118959523186895,251.69738613938438,745,205.5016207404627,FAILURE
75,9.647900487216178,75.01970628353243,14.998857531958482,45.05977192817296,192.26887878031064,345,209.04032129870907,FAILURE
47,5.805032307853,41.253601108736035,32.599329918000535,17.44998496002524,259.6348978112944,309,194.27602536042218,FAILURE
72,1.0665505319912472,79.3083775479951,94.8721262744519,53.422633300079575,74.46205903754577,286,213.3548741889669,WARNING
78,3.83407619544884,39.20278295603906,39.533522328534005,95.42491692311822,124.60339040311085,509,180.81900151169395,FAILURE
64,6.634210969287539,91.58773211569846,79.9219019534471,31.210776326892713,5.907167440882545,862,195.7430567729478,FAILURE
85,3.1413869375059136,66.85299098057826,14.720169653262065,15.575845432791846,79.51679053728625,811,217.88051138292917,WARNING
44,6.263703843726477,67.89929807468812,30.00315218303574,58.767339529622355,275.34265807902295,51,181.7635016146294,FAILURE
48,9.706128419468405,52.20748581083524,94.16737188529379,97.55903922527708,55.30345252202583,473,220.58672728722797,FAILURE
86,0.4684284513669412,55.19417216400033,15.533525702800429,10.167413990642062,168.60196183028728,501,209.3723450280177,NORMAL
48,7.658983317607318,25.691382285555633,11.782562319107452,97.8285591226903,34.05493916861627,759,190.16555514512643,FAILURE
44,1.295554393751559,21.31791502353954,60.71409274027595,49.15536912244417,64.84547494996254,738,216.3478430917176,NORMAL
70,9.896136243015604,60.1572041089693,35.70890954725399,84.08363711547904,1.8456902110059472,567,215.47656881837662,FAILURE
68,8.440847150002831,71.20130780418741,99.38980449899182,38.4352607469165,270.5305460312237,855,197.3805671467333,FAILURE
78,9.696917665015917,35.649456924239246,28.500961514735927,84.16765741497623,258.9005109346411,901,193.9948088029346,FAILURE
96,6.791971303369247,28.204013317460863,48.18334085415838,94.01803153260899,9.212947869109309,229,197.70409367425998,WARNING
51,6.731933094771456,42.942865277121896,50.80897748326968,61.35825717822796,23.58106982825539,42,248.06770842470502,WARNING
69,5.521396901444419,88.99148698647306,99.0734225352576,90.70271557270141,95.4850654161082,979,237.75097958515997,FAILURE
100,3.3061902365026996,35.67968077863934,65.39465851303095,33.56474082736216,100.79684453069478,817,236.40927064432327,NORMAL
93,2.682854034455149,85.31164176523835,44.00707032522532,67.24229125672248,175.79206495519645,419,195.99450327485314,FAILURE
69,6.380461296053843,86.33969585616575,93.36794072626813,51.73014949220615,57.7879616603448,931,256.4371426481926,FAILURE
96,6.697298959104469,38.27056660624733,72.11313524496703,54.39471974567829,167.67928606403254,402,183.34163591614185,FAILURE
52,3.5792893636476464,31.60424448245298,45.705215433163545,20.5105092752652,105.45415582486552,625,245.34132686769004,NORMAL
90,4.605349334826211,26.164807177020105,17.06599101678973,32.68417265632958,92.3344231244823,342,254.77868647430427,WARNING
86,3.3562788867324866,77.26329404642269,21.186487871128566,46.73821857862552,291.6658416854546,982,251.16888768587495,FAILURE
48,8.413491869194681,72.01125432937698,44.15848833992865,80.48545916290698,142.22355603256364,534,257.5463725611123,FAILURE
58,6.453090003345481,76.77993296389408,37.22236345678593,35.476019234184456,64.1543170373071,587,194.45977786156587,WARNING
94,7.708405530648875,50.659968900975215,87.70307279439999,91.08470824086518,84.57192819731124,167,212.89847638616385,FAILURE
95,0.18238568695496893,23.047026330529768,81.71427986457415,45.31754918868211,241.8366888015567,503,244.2001176804816,WARNING
60,6.914239403131752,74.18465373284289,77.86486557199152,33.503704240475884,212.81311548901527,1000,217.5608577092513,WARNING
48,8.825728066258483,42.63349566064209,67.60354654122219,15.579105554444233,189.16783064430876,488,232.49192340311495,FAILURE
62,4.53534779619138,82.9634833329369,15.772260062131075,62.71602774828317,123.33855443866703,353,191.3894430776647,FAILURE
97,4.2684585413997125,84.27220023619819,44.1199395546218,42.355143996812416,200.2542378547506,544,199.28004955731424,FAILURE
81,4.967214130734606,52.65964215792696,95.96596742249965,44.1782006839147,126.563214371518,692,203.26826288004992,WARNING
72,0.8824114760139878,42.905761323040196,55.920572764633526,96.42734482265142,126.70471396697152,819,188.52608860357012,FAILURE
85,5.8091783898605325,85.58329228607639,79.77017685040433,50.542887759188424,229.73343497132842,160,238.3735744126217,FAILURE
58,9.693188941863545,61.00587057377014,24.110052612467214,67.11421903682077,254.51790046306942,676,246.84300200886025,FAILURE
80,9.622326051540712,85.81811673262472,70.69154926752967,96.56255987381873,49.57323251772262,622,238.48022747236058,FAILURE
60,5.61015659352205,54.91279765180022,53.49818169395159,45.0811887137269,193.5967778004803,584,256.17957238095977,WARNING
49,9.187621063881567,37.392535026885994,92.23828642582467,15.75659574147603,22.866372164084733,19,246.55890107297398,FAILURE
46,8.788430751076206,64.86338573605894,69.29849855751974,82.26673047680599,214.37691167513984,416,208.62133080668605,FAILURE
43,6.663976893474643,27.686470033523978,18.701416470214873,23.94904336208151,43.44970674960123,269,251.7994958370444,WARNING
75,7.0364910838860855,67.30040545873834,57.86332150760485,84.500463641519,12.758025413915162,54,193.01771691464927,FAILURE
53,6.410694381856784,45.4066566803265,63.047998013256326,90.61860613714003,131.36376083312462,24,190.52550950535033,WARNING
48,3.293902734295986,43.54404499011035,77.33879752641408,56.28407625695145,136.09507355332477,531,209.225060869198,NORMAL
100,0.41565290278256617,54.15636023439959,21.559048516658635,67.68867844519707,230.46304820172415,998,227.29680186517118,WARNING
63,0.1777293205266417,82.93191368187689,46.13637636529868,27.398138014779683,145.10508032931625,527,226.07946290256535,FAILURE
93,8.960755015294728,65.5699842530878,97.91044685492822,72.36840282452962,247.54651520427998,598,189.11200624810317,FAILURE
47,2.849470987326824,45.597626423645096,88.49257066814478,47.15407772429906,279.2080517404998,447,251.89781926825637,FAILURE
57,2.1535293858957907,76.0823258865699,31.47247220261611,32.04577888763521,252.5742530999624,947,234.84400351012593,FAILURE
47,2.401149951058806,88.31888066905877,56.13336613487259,38.05567123503491,129.88460324346352,423,208.83121730167562,FAILURE
79,6.1887838172555485,70.89715358292808,10.087427285584525,23.80945263363742,258.0088124760097,327,210.7793183597606,FAILURE
70,2.7551879408110356,92.23860942076037,78.54173001046279,55.642473989612476,265.24508872298765,219,181.031158401788,FAILURE
87,0.6131965580546728,48.09136918545707,78.65089724144804,80.05379693972918,201.09671008581518,216,180.5281441142644,FAILURE
72,2.3091270088982805,42.298588486178666,95.8249289917323,94.2280063882218,212.98993581681816,90,220.21126157478804,WARNING
69,9.010345345576457,34.74569146459742,46.159466607082585,79.66419297463212,178.90212684336538,638,259.9693805222383,FAILURE
48,7.034479424798928,35.69486018244601,86.56385152947033,24.350590569187787,44.55100710192181,559,187.0695875485713,FAILURE
75,0.2714202897016449,66.80802362200633,72.50276644408243,70.79454245196465,74.27852258475197,103,203.91420292746335,WARNING
55,1.862352526748935,74.97935281524059,75.56394599033565,46.04761188412935,121.91298681667463,29,203.09028025799847,WARNING
71,7.1659740799479055,20.49370468049419,18.51060041077927,43.62735852705112,283.9205699758601,300,195.06062110050814,FAILURE
82,9.951216149077277,79.50293316858526,84.46017449346262,20.997646235670878,295.3286191847773,169,229.04525546445123,FAILURE
83,0.057498597802204676,70.85886220966219,28.32808235949562,29.350014629488367,181.03855462448672,827,220.51843944223995,WARNING
53,9.901500615948684,22.41207986733381,77.22471077041999,63.45622859747658,42.000180694728705,125,232.31639496550162,FAILURE
72,0.20334482323004166,73.76523903015848,33.84230919216441,37.758948046856794,274.9693817194811,579,251.82156176482854,FAILURE
59,8.537652235005734,34.70947268210809,52.15454475588179,61.99392771380076,227.92879918843298,780,202.33348175732385,FAILURE
55,9.425792467713274,91.49183610992937,15.23240776169778,69.33759686020248,8.64826643608266,521,184.78684230216047,FAILURE
69,3.488623563692006,47.9530485465163,70.08204505688019,72.69542368380306,288.05102205652764,961,221.2487063927373,FAILURE
74,4.027150646661615,68.43211617665412,65.62221628332264,88.05714549795556,161.7829552348826,23,256.42702321095953,WARNING
80,2.5345234633125435,74.93438478884119,72.33527503096148,21.1641094450712,260.9836862710164,460,192.8813787874158,FAILURE
50,8.435222148513288,64.07416676442242,55.588235085094716,96.91681413598175,210.1984998752821,794,182.69619036952213,FAILURE
84,7.7579023577003525,42.339328900292244,32.83839565505384,59.048813281050144,32.9600799635975,607,237.710668667487,FAILURE
60,5.478377096848602,40.09788730163853,63.17059641423754,39.61912607768342,62.342499398225534,677,256.08569270692396,WARNING
52,6.522921704862462,78.03490085573948,34.50110692985501,77.04887143710009,157.3649756798349,532,236.92556633323304,WARNING
91,5.9713730816563695,39.25815571218118,19.6238463564337,14.568439736000322,266.00060216486116,771,182.29021059058948,FAILURE
47,0.0895970849031491,42.22190732310155,69.48782115958926,48.016337857990216,88.06083139965978,101,227.68697344597024,NORMAL
57,1.7635796619072164,64.0684762287014,75.92373823518902,76.5766977688801,254.14427205889143,944,259.71045086505643,FAILURE
88,3.016915908546174,70.78859441178797,78.47824770670769,57.28827961842145,175.7398706646544,186,229.4959300190837,WARNING
92,2.4121572636744846,78.3718605139331,33.08494825827949,51.36907000241833,60.628169545828236,252,240.4791949861955,WARNING
81,7.425355083950826,91.56801484272628,38.30944693788925,71.83682480278696,18.859224444874368,290,234.47385962948925,FAILURE
55,9.867768875164737,42.299394494815516,54.69293548922374,40.24909782354622,3.8876222547229213,783,242.02359516964202,FAILURE
52,5.074349620752504,66.74012359143721,50.6962570202632,41.818885734595895,85.41104696648316,359,214.38665194400934,WARNING
100,4.131711667148643,49.79284816824321,99.95641839813302,23.82897881118125,47.813439500146224,851,187.48506280903396,FAILURE
85,9.803149503337453,92.25593547118591,57.19810103227081,75.31237208330157,103.0322103333832,929,186.41352935094696,FAILURE
74,5.91944034242177,24.097275825055466,90.34059810901827,63.85281955713154,32.443274022679226,113,188.81033755455013,FAILURE
92,5.183160668472409,88.54007604474883,93.95086810405118,46.57195878475793,44.1806452398857,325,180.30169572006395,FAILURE
82,9.228537716968134,38.28113030122802,31.964047020668914,98.92402887129995,80.60309902029597,157,227.22002008971208,FAILURE
85,6.979022999134504,52.58339560686669,65.19543929176513,10.249584894801204,71.98941312770808,346,194.5018675140474,WARNING
46,3.7127307580996827,92.29956130062568,51.39647721068525,26.570825881995084,86.46762755419758,988,215.28371629853342,FAILURE
70,7.204183826475957,23.803062725782745,13.394056503231406,30.55857922429899,131.0069079141389,958,248.98671498832996,FAILURE
58,7.682146499493559,80.0841458559378,48.58845759380671,21.60079150444517,108.47547699855289,266,206.2223453057008,FAILURE
75,3.7976920118502946,94.91612779164826,15.077637783522121,71.71088636630321,79.75237075257336,317,191.20391893585605,FAILURE
87,1.9975988143134082,92.02028883158704,42.17777554564548,96.55852904155421,164.09446225306536,245,215.3473308255373,FAILURE
47,6.724614726522308,52.54535728835998,54.847109991826684,53.12397771791726,4.079579581544352,698,233.69275285356787,WARNING
55,5.239356756998185,84.94627052534753,35.72723537981935,17.705532454262766,204.3712789603423,826,249.3646241777418,FAILURE
100,2.5528256335230215,34.37314795754765,22.185194657539647,67.97166987359418,268.41061438729616,861,191.5492525964803,FAILURE
77,1.7738732773643873,55.802900935966164,73.73859153826525,30.50121870900251,160.53938964668936,18,215.13662153466416,NORMAL
76,5.312838991351917,48.831619569049465,25.376379161967506,73.18142101357319,85.89086516529241,303,232.24801843877043,WARNING
94,3.026495670194873,48.79430728900542,18.819552104477978,47.871492798015225,73.46403027284494,713,208.06377477301197,NORMAL
88,4.114332416937451,39.66586044557479,31.56300791519959,51.63525317876868,177.11835954785684,162,237.5835485982637,WARNING
90,8.735013859135577,51.617853630341266,52.7313828497029,54.17432179404833,18.299158305005832,703,182.71385846834698,FAILURE
58,0.8360975101259971,63.442795631807094,18.801280598411438,15.90216935592322,253.77656914683536,347,250.24138948701324,FAILURE
68,7.316351393761148,64.3293223547991,31.96970789157281,30.62955821541005,142.32933632119327,518,194.51883911662574,FAILURE
95,8.698303610469765,24.369468967119925,39.67733141439452,69.83221787425468,109.57506074261941,558,223.23299189287337,FAILURE
60,0.7673375672138105,77.17076525965655,69.0011320968187,76.3787359343025,150.27926647435893,192,200.33582726971846,WARNING
70,0.8671366800262048,29.34135674698383,82.34160946296424,32.82296652434332,290.5543197505695,911,197.08372130923368,FAILURE
72,7.400630817438122,85.39986600618256,52.89358768906284,80.99475032387227,226.754131873509,882,181.63039442282914,FAILURE
76,7.090731710126712,77.5517062216413,69.12564889571081,62.30287157441152,108.43180978473515,391,184.76188671042058,FAILURE
83,7.828960857367456,67.44201444951132,64.73848342696003,50.679258369989576,223.14697364599746,392,241.88317370673806,FAILURE
71,9.071339345667242,40.68793246125403,10.557545868076271,12.192178696608352,18.839479785239327,937,220.28764405981562,FAILURE
72,1.0462196543880198,48.39263433169573,48.01621437503675,83.39384365394058,179.7313914136788,121,217.22426383493823,NORMAL
46,6.839262570374821,78.22132859197384,23.99099315428003,61.157547599572176,219.323792621208,462,258.1966482222755,WARNING
58,8.470486232292378,50.233070692992044,31.99698339218185,92.9228107546322,289.5108096469268,958,206.66088802859497,FAILURE
93,4.620218690294394,69.39518967374173,27.847159970329287,59.442813730403266,59.258483755438,609,187.95646199197404,FAILURE
96,0.23960431619200473,52.03166954121981,56.11189312164952,61.028168692479376,167.78244414439916,41,249.66654634344613,NORMAL
42,4.0949738854747775,64.73499232256813,49.03531430201327,80.64665278497536,164.82408787917254,726,238.2870301021132,WARNING
98,1.2823966435228384,40.21087318634197,68.56007391546797,92.16497752053503,132.97570435919448,879,214.69454013313978,NORMAL
90,7.221643582601478,75.0483008367478,97.16638840778499,87.69623306085907,74.83199730130792,315,251.98483798049324,FAILURE
42,8.421549930374399,88.70513095295641,90.18759655903874,87.95237250053147,169.43266872458054,19,212.0231187901092,FAILURE
81,0.14663601052189668,77.80872962610079,46.62342192977446,88.35482314042275,104.51882605112866,731,256.23792930918654,WARNING
98,0.7920927318946336,77.27190433003867,94.11084163630248,57.71234565804281,70.46882337639386,919,193.62588668717754,WARNING
75,8.38295409675984,70.22421234829304,33.6941713052834,76.16460817641556,88.53643175664591,879,242.0827620219977,FAILURE
54,2.142202455029442,92.97531356393308,29.79469331020005,88.80779429915954,295.624252560989,553,184.59520111371324,FAILURE
74,8.37252877920882,67.7497498832434,87.32973234176617,42.93228217602715,171.2551190218725,242,249.88723928178138,FAILURE
67,1.1582503165643643,31.14056086055872,16.447846604621287,39.52504779447334,78.51724050128132,642,245.61327485713446,NORMAL
67,6.484614219617556,63.20585322254265,52.51040946307237,59.27508705485044,10.50422862655294,571,191.26697165925634,WARNING
61,4.228331347962952,92.18530066010156,98.36605943322711,71.88700572072992,38.508632999206064,44,215.22768409349118,FAILURE
65,7.543151617805476,89.77956805444445,71.60628100828623,90.20900873901327,34.3591252798329,655,203.98130028340108,FAILURE
72,0.7736413925427998,93.65453609062376,26.318299268376467,73.3483438821714,59.85869748343774,693,198.4048027259676,FAILURE
96,0.6721775833770394,21.454096046256865,83.60733675128743,15.934779800903895,273.5612158678087,53,193.49461995761897,FAILURE
63,2.6326918328104276,37.20468940044467,19.40053079582041,85.24126996735609,221.90323957731118,665,218.42435632568757,WARNING
70,9.276425826922845,65.12687415385581,59.49597874534657,15.754613034159942,157.2740829475731,803,192.25735539806325,FAILURE
66,7.057136452786109,31.432419499158005,33.60545571429926,83.30946665949479,234.8521987918249,850,210.23992839796364,FAILURE
69,0.8279589975150514,68.91132143380067,91.09835768251128,74.51463057015863,156.67318333423634,844,195.9796290587159,WARNING
56,4.985259953306706,50.69487560680621,51.06921499340255,74.04594460333199,52.27189270841319,787,187.67222555366692,FAILURE
70,1.1293981250995477,64.24665211193508,45.197985281626785,98.50667843275055,283.6502199212055,922,221.99619707068305,FAILURE
64,4.95063687299071,94.09668859105743,19.865919278385384,30.80349841025646,245.88927044305632,217,219.30325150963662,FAILURE
42,1.7966101143088664,37.70271431275954,12.163729248653926,36.16687187507886,138.76923561925275,375,218.00117864383378,NORMAL
61,6.122862903234534,61.045828394344106,81.08961251822102,31.88692146042183,99.81485510306322,873,221.15966626714362,WARNING
74,0.2795145965963963,37.798165946173945,29.590834096294774,97.1416928816713,198.7839785088691,407,182.91859729085348,FAILURE
42,2.7299145272831806,39.79413425893392,69.71439336921526,68.96183093345067,257.29690194670417,790,233.9695464841691,FAILURE
92,0.9457935747509616,76.54383413633585,15.9829921103921,10.81560997132755,250.46705238614203,881,258.7701807917887,FAILURE
83,0.18956388922113487,29.925430421332457,76.20536342159251,59.92252693910909,273.3988549083974,824,209.21221889718672,FAILURE
66,5.018076457360266,32.453776474371615,85.11920674646646,48.20618564222326,235.44754687343223,410,224.87922225030127,WARNING
62,7.714536517688351,29.34283903777857,14.068981072023552,32.294433099834364,265.67141642249413,518,184.0535739387399,FAILURE
52,3.6589247161377383,49.530032697483435,76.06917701073651,74.64103001034808,123.71223002305156,544,238.20783206477898,NORMAL
65,5.2450553536972855,33.972162591249976,10.065004159670274,46.3580146856336,145.86983931008098,812,243.12181635895217,WARNING
80,0.37957784208569434,82.39052040708353,59.6410566422153,11.19030652716983,155.10263541435828,581,226.5962762958543,FAILURE
75,3.4029352700088724,71.02591589504081,49.65429690371296,15.978010019161296,33.64010263790979,778,193.44842583761246,WARNING
51,2.617784076547042,22.920865735888007,86.66516812500515,48.06162426244429,187.59713283758487,410,250.49477405771245,WARNING
86,4.778794699643135,60.387737636811416,23.894709839561408,49.55249310096823,14.837914619470828,377,249.68220271900114,WARNING
73,3.9367001497829577,81.36054423084053,76.15341246838116,51.41062103442957,8.375597152051675,66,200.5906506653427,FAILURE
65,1.715848449684404,25.894093702963133,16.68395774576966,11.476977515082456,241.61153688743818,48,190.70377995979305,WARNING
87,2.9663229139213865,86.26752328761098,63.307645490197444,16.64499305821733,78.37259487699488,703,203.77092958211682,FAILURE
99,6.129241661125361,80.01979118883938,98.79349117188964,57.23520570931684,63.07652724786797,549,242.6511167116413,FAILURE
53,5.504105694738547,21.36726272296851,21.76673247959713,36.73765399690326,208.94426449865878,857,193.88415620431925,WARNING
79,2.4640817954700243,28.863690819763214,64.49128982675933,16.643198159468128,248.0528066156277,540,183.29581365028486,FAILURE
48,1.530564234001689,88.20340176891251,25.509043933034494,69.5233816530742,221.59380441340244,223,184.26756127279162,FAILURE
69,1.2413521352922485,81.89646694624054,57.094166194686395,60.249074921734035,167.82089311557652,413,234.06540899717896,FAILURE
52,8.496473089593804,81.82483291755446,43.580165679004175,20.005575617186935,66.21963479965031,467,205.180092714942,FAILURE
98,3.7151128432379323,72.80309427435893,95.43121593061989,20.24908335037167,18.12541130137528,791,247.0163613393357,WARNING
51,9.468050247243099,24.493292010678836,59.429595164569115,61.728470142438105,258.06488892387586,98,227.4626688275473,FAILURE
99,8.779837329191446,58.118922561180035,95.63580615458794,85.11289355293985,8.041005030898958,333,193.5038922152305,FAILURE
85,2.4701940559448587,67.87451547780788,12.581119566901172,58.950951886919086,258.4862099034252,306,190.1605371139066,FAILURE
98,6.786011494198922,54.82815163027173,58.40591899217725,58.092846439177,123.62479654064192,917,253.45165480742332,WARNING
86,6.101546120382759,23.021298768406936,73.23462575983811,28.97051994922537,20.047391547530694,111,225.7114854433072,WARNING
97,1.3146024240819987,38.20112177324236,80.44632576308216,92.32551889266823,101.51275844590893,682,184.7579153449597,FAILURE
83,1.394159990783086,44.34321260915893,81.43809437427083,96.67562230560335,203.2815653624108,168,198.6331374459488,WARNING
96,9.855753116098967,34.1868718664993,18.857027770128287,17.165699978879125,84.49245908054961,186,190.60427785911025,FAILURE
64,6.8566616560868985,69.57077959998912,62.35391815748799,55.29250152638741,90.95676758355161,333,204.89559012920358,WARNING
82,8.617742852572905,86.56360194458928,71.21408047339352,44.09622960141094,281.9329212339871,393,251.42565373122633,FAILURE
73,7.001280538838098,34.5085760158733,98.37209408464882,59.590365005415784,50.225112959478004,80,227.30174888248882,FAILURE
51,5.971551356444542,88.97077454488601,62.87834540061847,30.589678709525053,54.776256178867015,118,188.6792194393112,FAILURE
70,2.3721922721742073,22.647011289947017,42.24283119399027,46.11499355784138,251.2655184675456,283,221.73130497545992,FAILURE
68,0.35625234615984547,29.735554976856122,18.05555226252425,75.59273463581825,78.33931575136957,988,191.12205521942613,NORMAL
44,9.146810513100522,44.12551986862174,40.29637945190291,35.84596712732824,264.5042038728726,929,216.3626852871065,FAILURE
66,0.0894315003540691,67.40786314044124,35.84732436818289,15.3537939384003,293.0236070345537,46,245.21072663811503,FAILURE
74,0.39670168926292493,43.69501461600218,26.922474064874375,57.242219229662126,193.71004675577942,275,193.0969519315665,WARNING
43,1.5713206087924747,74.00151944788271,37.20049684359644,44.872061602316236,144.4989312974086,649,196.2351827413991,WARNING
96,1.2558526064261044,92.82201749182707,47.43788527239526,22.139484680725943,164.53603719206671,853,182.1733166619876,FAILURE
78,1.675909463745947,40.80159139160071,20.166694400199344,12.25088973332225,148.6191098647981,772,193.42993899465392,NORMAL
58,8.303024269775383,66.44613155979656,59.09485155813152,56.0426351639999,261.6504344670626,296,196.20873446951896,FAILURE
95,2.302160379509419,26.338254294738338,17.736812780695807,66.60841459489939,182.49727494896317,775,243.29023505872777,WARNING
62,5.599267175969094,34.180995903898285,29.95399194298821,49.14248209616749,105.3420596655913,360,199.00519765961064,WARNING
71,4.750638779749444,66.54148994261972,88.48899093215253,56.23476840806261,167.58141581469405,919,252.99136212740325,WARNING
94,2.3995295112348702,54.289315588019605,71.31400258177145,66.98519572323582,206.41537356306924,418,198.925786912507,WARNING
79,8.818692660323473,36.50660347029056,49.50592788486711,23.289190231301937,65.98591604360298,291,211.72586709854136,FAILURE
62,6.105377468016027,33.85846938783314,98.83364972032273,89.45039134467298,42.71730796466308,872,241.35893839065784,WARNING
46,2.8633870911354165,59.18566048307521,17.5044208065801,42.79546307602832,299.00917459198854,718,182.4964085684818,FAILURE
59,9.93301478047596,55.66700524460633,80.45263494057565,48.066064467923326,140.27636525511946,394,204.40082238403903,FAILURE
46,8.081077356305558,81.69420629452028,70.5196351901165,97.3435775617043,59.3069356867063,102,219.5193226409707,FAILURE
100,2.49547344513924,24.107126221722268,45.39409193192711,55.035701772920746,97.50654820860458,209,228.09436001277587,NORMAL
99,7.082949065372256,28.459981278625516,93.07755889729457,66.19816574802215,6.951830161288262,552,242.10453540378828,FAILURE
47,0.10539354338758411,83.98220130593145,25.302297484843166,40.38028942754241,296.1027317021802,318,243.34933401706928,FAILURE
97,6.6037410982178955,22.303023288337375,92.57540361480497,55.8634246691564,168.6526870483548,522,199.95374407332932,WARNING
59,8.663276341749766,61.47535538986701,96.9978241481654,28.9324610151787,267.9386083683262,488,196.84782577154934,FAILURE
70,5.623291336654833,53.52459593626003,36.43895153902078,77.45421575541837,45.55167556715186,951,225.16910110659595,WARNING
43,8.587570112221483,62.91237577989406,66.57666281722052,40.23330382070943,39.58599006376686,165,222.91155784138823,FAILURE
41,0.4443293715846275,20.65522636940713,82.97486412310504,42.802939991654675,202.3658336209918,192,211.0080057474661,WARNING
52,8.030080133435902,68.95209499381212,59.23415465119649,99.87619373538936,292.1072136080872,621,193.98399781642786,FAILURE
42,1.6092842501490057,42.843538817702076,25.78324523383713,59.59572834392143,212.92600920557496,987,229.99579214075374,WARNING
70,0.5617746474962226,50.171173422914926,92.75064113552153,96.72705714422804,247.80543181032522,77,219.25878578586676,WARNING
99,6.17829328398153,54.62939498605221,49.14129766003969,79.2202835916058,146.75927544019535,50,218.7175437524211,WARNING
69,3.045051309135559,37.101406444552964,97.32795065393246,26.82410265304523,12.5805541372774,43,216.58773563963317,NORMAL
99,8.88295934250834,91.37307769824662,38.105745238157404,85.53842005679358,241.19675878468163,360,232.82114136886227,FAILURE
80,5.061229282298805,58.217078749673746,41.12866915631831,18.55654299006383,274.89935930907274,834,243.27861442108752,FAILURE
59,3.0361464937282943,88.51882879757707,25.845204414249743,87.97020422763714,14.251181788545928,680,228.8257817324206,FAILURE
45,5.446225862784807,27.336883683625906,95.45483053031178,50.071441640062815,207.07619479239676,640,228.01501223119598,WARNING
74,0.4958782836070452,80.7970135960685,49.52573120151645,42.39326270413323,199.05667289643554,915,211.82862394474088,FAILURE
65,8.37221034554841,82.9599486481016,47.576447580739135,43.1438937722035,123.97748955913514,85,223.1696786216262,FAILURE
54,4.921912222633187,55.213996611621866,15.751745911725124,38.869199315192745,283.53074041676166,822,252.24598692640723,FAILURE
78,6.381693778034436,81.12839363875999,75.0855561497109,30.49844045075807,231.48749617141547,713,194.306993660959,FAILURE
82,9.709554864612176,91.6563344052183,88.36376741683657,99.86232832734451,222.05625501863076,477,223.08602767798027,FAILURE
98,1.0033830004500555,31.13100863607605,94.62396128137617,92.19837191874477,204.31019858022017,72,203.8518196534025,WARNING
59,2.7083127599139543,68.46014090615017,48.51549438850042,72.63143363136484,236.79150496065787,591,197.0164653809183,WARNING
63,3.5763269082725735,66.66994388090795,97.10173987625282,90.33682337507592,205.02274142584832,732,227.80701855773637,WARNING
67,2.1970914947290945,30.367545363853164,88.02711447853181,38.319311968123905,24.64857744166658,623,207.1458247977345,NORMAL
41,4.358413868078347,64.33537714880224,80.40742011965584,62.12049745658463,171.37331767202522,209,231.6365451760186,WARNING
48,3.9595665254191283,80.33479015966945,59.903382709253414,96.96038771520277,86.38345284046834,35,202.36821023455295,FAILURE
63,2.0568187394637203,29.624430420792706,61.124207607173965,68.39317235905642,248.2550593312117,645,207.242750839125,WARNING
59,4.362130000222341,63.130135359895874,29.223565485871422,66.93644908898787,253.21249898677257,210,197.45393174110143,FAILURE
53,2.347232764552377,57.640545549280446,31.382958682122347,32.080048628000704,147.97868335847556,765,242.13262405578342,NORMAL
63,0.09333990657916624,36.2731773686894,29.195763550527197,25.398776885400714,11.038897323724338,258,203.13424725004472,NORMAL
79,8.86461734782117,83.83081528933636,35.85066972006135,59.5807940610966,41.86693405927144,483,235.05620042668454,FAILURE
55,6.774364242612628,67.26995164859758,59.4687297186885,26.24125546532316,254.5042973758098,439,189.75598354671314,FAILURE
46,9.835168735761307,83.24098510229655,79.58556757782063,93.61506719318221,245.45916850433485,215,258.46578751505626,FAILURE
87,9.514005710725527,52.110428566264474,46.815744563656494,25.383242804222206,192.91503804952004,551,253.83518539131381,FAILURE
57,0.08419650231854758,82.28852005849268,56.796974158343424,57.688575357468274,264.10168939686156,157,196.6618433718855,FAILURE
47,8.038517448572307,85.77402433197307,81.1720702708729,37.46473739737871,165.56669033770032,649,194.5002654214606,FAILURE
46,6.793955299992223,41.55241175559167,34.99613580418168,33.37352706722167,198.4280003506374,824,195.27303580788507,WARNING
96,2.0716463978493502,80.37802983375033,51.69505778870933,93.7120272962762,27.452653445698687,618,232.73104753368207,FAILURE
64,6.776439051522178,36.845830574753585,79.31105017955983,44.48099897545992,242.75490653904453,960,196.47967348903865,WARNING
52,6.525002122664256,37.670277414992654,85.61904082451196,86.25900668442856,103.8175675287857,531,216.5314193147493,WARNING
60,8.06696820265681,71.04754112695349,29.98799857901486,75.67164805668226,255.34795029535493,724,192.284842527834,FAILURE
90,2.5020442379807797,75.07105700689176,81.0716022144094,37.264442750542756,284.8123565352217,852,208.5380218698545,FAILURE
86,8.455094387570691,67.37957270221702,11.703385706520269,57.858091625729195,278.07385127652344,786,253.8345062673066,FAILURE
46,7.331258810375854,55.840639261997005,35.43372845241885,48.164274578443305,189.18261411843227,212,228.73507263868288,FAILURE
95,3.9192856742990356,78.96451456329734,57.11093594927937,50.75733936806285,248.8217351216404,883,254.02685534329368,WARNING
96,1.1999715664094734,78.27074622396619,56.43850427029455,22.339985454203557,14.090147044816598,291,187.5458345985229,FAILURE
46,6.015990653355271,23.26440745398183,62.23388622620841,44.73201690519655,192.62655714691442,378,204.27820077757423,WARNING
40,5.086641344429705,46.87538216113283,47.29346404778889,17.133972737287728,274.8875061247294,892,218.22438530375,FAILURE
75,1.1477139084085075,88.98447717813802,90.20128845656812,54.89995741232444,30.535052097267766,300,186.66164406156426,FAILURE
51,8.771082689248928,70.27091829548547,34.72661672645143,86.79899175403372,238.1668058105193,376,197.42080015395084,FAILURE
56,4.349640022995175,55.42759028220218,92.73465406436657,20.20222679368415,134.61418796604576,947,190.4852978377835,WARNING
80,7.961988699201353,61.720551546265945,26.226674203696035,14.173982299494016,4.373572361848502,692,211.4371520028546,FAILURE
55,2.003248863694602,61.32475732606791,14.756349988888424,33.91432148351521,132.29005562853138,944,187.8628110252761,FAILURE
99,0.5934745380798612,34.55134373977582,96.0146627242346,50.934010704768696,171.80335856863607,908,257.4546368558542,NORMAL
66,7.164606653831042,80.25870770895925,33.56354522992643,63.32383968725698,227.23860526778435,826,253.58788824355292,FAILURE
79,7.919928430207887,32.23511463749647,33.72155105630259,84.91886903328843,3.1915319670398326,876,223.20859243683128,FAILURE
79,7.723552933765275,45.718315549752575,56.088403173453614,35.169228573792864,81.02338795383349,766,237.60104836327096,FAILURE
86,9.594140520391965,65.33149347291392,19.72738516188876,17.47523249166757,57.72661366559667,156,225.78266516200455,FAILURE
82,9.465085341184553,37.33383514358313,41.87706352079495,19.498682262771574,79.61236537943745,522,228.3608855895055,FAILURE
43,5.996894754998791,37.497187151476176,38.95462095971733,19.538962736673756,63.227141185987854,170,246.20369359767463,WARNING
69,0.9270968642582511,77.0037432096589,44.48147204991123,36.52171160109147,140.35402203450653,103,241.8887763243497,WARNING
47,3.589585641865077,66.10101635290576,35.555210413798655,15.656304586076214,105.13608420599768,396,188.79103688527556,FAILURE
54,2.7342852491747047,55.58969886518181,36.74109130419396,32.642462899788626,106.3977684194479,703,208.7453683308826,NORMAL
63,7.26406819030784,62.57792877246481,75.98037191261172,62.702529408072365,176.06633874038707,119,191.333823903563,FAILURE
73,6.326898962922444,85.69958523519794,71.61124292250244,17.98479819152721,131.80249847462545,370,212.4691123837396,FAILURE
99,2.497984918911097,82.32126194444709,50.326599662983014,82.02106802653203,277.03938022613835,409,253.60274193670836,FAILURE
59,4.9896426857620195,44.217384486718714,25.853991657104352,64.25575449222742,268.96398054330797,349,204.81429430227,FAILURE
91,5.11925190892539,35.66230698849711,78.40450904463152,69.20086470250251,132.16662915665742,690,234.98310830022325,WARNING
77,5.316714322145504,30.47788560807564,33.726005158110986,54.15643969530085,256.95953793942306,324,198.68622731463552,FAILURE
46,2.11479045948626,75.94848599930688,18.81677287874005,83.66717976785833,144.01906740472296,327,221.17882891691607,WARNING
95,8.697598393525038,94.29853843548658,42.82554249904524,73.331278460092,270.7073334823139,407,258.66998505185705,FAILURE
98,9.000633855620796,69.50618080959055,91.30321519063135,21.62131576801024,97.08523853802114,286,225.26458874776995,FAILURE
64,4.485669829767879,78.98338231426709,85.5816211763086,85.1932289340538,42.786901267895246,505,187.6758378782687,FAILURE
94,7.5730319825781764,31.93484829605288,56.68382318385434,52.129775445150315,55.5163779127429,248,256.85219478056,FAILURE
57,3.3564685285736493,40.29205930150657,20.349072497241202,55.79947173988379,216.59045609233792,159,202.80581863821394,WARNING
66,8.313980952820929,29.15319701802767,10.407629739609508,12.355613826544385,67.86622425906748,416,206.9467471734997,FAILURE
97,5.691651776084685,84.9353092817348,74.55698485253241,23.98447828193885,229.5651324331796,720,245.67540803052083,FAILURE
50,3.4186836402162135,34.22478516811837,57.11097226381167,13.740568219475273,292.5647867333065,711,203.95291251412516,FAILURE
70,6.119303861126763,20.776111697818507,70.44209088289401,31.443869467112286,56.926617204573155,714,236.8253436902929,WARNING
45,2.7267660479230402,70.9534952786979,45.06364569702676,69.53404972682728,61.695152890285094,94,206.22210586356886,WARNING
50,9.883555735449313,22.72491180923311,16.013559376670667,39.18447745557613,241.60072058426292,599,232.5439745771048,FAILURE
57,2.835656656881823,47.54578546722706,94.83327181461863,81.36083896428715,14.280322215373328,24,200.3878694806738,NORMAL
90,0.37943024005413384,63.89212250722882,67.76399814253423,74.29345624179687,259.12026881023445,572,181.34182488626885,FAILURE
60,7.462357845507773,61.7064907678044,60.679123359165715,48.48853338736631,149.22733060587672,571,236.46264389172595,FAILURE
69,3.9805454370909334,27.856455694888332,16.37342175803569,38.039939800866414,181.88137040530978,628,184.70935767730938,FAILURE
42,7.119295717212325,34.225615132549244,39.4492439429144,26.047115551318345,230.26959262444285,71,252.90377734313495,FAILURE
57,9.208298737645622,79.37581153799073,40.530034857503395,29.325548887788795,117.90962533212053,548,198.9908259996336,FAILURE
79,8.256683523839087,46.55586382163912,40.68357367895071,27.892066651968292,215.64211007647367,158,241.93270504020893,FAILURE
84,6.281748472018178,44.186611846426125,39.144743037666565,80.97038398094386,126.96658487893362,995,232.5338328728842,WARNING
94,7.574057274158584,55.1445571432738,29.282140888657523,81.17034988547069,152.7585590593666,996,211.16308419271587,FAILURE
47,8.160473623545077,56.38724267185584,61.136505096503136,77.36768335741343,139.81657810153052,909,218.17655828755647,FAILURE
80,0.3411867864258489,55.13619623954624,63.37077785437263,60.495959115966436,100.59231545346873,804,186.89954995172818,FAILURE
45,9.555023613094598,72.48244895803151,55.85708799416009,30.447497792165887,1.2005147511676344,294,193.41186451393992,FAILURE
68,2.9031167236789193,65.54765222592576,37.88214915530932,55.95009571034523,243.9303429397403,442,206.07539528775945,WARNING
74,0.07530113647862047,90.11587124398632,30.696223476265835,22.36901345785211,251.79704594617982,753,215.06076890441932,FAILURE
84,3.3481532193482533,61.33383925134194,62.105402167140326,75.43320140753953,137.00179140332133,322,234.6553395510427,NORMAL
95,2.2910739395331237,26.932656851425584,29.06793641700213,74.22266835862499,199.0010379794408,734,211.64355628529745,WARNING
90,0.8801445766967486,48.38784303195767,29.18550829843092,21.196750503410435,191.25156839574234,997,215.33500064002794,WARNING
66,8.639055702810339,45.46719969935954,68.9733076824182,69.5975310124664,65.91049985079145,598,238.65312935515288,FAILURE
60,4.2922440600194465,82.75800707359272,25.927269448412737,16.251032437056725,155.0844289760582,749,240.03470892300436,FAILURE
81,0.8022260922209079,47.63657401577209,49.03234349264307,14.573979135398503,148.27034323053064,494,210.02945236794437,NORMAL
50,5.386718086898811,90.33285140581015,89.22162365978028,17.207841379937932,189.35058114126215,972,185.81336581761784,FAILURE
84,7.973306802882214,25.972605162464397,48.326911206412646,99.86068856581551,47.617897026242034,388,213.53186332510012,FAILURE
49,7.565108986874335,77.84368581451159,52.568370106831985,46.80508141150125,106.35392768208608,950,237.25102483379382,FAILURE
54,1.4136604808775144,25.833067040347817,79.72994603296661,31.85878896901223,47.4588619121362,721,227.6883072072214,NORMAL
90,0.2728594065560175,32.029978007972886,38.274627755398,26.247249424102353,102.70503278695763,980,227.81845917021496,NORMAL
57,3.4589707904559464,59.5556065807042,95.00349950801201,82.0884446696566,151.17352297239452,11,237.90809085349323,NORMAL
45,3.4795047399059733,41.347540648800056,99.54180998314264,89.9290529867251,228.83341711373726,358,192.34280957675247,WARNING
60,0.9729242816627415,86.12035339033585,98.22476635313869,40.137157946638936,47.51219763228386,54,211.5133325855623,FAILURE
76,2.6313114797176897,26.695523289989943,84.68988728511202,58.74253080876908,73.84639443854543,118,191.03367844984618,NORMAL
66,8.419864373729816,34.82998896924289,15.161575455517916,83.6502650246445,237.04777161027965,866,195.76419244481255,FAILURE
87,5.728777644518891,93.64440444486031,94.55530988540693,47.551475424932754,34.51240271063342,810,244.8296669582727,FAILURE
84,0.6724803335925655,26.044499482588275,82.93303937990909,49.89482152385824,283.1128906840735,661,187.12637568056698,FAILURE
50,1.567546176122484,92.20164885425372,55.096142345916945,28.404628120350505,149.18754857802543,459,194.03227345000042,FAILURE
45,8.483963307187013,62.44381319275047,22.172636268276413,72.50186557030372,20.6080923591928,809,208.8958772822932,FAILURE
78,1.1758403630602754,45.42684526697883,61.783492307490775,85.48583597345691,79.30547406496363,270,255.99385086180231,NORMAL
67,1.7294613152986993,51.20433674423398,30.797087403582175,67.23898590979445,8.919706187817226,35,251.50334451624718,NORMAL
59,8.475286334156033,30.681366792370625,39.58357867487045,50.16711309940496,5.075972333376427,732,200.9371045691811,FAILURE
89,9.387559493465531,37.68268745389966,64.1435984725714,29.749710459464033,250.38695430726634,274,254.81659913527818,FAILURE
94,1.5764730440117136,91.98423641948415,29.91434080543282,48.41213051579867,43.28677410297071,835,198.29739480198555,FAILURE
55,6.518889048182954,20.119530839775575,65.64620033607883,41.12809056923719,82.64309824018527,225,248.58689149913153,WARNING
100,6.833576326754923,55.362415664807216,32.71037393952507,79.06108769486364,14.111822284719198,331,229.31151159291738,WARNING
96,8.421687748814433,23.43874934800538,27.333213973683126,83.92977019493682,115.87157750884064,693,254.4416311557756,FAILURE
46,1.3366378741057916,64.61271446620847,26.38080310533528,36.13365590332337,66.13698591554244,982,235.76501545114655,NORMAL
73,9.118189626104696,56.927705944176125,91.59806497014328,56.755832855013765,255.42017288676468,158,193.5189259424586,FAILURE
87,7.583461215809452,88.05739638337909,92.17409199605393,68.1196724814041,191.82484279540267,79,186.19314578129314,FAILURE
82,8.296809241290937,48.3987385498284,84.75811885608154,52.1089860529979,92.20596866690444,788,240.05628961409275,FAILURE
83,5.224760703562625,92.58971755056656,65.81206527198319,88.67789762116874,241.93549742831246,302,248.40099848096315,FAILURE
91,1.8235193631375357,40.81980726685025,12.411417639634923,15.4742782622289,285.5412196068525,56,234.55255105880525,FAILURE
95,4.258453848295737,36.36724842349566,46.81585642016446,56.468525863031424,269.0466107243165,303,215.8360494056956,FAILURE
48,4.480445995350221,33.22349736843137,65.02026633983098,98.66152173852045,74.8342562276161,503,235.22767693766886,WARNING
77,3.9180462239348977,20.54569477411606,55.61928239795806,92.8775050176494,135.9030023786702,20,244.18688387465244,NORMAL
77,8.059166551397182,63.52146167896414,89.08221767819144,89.18753501700917,6.101738250755351,502,255.24488576140755,FAILURE
73,8.41643408600414,84.10397553379275,98.59271257130028,29.40206241643261,85.68020449402475,250,234.77843140435755,FAILURE
47,1.7991131374107638,89.08366331928413,10.358759367099799,78.77977952134455,196.52400951391024,374,181.7167738464635,FAILURE
90,0.7109794662434654,21.6738344143293,26.17822438533796,51.82027374477264,83.1068762621678,684,191.14311920109245,NORMAL
90,4.895121862944878,38.00570756341503,79.4007367985317,36.57247966305742,92.42720633066713,223,232.0215198035308,WARNING
96,9.17142783133106,45.72938258973259,64.32462370226466,33.81472626520045,247.58302619800918,948,217.216493949249,FAILURE
90,6.04676080745641,86.6381253812945,67.38989740815315,95.65546618941447,37.79122935664224,910,212.64559290274337,FAILURE
82,0.2553972987868558,36.27897996029098,89.75445184668038,87.93462587753297,12.30024286887357,704,246.0767804431028,NORMAL
73,7.543453718484427,50.461854040802024,88.41911149327551,54.82395205394008,37.359865395315474,260,190.72277697945788,FAILURE
61,5.56524815277055,55.74192582366882,89.89611971000735,77.90423834452693,277.0614195160348,234,242.72764003877847,FAILURE
84,3.8935194054620292,68.28397665550031,27.063231524313604,52.20993836640057,129.92586041324245,979,183.69628221008108,FAILURE
64,0.0005978970473552447,74.16238910987553,96.85543024962914,22.571760615738075,57.00217160088842,393,232.4715238898575,WARNING
80,6.583999164496878,58.015708060165366,91.34078101624492,61.07791898784992,292.662199556735,775,211.71657643717427,FAILURE
89,9.122944266190048,94.11407410361144,26.308454981340276,15.252696688981729,160.99119062405387,236,227.47787627424475,FAILURE
64,0.6876497081788013,46.39496827596859,46.69964316910547,34.393358093023714,186.9762405044254,99,195.50988810488428,WARNING
75,5.095484140122148,29.89638763662704,80.01781045652926,59.559380050360225,5.8660989312061425,622,226.99879140852528,WARNING
65,1.2494225017129423,86.777138770485,81.56743824185854,83.02901727646062,139.17685882142035,916,208.74444068705748,FAILURE
96,8.560251718599538,84.01919775879055,62.8162971329071,89.80050590289129,147.24416898715296,734,227.04255068291565,FAILURE
64,2.1475382918309425,74.2682518938656,97.54830151403539,46.20779154751799,206.1234301899758,471,206.99664472753497,WARNING
62,9.423314516598868,34.34212725007148,62.95639047883642,72.98640513434715,121.72057626582321,981,192.18550064134547,FAILURE
60,4.548043465865877,30.949302663317727,49.09538569551831,58.33482597843214,44.70287918703979,588,254.32478595131596,WARNING
71,9.164579241717018,72.25568929441135,70.03505811035492,51.44749505229718,161.9890413183139,43,215.2165341207958,FAILURE
45,5.334895157157406,78.13446824974305,86.7608434070474,53.02389754825206,1.571551244457012,996,216.5237075118815,WARNING
41,3.6601265908757172,51.46664291667955,59.82400028761734,49.531873997236396,81.31144297369688,690,238.7206619917781,NORMAL
90,7.505102672619833,24.45886562425363,53.10883144700691,48.30992334063794,243.7959065719359,719,199.6356718128977,FAILURE
44,9.588440285355318,24.12389910842677,24.106688854336447,81.58882943042678,234.9595182064701,888,226.83801648933883,FAILURE
96,0.5860288259173074,39.59920612339858,99.49402669400087,94.0111742727535,242.04334867623288,447,244.39690042995113,WARNING
95,6.308265661500167,92.70438850767388,71.51845748150816,98.52796091337109,168.8436620445752,186,183.95542812311203,FAILURE
67,9.377232623665027,39.4593176287039,90.42868629889676,75.55591555931741,109.59720614135237,980,184.9515424505333,FAILURE
76,1.057605253791315,68.40793711374494,20.928063389853683,52.083082548523414,229.96715208283177,788,205.9216385083114,WARNING
61,4.941245972797494,44.25585147328435,39.740677185756766,37.88399410392782,45.00045423756091,874,235.22918850162387,WARNING
64,7.3981377304358995,70.04053260934452,42.31033141945448,19.985904225104857,208.62129238064165,488,227.90705024592378,FAILURE
63,6.907271111133785,43.96040184384188,58.106473280486625,45.87532574254554,220.66616888751287,307,248.25386454061552,WARNING
61,7.024965749817429,25.77282857076024,45.974370765149345,48.94652011455792,30.65385327854357,784,222.95474099221656,FAILURE
65,1.3312658011103684,71.27798435020604,78.70734909381626,60.01382098868519,100.39005609246212,429,190.77485451197805,WARNING
60,8.99391808285636,49.677133685583655,11.622789143315318,37.542510936907675,14.436592249981219,671,208.92286954357553,FAILURE
99,0.8276979623013636,94.1294921933443,84.95397641599041,56.97594424478455,129.2213619262677,699,251.7608946237491,FAILURE
94,7.642042318478635,30.785939646648302,50.58320381223795,28.42533526599207,281.151119652421,764,227.43659211823672,FAILURE
86,8.063210217656291,93.79500202605406,23.69511418540935,97.33047169293586,165.12051108560902,749,235.95814819685904,FAILURE
70,4.94576614531248,69.1384315908129,74.49196271138368,28.129282800594254,217.80860184628617,520,194.21911194797647,WARNING
65,2.0396624695619447,87.93287718455481,54.10462445957005,43.14056787014638,233.1875467937943,533,183.98874472342519,FAILURE
40,6.786096064583312,29.752210467829613,49.567012807258,45.55573119022965,68.93671335995361,249,253.6228598840841,WARNING
42,7.063886938748532,25.582942572964885,70.35325001756985,30.1599415124065,207.29687662250112,774,256.6375115025398,FAILURE
89,5.45052124777747,63.24170255736665,99.72998173798037,97.50090050659631,277.59102200029065,736,208.26217190060936,FAILURE
98,5.020303809548943,35.52977273206654,21.575220283068276,61.91842324698882,166.8218421743405,991,236.23355154638594,WARNING
64,3.8121888590910635,83.78921137737962,11.032868248459256,25.787573050345323,106.24019856500009,657,248.75540657837564,FAILURE
95,4.788190462797761,47.95899755344978,51.13969085026722,58.42614408455455,107.12865528135563,137,229.09708760604886,WARNING
43,4.195899477582891,26.060295864223246,19.55939751674967,83.99136018789801,3.1543121756879544,476,192.60979412048042,WARNING
84,6.559933301993785,86.10964935088201,55.600411261534944,53.32843184579595,230.2503437742331,877,237.14086706040734,FAILURE
63,2.704920266111489,69.30332443993379,42.91869141281376,38.4477554225505,261.9990588355556,554,227.7714480732657,FAILURE
79,6.045522408458065,20.238594209126138,51.09243338755476,23.362826001087633,243.74001164558513,286,219.3627439151051,WARNING
79,5.286613980512541,69.50573510819518,95.3171026904415,57.971943525119066,291.4039701100881,687,253.89543256665968,FAILURE
41,7.377584536150827,52.23056569884813,77.89092295386716,43.37634000427195,2.1514535612983723,898,253.63254797728646,FAILURE
86,4.390809207553266,46.30503339968662,70.24841498136989,33.333900904852015,111.04752569553538,170,238.500430292795,WARNING
40,6.476608667374569,65.74128186295098,19.728512443301483,21.4219789802007,85.31200091305504,506,241.6052525498219,WARNING
69,2.6804189142856294,76.95819062557764,61.131918298643726,84.23319046812412,190.61910724882884,895,199.25955289022,WARNING
74,6.833372777528371,65.96255315184021,43.312726037529806,52.22686920342527,114.99116033082889,591,220.18988811038884,WARNING
63,6.787792538530962,41.19490283165594,50.55555282355625,36.26410582477111,34.037274257517396,927,241.62707099514094,WARNING
75,0.7358926869219817,73.858206599995,32.95737900700529,40.67917972749893,247.7981233794104,645,204.90795729376774,WARNING
64,6.032056627164023,89.89275519057871,97.98709392983943,26.475379955195425,94.58230613436953,284,207.0580726115245,FAILURE
89,1.1908848781451853,29.5239080299427,91.2907779619909,74.78199824261254,34.250589670122096,274,183.83060200447574,FAILURE
78,4.002360129084122,29.26133868247519,20.83295635369101,24.575300573645066,44.77226128117978,100,258.3302754683315,WARNING
50,7.861102211329003,59.061845207357486,97.02012772131805,92.47297721345318,232.91528630884915,983,257.1272382039615,FAILURE
82,9.562733977670373,88.65882206316839,52.08316185038289,38.47360603567451,85.45444429241357,523,201.61007855770248,FAILURE
80,6.013252451760106,35.27393457110483,41.389716655553514,53.68980769589957,279.48199352398206,665,228.17115433311642,FAILURE
100,7.728819135914586,30.533974690563603,15.144803967481685,47.765520764335356,136.95077560202375,700,229.59212354848995,FAILURE
43,8.864983984482418,34.64396648525412,84.0657782673777,59.19871612465363,213.02253152543838,758,246.30519221669982,FAILURE
80,4.098326457953868,37.07990219146075,41.70907519315485,31.465041098055103,124.83162294979675,310,255.5752986207109,WARNING
53,0.09196154055533201,46.56408652516308,48.26703272602785,28.94455556496567,245.15386224722297,142,188.87228062584592,FAILURE
85,4.830430958696494,53.45455642351769,83.0027299487287,48.13815788029068,126.95090489368131,852,197.41036180019407,WARNING
65,6.055029070127097,89.7201433377607,84.37850185572235,33.8709512616939,219.41727845893791,782,239.00772103788006,FAILURE
85,2.5559836990306097,75.41086253051435,80.8736955551798,30.91260716979554,67.89451986073671,610,253.17811687991326,WARNING
75,5.10289391690611,53.93340855036775,84.05822138686652,32.14689621394935,189.82047103024559,178,225.09408091792474,WARNING
63,1.2016693422253755,44.466290690485536,52.8014110607988,75.5152102565237,223.8088230222726,67,191.03877700503077,WARNING
94,3.222650903048674,62.508835433083114,42.04636867804074,79.86623769349731,297.5867529867466,466,221.31558868312732,FAILURE
41,3.4147211624914187,89.05923102169757,73.10436219641383,98.86274426469484,213.9065807956526,508,202.44174109949483,FAILURE
87,3.5565770043824796,52.0362251021562,89.08665042386842,16.323482474402926,131.0572622631666,310,202.57539984956978,NORMAL
94,7.533900028775723,85.69778324038096,51.31075223493968,32.100971385577,111.85264775311664,769,192.26320042637386,FAILURE
91,2.9721003087591926,36.42657618983033,71.26385872706608,48.33705663839152,124.39764903948239,972,196.19935610016438,NORMAL
74,5.064294797246606,61.518075783974474,26.095532658349892,70.85318489803339,164.60522410323395,97,248.983802164229,WARNING
63,7.337291799977409,59.75706498181577,50.184116612768214,83.8454007720831,159.92055109761992,787,195.3053560437342,FAILURE
65,0.7757996857569915,82.10586463917988,18.231605677686012,82.31616784247657,235.99815985144537,122,254.20693909571236,FAILURE
83,0.8156644725975992,63.76463899616376,61.197479113461085,43.410346691456716,43.604115200114386,42,185.39711113744085,FAILURE
53,0.16668322295862015,62.046669698617116,90.02316475671178,92.31716971755581,86.49184682591627,630,246.53690832128225,NORMAL
99,9.18228036662406,48.80025476896931,23.253079504017315,61.9369419238051,248.87738359756986,518,250.44741153232974,FAILURE
43,9.508666321700785,54.98695490199997,41.41648140071749,64.68296441700062,278.2223890158622,954,257.7396093369759,FAILURE
53,5.621252541360457,72.23136283647463,95.70203273400703,39.38393907110926,48.440046784281414,493,246.52815487585912,WARNING
80,4.440656846731264,33.23711596986074,63.11449242406954,14.877430973762033,125.47194126928481,731,234.9095766482457,WARNING
69,4.8267321350820644,45.048722980355095,82.97577410861079,42.670192919487576,235.92649005014258,602,248.53250788528135,WARNING
68,8.56490279231611,82.69135075740397,29.46012337732131,61.00615105501952,161.44932984438435,941,204.22518638330487,FAILURE
46,7.615536437982689,38.61506747069902,44.067833580735254,12.533926089238733,37.97763017639798,274,191.29875119433922,FAILURE
89,6.244006895346686,34.201061139118686,39.780006597708805,96.2173446719568,30.727290751567864,104,210.28532183534634,WARNING
52,0.9534431609921634,34.18290742507146,77.87120940597003,42.82135405585836,238.68876826167315,560,182.13823850897109,FAILURE
62,5.560679794235136,22.91488298339723,84.29505589235849,65.4921363021848,61.919515687626635,357,211.2293665706849,WARNING
62,5.400072497779378,33.4415187876759,10.528633106112018,26.812940587599503,67.50472155883025,884,191.6328954584146,WARNING
82,9.73771578596194,64.62609340921674,56.452603343833324,38.00419619348012,156.79073495360217,604,247.08321909038193,FAILURE
89,1.4666479610815641,21.715879904062138,61.16180547540506,97.31548983169027,275.19022706954945,925,216.92773407321243,FAILURE
73,8.279229257636791,43.97989822144487,10.503679562667955,37.69517931210594,170.16845185984207,417,256.22047301454654,FAILURE
63,5.742348851003914,76.49528613047522,72.4003034013422,34.897663017712816,254.91087465366425,298,215.89038677421877,FAILURE
68,0.8397313306045029,84.50257900673179,17.276907485664868,94.07344583824208,270.4568620796874,589,252.53072960297402,FAILURE
77,5.686038471197992,92.02448127677566,37.59936205676555,51.274305510676655,211.18327781984814,619,188.17413594024453,FAILURE
72,9.479627656997105,79.79060573775536,13.400877339062252,87.4168787263007,145.01363504761116,205,215.79166202492306,FAILURE
69,6.424059056194244,33.7664912154059,56.30288857521489,48.99676341730401,208.86583016124243,385,207.9767654443454,WARNING
85,5.787116395733451,28.416510383388406,60.423960151975805,24.697548905768958,262.4759852794897,560,248.54990367484612,FAILURE
49,4.536015231252852,26.404806007547567,82.01869149046098,72.99940936910133,13.138980310226218,873,189.24340250117447,FAILURE
48,6.9896016557330345,35.923727415252564,35.585145007848624,83.10185284580349,35.21520531661582,126,180.5308596144468,FAILURE
86,7.743930659575346,50.18588148788474,23.3771932342438,87.95491665080728,75.84962521982658,913,239.59215604753152,FAILURE
56,2.680689755869683,72.98828451492767,27.421680846524747,43.3131880329254,15.8722039983647,737,231.8346793372791,WARNING
69,9.13943194565939,33.72060584449192,28.45493926999021,89.72506045440448,227.23002694660306,483,194.7549587574576,FAILURE
66,6.2306229392844354,85.1249376997327,30.64875381808521,96.09596971231636,114.78869028873852,778,238.9946407771073,FAILURE
65,3.215776783671196,72.71286951318578,35.14124103003543,24.117890071847995,134.26289415486048,260,207.34540429849196,WARNING
42,6.683831525945574,40.13887119281111,42.10621832209698,90.7432393357267,251.84852424484208,648,237.878003831052,FAILURE
55,4.299570075743001,25.0036327027512,81.91913154062455,42.98997229679652,106.33697828284063,594,249.47822463728548,WARNING
92,7.387318127379383,59.1484157245802,70.07117495187885,53.65022067936741,275.6116539594304,599,235.4968480274472,FAILURE
86,6.598736860682724,39.153173322843195,60.09026212223238,24.812687320307912,24.356784385980887,379,248.77267874428628,WARNING
84,4.457547287165876,57.44572440624536,19.649198573359527,53.25728956962599,156.59942378360907,618,207.04289541577853,WARNING
45,2.2600586160472655,32.250305281243634,38.60889797059327,47.74880119428303,77.69107904481054,795,222.21518803849207,NORMAL
51,7.161751546693477,84.49538608889245,62.26382211013814,44.97899936359589,102.43564649004003,66,247.6712071969929,FAILURE
91,2.644716349178008,30.063580309917697,36.40028084592366,26.76276755938524,97.79613003781029,373,257.2662050082399,NORMAL
48,6.533023814164393,28.78302070205727,86.72631485888209,71.65150801302666,86.66065349780139,138,236.98782423561713,WARNING
87,6.659232103363132,55.166081404684604,66.99031065479511,85.08492355596425,98.10101056335786,891,190.17914802744966,WARNING
41,1.0687012929862538,41.824602728516794,68.03279042549025,66.20371155963062,169.5462820519846,363,193.2352825062221,NORMAL
72,9.593546155737908,21.560217229293613,17.90710245818009,24.18419835197557,156.0040658853778,163,230.00764578162807,FAILURE
85,9.516050141755043,29.197801637392033,11.724275563738981,18.72297951842087,282.5015598558033,146,218.96076567367967,FAILURE
96,1.8682892017234887,83.01219523982422,67.74959592648885,13.495027939278245,186.4957916022564,283,234.210009113585,FAILURE
47,1.918061985438404,86.23545010267027,95.05101522964483,44.35481016837462,70.21391091668298,272,231.83180937846907,FAILURE
48,5.910596258361429,63.12626921132955,50.98974703231719,72.54931766150294,282.7064213725898,346,230.1847973484244,FAILURE
68,8.319020424446862,47.177834333159595,18.125983524825195,84.24560221124769,115.30867419702766,586,258.0879432112314,FAILURE
45,1.1720855375835293,35.037542128292515,94.30010008739958,34.317890337049846,143.94943774773532,667,192.79339213310735,NORMAL
52,0.9166198133432168,70.87892367493495,93.86061941343321,49.21278215014646,151.55454203717022,358,223.90174374932815,WARNING
51,9.988209071890653,93.78318005947871,79.14984588404339,28.99179274230954,47.08696977741611,662,191.3833851665945,FAILURE
55,5.985379674562016,72.4702329294968,13.708445240479087,32.15449294637111,295.00011478295363,918,187.8819535501234,FAILURE
98,7.044900027767729,74.81091158529406,84.95406230969321,79.08323498660712,171.70191883731775,122,216.3960563559072,FAILURE
46,4.161319997994691,43.783432110661764,38.327107162635016,95.05119311130647,218.35759201195523,576,192.75214210020593,WARNING
70,8.448662032432487,76.58540496470741,42.11652962627362,36.06218150320696,270.0240891724419,45,252.58221557491612,FAILURE
76,2.3012512298317747,80.23196359194827,25.39848235485953,72.5315542795264,173.80659198384808,182,220.10258744719118,FAILURE
47,0.5266345061783639,52.573142694366126,77.43694523622767,69.7002023906106,106.68636722400066,388,251.78834511009433,NORMAL
50,2.1725849857478705,81.26056570201473,43.80389593677313,22.65929675779924,122.7158532824735,724,259.8201921495713,FAILURE
80,7.936608216832948,89.24798177117546,23.89306742022548,55.10245769286196,181.68177528575103,574,204.52899958928634,FAILURE
48,4.312467832008281,64.3545666876513,72.75392914405175,43.84853412665317,257.65429729928064,766,226.88686129321155,FAILURE
74,8.60222372800826,90.36471632733088,35.202282776992675,87.36544629860602,211.90361073179983,905,216.24024488153884,FAILURE
54,6.228237157994904,69.67039832702918,96.15616623354448,26.175559783834338,37.23522200983934,777,227.38609090480455,WARNING
82,1.887529790270096,45.051469386790046,42.93539082484473,39.73237783253633,11.033338428315023,722,219.5865984922922,NORMAL
47,6.179774355940171,77.84385800814403,69.4856079195554,72.37243463007822,32.42405840458604,247,244.3410182398284,WARNING
70,6.893410490952693,66.93708700665385,95.23680629263471,51.21429340059027,262.8631881242653,762,207.06917298240597,FAILURE
42,5.640920709609498,70.02965203682822,50.58852519646527,23.27593717522643,55.625951594996764,376,211.18531357467657,WARNING
89,8.04942122890566,33.29834467948956,91.19478840754438,56.308695437994075,110.39196083773524,506,196.88228245644316,FAILURE
43,8.904802960489546,70.47546444702894,66.54974588452092,43.3451366769632,96.86683880058112,690,242.12029360829575,FAILURE
96,0.9221038381292279,38.554911515258496,62.27266761804358,21.55933993303108,10.73221667943523,886,224.89626670103848,NORMAL
99,0.5399278952885866,39.973873028211514,38.74798146422526,30.25399625581718,129.77134505934507,334,247.70876278711242,NORMAL
96,0.9017952360680204,70.37640470943971,17.484209244378114,19.298235739193967,104.39033660606269,698,184.1568484104698,FAILURE
88,5.524622349403111,80.3307277446657,78.53435360753713,51.965068974322286,247.88703963839694,900,255.70452746838416,FAILURE
59,4.818747725391593,27.852799556003305,83.15893728937809,48.032611076952556,212.04827578927816,137,193.03323059537686,WARNING
74,9.86738114453276,79.97168026315614,21.934030840878975,75.87490797977594,44.71674285847508,223,210.34278465871046,FAILURE
73,0.44239549590406435,57.215947155285875,75.5087043207734,17.909272901755518,58.903478330387486,992,242.55764590729694,NORMAL
76,4.439441999996916,77.6496896761206,98.02524108419519,89.8118633524281,197.42761825063758,36,180.57897701756775,FAILURE
64,0.9856413973282607,76.76855412978436,38.70718987364066,93.4667391316109,123.3130829915441,874,243.18298017758895,WARNING
57,9.39932882752314,93.02859060723286,46.66321271886371,47.59329822018928,242.8209615445141,45,190.29301665471544,FAILURE
77,1.9358841540275462,50.3325001274368,75.13136698213327,61.01775218470717,224.2604244624698,97,198.253685950897,WARNING
41,4.26180042448345,87.66766811269595,23.20618606774242,56.36410368552424,262.16285093695797,228,201.86354291017074,FAILURE
77,5.9131450118815465,68.89131273326424,16.608875842109402,84.24605523896801,206.28035481069452,311,191.7663938351609,WARNING
52,7.126826694631059,31.31497966240625,17.866291279862562,57.30654357290575,116.1251475001289,646,259.2274321630236,FAILURE
65,2.791305305829561,52.64475221535227,29.606761245629677,65.67726688296757,149.47065186335325,554,253.76775516371364,NORMAL
73,8.851352745067585,24.595247700475948,77.76330270311638,58.83693064196953,144.4201721279301,695,245.21089901454985,FAILURE
53,7.813803289426656,74.54947116642215,51.09374046876033,54.29216814667441,280.5498833264357,185,236.02170143016394,FAILURE
42,0.6488237874928293,46.67414367038121,91.40126536207077,18.1614387787134,1.8091325753092629,45,185.35943728367636,FAILURE
58,7.122831566612674,31.189866476523747,44.30929529476977,58.89514545826934,141.09290331535053,40,235.5210163324529,FAILURE
64,8.421070117004286,80.98387122820391,20.636838364255254,85.62409786079135,95.0171442963328,85,214.66613253272442,FAILURE
48,7.913441920121006,23.453590789507306,80.98162420770198,24.75413331017754,226.44409853838678,668,235.40201418527715,FAILURE
63,9.533537116566857,70.0919740823334,64.52451643325523,66.58780252588765,231.0090844939412,589,189.7092696185298,FAILURE
75,8.755576635162672,27.400369645595802,41.51779499747635,42.92337002880103,236.43810572449962,397,189.12962609639442,FAILURE
56,5.156877743001635,26.66978659330177,69.53051704051359,23.175552034721434,111.23580193303032,793,212.72732450302328,WARNING
60,7.146788804772012,62.497015711808174,41.73880960717236,97.94368061357537,202.61526613875085,428,231.14258378824564,FAILURE
81,9.940470654495899,55.38314046262617,83.20254035275502,67.54949143372087,85.05525122060651,461,252.99625550916176,FAILURE
56,5.260926242563876,22.714466784176714,16.593183506379678,31.915027474554634,37.79557279701384,875,227.76222466638683,WARNING
82,3.114438475340414,88.23528483024195,61.98550231489536,45.26019715343535,165.82920160651332,124,216.1986961444086,FAILURE
64,2.5773927159055465,36.55524220360514,73.10063259606665,73.48960104409471,60.755104176291674,255,253.45683206660368,NORMAL
86,6.305133027832773,69.28763480651207,33.22113728685892,36.17904708441989,294.3382528568592,486,254.05177600337663,FAILURE
60,5.12282451149791,60.77257167477693,95.57820929132357,48.00093210243415,255.79740610887347,766,200.24366034701643,FAILURE
49,6.823596481223268,22.159422166755725,90.72267647550785,88.32043237442878,250.50829605465597,200,191.868223131023,FAILURE
86,0.3433930938049323,31.994373198530802,56.31267244760137,66.96234073761764,207.5416546478128,369,257.4544341560962,WARNING
41,6.1254950878214265,71.24651887356656,33.78177673806011,26.893003389091035,218.360191578194,923,218.6313007533276,WARNING
72,0.9277882411171534,24.267480259761204,55.004814418121,19.72349754616061,291.9499036810139,975,206.36604127246167,FAILURE
63,9.027152806845471,76.56144113098472,16.75301335226356,63.53707897770783,98.6420095836138,596,216.5919624256895,FAILURE
55,9.042353040604551,73.2495747713708,48.156971001269326,63.72154218964116,77.39780644377376,462,200.34614921530746,FAILURE
60,0.20671902170824152,47.81792954880761,24.380894400076723,61.06363877792264,219.98390046838784,949,221.83019496221945,WARNING
58,1.132946442606514,90.50980923732962,12.517226395572802,49.47024085506951,275.79111892753997,886,211.79278734639135,FAILURE
95,8.48920988496158,27.480602118689458,14.175183955881412,59.89818432601461,219.65946607881992,387,256.3556958173255,FAILURE
99,3.3439963719850407,92.94057789879263,23.778904890902513,15.34043841779426,34.3069259074862,35,249.24234369706755,FAILURE
95,7.833426351316138,43.423026265077425,55.21254624328638,91.52937664681185,117.11655565336893,523,250.11987132824385,FAILURE
80,9.023303693893071,75.96903271626323,49.845836153392746,71.12881352236283,134.896877336958,927,196.19854825928826,FAILURE
41,7.37061129732839,88.32225377901999,79.85351323787808,70.30155389843777,139.44430831912211,310,233.16435887377375,FAILURE
67,8.001835629683239,32.878462117947684,46.70993778121611,93.74872272958926,173.06028079605434,366,200.69719204813373,FAILURE
62,6.561102529327304,86.4504722431106,40.82275885005613,88.63756173293767,297.98035673284494,706,222.65922668034983,FAILURE
75,4.136076344829492,20.14067099059453,99.90109363512572,31.326856001087414,283.3385649767208,809,227.2084607770409,FAILURE
90,2.773845570723328,77.80932179118415,57.78163449293867,78.6885157656385,242.4734940112596,890,245.41440311907135,WARNING
86,4.011127723998962,70.15451653988998,87.97344542236583,82.23739602846891,56.19368704280632,159,220.68988218289445,WARNING
41,4.956532771532681,72.39704965125867,42.444514023284334,14.919480413310344,139.8585880245384,511,215.42683451373617,WARNING
40,5.778149291565995,44.02956641623262,81.58967194268645,80.34477995563643,186.47743674899402,461,185.99463799756106,FAILURE
88,3.268786506173258,64.09273558833911,35.04861368530389,51.115649580867185,257.07188469254163,194,191.4812884094798,FAILURE
45,2.2575777334057845,30.839647126720656,16.89662483230466,55.76410585899486,42.96691267201835,441,181.7096205167812,FAILURE
64,2.434879822899659,80.19497656088114,76.68491881576986,59.55331181004494,67.97370350089221,790,220.19673997740222,FAILURE
89,5.050204133887048,71.43907233762599,95.29297853731478,20.45561820224998,125.19873391207408,857,232.35953579102812,WARNING
69,7.0970212372735695,91.14074060193025,98.67921265718623,29.438614951649416,67.66221683227005,257,253.69254728921013,FAILURE
74,3.342935435438533,64.8907510036573,76.87284036117407,72.03397197306336,5.596033385448981,433,183.1324711528345,FAILURE
41,5.553709516632991,78.88627044954384,17.584611762167498,76.27595083854851,224.8819037840374,595,241.72921033679853,WARNING
87,9.613128621112608,22.314574495900107,41.48755703527806,63.86613179408074,48.017095813563934,42,195.86330448814948,FAILURE
61,6.629141115906272,41.86974026049567,77.90715503776278,15.260118337543211,228.97666140141297,118,236.9273582415861,WARNING
65,5.457693829482816,30.005692481805518,71.68357541789769,94.07260228927703,117.08193531108648,669,257.05672192178355,WARNING
76,0.8927149895088937,82.05725596552543,48.46962297386186,92.2341648612706,297.2842708560689,253,203.23812832681296,FAILURE
100,5.802632240322282,68.45257359697496,91.700228898268,42.56606755479055,201.0250323284406,372,243.3001899056905,WARNING
68,6.460739445145306,52.06820833719891,84.9541398082404,83.33546083904385,9.560659017768941,74,223.24126175579872,WARNING
69,8.480814660574637,42.53512981761283,85.1083606017693,26.460730619079285,17.70682721614722,686,198.20989005470972,FAILURE
88,0.8154642242973986,25.402496492664298,36.77402045389905,94.71845657846191,86.4075337071768,560,218.06424848673745,NORMAL
96,0.47897441055745227,84.28185486943934,14.255281616450796,73.19087944463945,47.19363418414561,605,222.3227319328783,FAILURE
61,6.749396789949362,87.60931684948513,35.805406194063934,38.70856838655304,33.23163108852455,693,218.6883573097087,FAILURE
65,8.734236711201444,59.71848872092458,70.51645177171477,29.845649418004985,163.72623022985513,562,230.34272305658595,FAILURE
77,5.90437038695408,92.20243135983019,37.81215582884835,67.36884181360668,53.25461521302316,566,237.4578691221339,FAILURE
75,4.778785386994754,45.740424464418034,99.30706843922574,43.9397374756091,204.29894114061065,480,224.96741396251787,WARNING
70,6.902172479234686,58.48485697116263,23.722019352385324,45.73762394167855,82.3372445513614,968,212.60543309784674,WARNING
92,8.182841954264298,22.719263615686398,68.03479768831414,79.70001739827248,207.37799764450833,747,254.14671514260402,FAILURE
90,0.5026049424767498,75.75727917741851,99.68303345353034,55.18796019149548,75.6889590993422,745,258.0815625110167,WARNING
62,1.2708045838653248,68.38056916763138,54.42276175659202,58.730357230351245,275.5804743918897,875,227.56612519691691,FAILURE
70,2.752438768802592,84.4023806227115,29.46389328772546,93.9840548276872,152.10219611923435,565,226.94394968037193,FAILURE
61,9.543003252212452,61.49605747137423,65.5790712911274,74.97054121619168,260.71780045294406,382,253.9827288076172,FAILURE
45,8.22011206077795,73.58865667399816,57.44993473591673,14.74603153797364,154.0584841976414,996,242.67192366194553,FAILURE
46,2.391676715898635,80.47755688016585,17.944151173195735,51.861529706971695,274.1464193571124,601,221.01083325078122,FAILURE
50,9.266857836962961,55.63204378840396,62.03773707684412,61.03636035548302,110.38940932978885,492,226.3605199507807,FAILURE
59,2.6828908871201063,94.8676499960047,11.099587465999551,71.01717658497527,132.45560527251575,791,208.81825792773446,FAILURE
62,2.0484818218883216,36.11250572930367,42.31887092564611,58.32439554211029,119.28195437136229,653,213.0837740662438,NORMAL
89,1.7131680222156442,23.502370965824287,20.524960197997054,25.695846977009253,36.56668666903888,89,225.52580288788528,NORMAL
72,4.081988428479947,66.6151474523248,98.72392797402084,84.24207567894108,135.57980507819542,559,186.0947630301032,FAILURE
84,5.993844176366188,38.978752778696006,16.658045461601926,26.09993265984173,291.9469671242557,603,232.0507936696094,FAILURE
48,0.6692318822754129,55.72144660228147,92.7769731295151,77.0668659428029,232.5902764359723,772,231.9020098309268,WARNING
73,1.2364023645647493,31.63437631987582,63.35488822115276,30.269077597858942,223.7453750829316,799,240.46561978358147,WARNING
77,2.4232890417452992,64.21504914828905,91.21204129755232,95.27046884004353,131.40934979971908,832,209.66247337857305,NORMAL
71,6.798541330574145,66.06139024469472,17.560845046186802,63.65169117068456,298.47487880593894,790,197.63432527728625,FAILURE
61,9.006555893665686,86.28681519757463,16.58747939331718,96.74140562108157,119.2133840845283,334,246.39263578786483,FAILURE
94,3.651506573897895,77.59133263407867,40.76552419599923,98.30762389482929,240.22391262284899,390,251.8575275136256,WARNING
43,2.21939160555774,34.5638933551351,73.7249984998175,32.23980728064927,174.07857003016662,621,252.92343378993468,NORMAL
49,6.464940799890494,45.03100541917945,86.90676373580465,34.611827999341315,220.40551726589243,450,206.6390217148524,WARNING
93,8.096258924442754,94.77234187473601,26.775342570817497,14.271666619763991,85.66290651343293,904,204.1288694326772,FAILURE
96,5.097033106781418,76.01027082028526,10.613555118926325,27.83879535473339,126.93126978272488,895,189.73802075608316,FAILURE
89,1.1855492506835208,85.07026899267561,66.22244593582829,54.034979020966084,139.66887541920465,899,234.5377457480805,FAILURE
42,4.578054282114055,89.2409056967435,67.8292329173997,80.21732597190073,40.95970178068821,810,239.3275471499973,FAILURE
52,5.240175546930807,52.6887447322617,23.51439947749204,58.56064881344495,229.00673310517826,175,190.97963700546154,WARNING
69,1.7600498118567487,57.81159049040475,14.733025249844886,46.20806022906212,85.40621981469425,379,203.90602060483548,NORMAL
78,3.245344519307313,56.53089663993783,97.84241509052572,49.49498978095117,142.51167710863743,617,209.64962768257354,NORMAL
100,0.7508731685048708,79.35614916996659,74.13098604979183,85.4379161246526,268.48100868797206,45,257.4846558324266,FAILURE
42,8.44171731942961,81.68718958555483,89.91464675213491,79.89061396747776,115.983847042161,520,252.31415538857868,FAILURE
87,9.174077170918352,21.475662392475815,47.10273755292131,94.4806319572943,7.102975933699626,831,195.9230528037513,FAILURE
79,0.7619454181505414,74.41968383593154,95.53548839222435,30.88845721359901,219.6998413047051,250,227.47242341862636,WARNING
98,2.795059102989793,34.242340092602745,16.471509138326887,85.01890741840623,277.579730163232,52,238.82001466471053,FAILURE
61,1.839509403579802,91.62794563527693,97.96408771390881,50.69185968996632,264.96308581065335,348,214.30378158122386,FAILURE
74,0.978609737191537,27.577331020605428,88.6256816037007,73.19973085141453,79.81766304471788,510,220.3737788100259,NORMAL
49,5.142487154768165,51.39879769150755,24.268496318013177,62.18680414818965,260.1471247708471,568,186.50396069801727,FAILURE
88,4.870431263115583,62.01218249679137,49.364074616003805,27.274982993639583,106.44136876114004,477,253.6436266207045,WARNING
60,3.0167446019702124,43.18763632109416,35.979609168233175,95.9722932497922,179.6189427373592,55,218.59762957032757,NORMAL
78,9.705493380561194,27.469099717213297,25.59148698602175,98.20050583647239,153.16117105264175,313,241.7960713317796,FAILURE
88,8.244626711358675,46.4426495596858,32.32192428077228,97.73125866633409,159.46069668303147,926,236.90908951998702,FAILURE
50,3.1886902344734325,32.32495917001835,58.55566405531966,11.961746617535363,157.2422616255501,877,250.14338646131128,NORMAL
98,9.449117054332486,37.55447900856173,99.43703318156861,35.966821811074546,167.92012325478848,898,236.94500939711014,FAILURE
52,8.692935647734783,41.350383329432574,44.284096256799465,93.73621788995217,117.72881785776931,958,208.22355876682315,FAILURE
77,5.032923105671932,40.8943692489686,55.93069244078649,46.821149151525866,55.662818664342474,83,244.2947680613011,WARNING
87,9.947667386114608,42.35562678641722,61.18872323668759,21.82228345631239,193.45435333147728,689,221.42285830386749,FAILURE
52,0.7336592126868413,26.958419983209172,10.112530273449185,64.41951045271288,251.35532247001316,24,188.7475342056801,FAILURE
59,5.835313911492792,69.78345051943845,20.01091710152661,22.509659909813408,220.476080398394,203,202.75754445857112,WARNING
50,0.6066729840282015,84.89049629460172,68.59537802502032,47.345066746418084,12.881942975471281,361,189.65388303855693,FAILURE
42,3.3972057646712885,94.71877425969268,79.78264442766967,79.30388971478233,227.54256963872132,724,190.62041237925385,FAILURE
78,4.035957126332646,35.30382862860814,74.76301506860568,95.58539068756342,244.07107310006913,737,259.018143442677,WARNING
98,9.819832883049598,51.518675417425,85.49716634497341,29.759742921623697,91.31464019455763,138,189.801572638003,FAILURE
81,2.6835995590164288,43.01782032839965,88.08404916776405,43.01673650127316,5.881259458311998,463,245.8276263473662,NORMAL
98,4.9439942386137,20.447960005542143,46.4633520675221,39.32487330837061,197.89641194318278,428,211.19650417826807,WARNING
43,5.813740382698336,25.887770369826786,81.84787317683212,27.171039642921876,129.51880163676617,235,249.14399000995172,WARNING
91,1.6320939683390578,91.06721799698595,24.338031661577105,43.50688266495087,16.761831269493502,860,233.4232207908589,FAILURE
93,8.05902139126172,86.88014196270794,89.75655450926509,81.01640769530368,187.59001055957935,543,214.27532808986942,FAILURE
45,8.680599363498095,79.91549809407978,30.71573061767147,25.227373209295344,99.36706579592175,440,224.3573039127462,FAILURE
50,4.499675440883603,76.42818129942282,30.201616475250265,11.97348443995012,20.28512709473507,367,197.3172783043383,WARNING
49,3.045752267454225,75.99394694317475,12.73896410238341,46.15384210774687,297.0922266909705,162,224.5565419158703,FAILURE
93,1.2242314586494774,51.74153400513984,60.06503632382609,79.80199179971939,198.79850879275398,111,192.910455763214,WARNING
91,6.104534126506861,50.53035377482671,70.88137565528814,44.95886735206512,176.9236796821251,344,184.42589442932555,FAILURE
76,1.4706069217803097,64.06967601864676,26.872488004430927,71.40543291740748,209.60750394160388,644,187.83841978131474,FAILURE
65,4.639388568320118,89.9919116461411,95.60550089484984,22.391167071173538,277.8582518521359,121,198.9334411048104,FAILURE
43,9.7337687777029,30.948334339508236,77.37728418306429,93.27312116247802,23.859187158905904,375,233.2428377069421,FAILURE
60,2.2866122537512776,60.580680382048776,31.184353322456104,36.60674673605965,178.06411184426852,505,197.53505592151683,NORMAL
44,4.044385810373747,72.74492217610523,77.74758030594633,84.97005413929651,222.88408608692927,728,233.16483883365564,WARNING
62,5.617938016387383,31.822342076155454,70.5467285010149,31.956142122958745,29.356592372255697,543,228.40280662658208,WARNING
60,6.926008752960374,83.23050658225901,12.290366906879054,45.91301401531916,87.73352461268247,677,208.06619198335642,FAILURE
80,3.494866820647897,23.986443699316297,85.82832757940396,25.249174433036764,68.17930472502445,719,244.25764142121525,NORMAL
84,4.0288475888577295,21.533581352605225,69.76889445747416,72.10221578567337,217.6220157401004,209,235.6835999222596,WARNING
53,8.56001001509551,63.6678370238896,71.04688355063465,51.67739080733769,269.99387210707386,497,249.7452576490286,FAILURE
82,7.1643415638530605,68.90490638099527,25.770322489341886,81.21093747783439,158.44906166357228,885,243.1409333951335,FAILURE
85,5.347422342951566,33.01154542998052,11.058258926648548,39.902756238258824,249.57971427550194,934,192.42966675058543,WARNING
85,1.1876411450844482,91.7288514467768,90.18946028213885,94.67191324740632,209.20832732814165,492,242.7205110057958,FAILURE
70,3.669984391622928,89.12065454943296,29.405273986390455,93.99524628617966,232.65337359819927,811,185.97972289081545,FAILURE
78,4.740507206790894,67.59749772835926,50.546127863698636,68.22559796852819,71.17776353016146,349,201.32131502526326,WARNING
81,3.242209753304248,52.407858614975474,97.94813755186765,65.50312665408103,82.63780624375596,410,202.86417376463737,NORMAL
65,4.344191104389825,73.92064170484915,44.69547608221822,89.55661928865099,27.188591602223777,674,188.84691128577737,FAILURE
49,1.7137331529100175,51.19909986419828,80.23425050190605,18.393211709842475,49.218129141932515,202,210.38362802883788,NORMAL
75,1.6528963031110366,39.87569093546467,45.1375709411019,95.44848568485607,30.84266606168391,155,247.26464120109688,NORMAL
85,9.944839824330785,64.83563414987503,57.215769567540626,99.55841539818945,269.8564374276409,150,255.68798501849295,FAILURE
91,8.865815079505946,69.00009944695466,60.63392405521371,40.47096287203575,189.0020400395033,334,230.36717203940802,FAILURE
52,8.148670137495625,56.14873331253678,15.777033561238785,25.499606637832827,94.58358823156104,329,242.4010736389024,FAILURE
92,2.7883844932652746,44.3941347401028,52.196067526325116,85.0891977755527,167.38753727664388,797,198.48064230139317,NORMAL
49,1.5106898111835687,36.24806263367528,26.476885239374848,36.82750537114454,111.80128425523927,758,192.93597283829212,NORMAL
74,3.414936324335087,67.8975160222864,83.06801183524814,63.10155794350148,191.37597819852593,84,222.2281290488461,WARNING
95,9.001736470072444,60.885995554150846,62.9741596806471,85.67570191062332,89.22113873948994,745,235.41782776012715,FAILURE
56,3.3065009491232877,75.18880053187735,87.59858737170143,72.92809014761072,87.7192370864887,432,254.05745766368693,WARNING
87,2.357148476745988,25.848922255916776,89.51628540598509,61.75840103298542,26.882162867120606,374,225.7633001540363,NORMAL
60,4.336100113642521,78.37726775341937,28.846334744747555,28.644751569222933,35.98214325603564,29,196.86960621986952,WARNING
87,7.168563597436296,28.797436602123817,11.117728934161285,77.46743783805634,100.17355560296642,994,191.4318589343948,FAILURE
99,3.2528446666022246,38.90657251600989,28.407006741812232,72.17055496061718,257.7894774410113,142,224.97433659666774,FAILURE
55,1.111090678974157,50.924257692106806,81.1913043146087,55.66699089838606,292.27937059487994,868,185.22579234770166,FAILURE
86,7.821504901047839,32.91368758618762,67.24310913811473,18.510852809949444,81.01459478716696,701,241.97646429643413,FAILURE
52,1.6524158939010591,76.11770320173628,82.26011651582593,93.23456937919678,222.97337581471427,638,215.180163372709,WARNING
44,3.2856934911846194,83.24256941570935,71.54042908899369,71.24075204931081,223.70374370340198,295,212.49708592964083,FAILURE
97,8.8274107185691,69.9382125188165,56.714143825761916,78.00935905174198,193.4323025699494,300,180.0926710232426,FAILURE
72,6.879377182925943,75.4107332960904,20.90404059233953,71.24198032516266,37.10326375357004,249,188.02637006785204,FAILURE
60,2.090448394463269,82.78638574423348,71.30203948609875,24.31670782980307,105.097453009156,115,245.66916373226752,FAILURE
88,6.209845514070227,86.25320388926681,75.96376845702147,18.50537749421005,81.3685304448636,523,214.18626728457747,FAILURE
46,0.04447820444201667,32.62287059353241,79.73779619153454,93.88222974535427,94.55699814094683,456,208.66601086111595,NORMAL
96,4.925600640711137,61.32618075752341,64.61953057506338,94.80026195402326,60.08595144157988,755,199.0447452973346,WARNING
44,4.951022542989795,81.72047351655661,85.76277585667009,85.96983041728102,291.71866471610525,910,195.7057528159359,FAILURE
79,8.776961312829478,63.54608637407758,52.48366651306435,94.80462442126591,257.4062071755964,892,224.23337637987984,FAILURE
54,3.905851801489261,31.486631748837226,23.599820811318555,92.64229500084599,265.18812395076145,32,221.65927717218642,FAILURE
86,6.082136674489973,65.86982652134188,22.94920807022251,15.09028488707727,171.44582890056577,212,230.94504733652082,WARNING
66,8.687852253615608,87.7314387107518,58.54235141844454,83.88372464890257,243.37156559262365,42,246.08945874863184,FAILURE
48,5.383626735441993,85.78263753431065,59.88298693920212,96.83180125397489,180.35490774004856,286,217.07808500278338,FAILURE
94,2.6188012996379673,35.42960209434259,97.89465700406572,53.38781601706831,197.3697555606922,466,252.6161396891261,WARNING
49,1.8556458168474987,35.63405549904341,49.57937783425062,11.68192176770106,286.26537480400043,973,254.67385094146277,FAILURE
75,3.979174834141989,29.05448518140925,58.734571080744566,62.201037560132434,5.61200896233898,223,243.8531475179702,NORMAL
53,3.708749703471046,89.08756916553484,31.06851215678924,12.808568948442979,157.7077723695655,208,186.04768641167072,FAILURE
70,5.214452106285259,73.6975493722179,61.29553474516399,27.82347345954912,184.227948494683,173,180.97510482821662,FAILURE
40,7.863626661384132,34.3122290033385,67.05608150501192,83.19347858970357,56.06644160965337,603,258.07929196159256,FAILURE
71,2.495930907042033,61.644567972497946,57.15110309852296,13.18743515466225,119.51790847788844,188,211.7970034265602,NORMAL
69,3.9758913503425997,59.4253192010884,78.56197609321976,34.244762092558545,161.17386051828143,85,183.0533325361209,FAILURE
41,6.3991186411569645,24.61498685256098,47.74759503386005,87.31128864037936,244.6283150443229,697,195.51507396637243,WARNING
73,4.064234888986259,29.52491056592464,12.922201675750028,63.25884228797028,59.05360771698694,65,188.5934537648306,FAILURE
42,6.8844078400018285,43.84422227816363,14.369152013021985,97.3289621816138,153.86827487424284,335,230.30235057367707,WARNING
73,0.12197636626052111,61.97879011197935,22.261116265736437,46.47326477833368,3.6862056078177474,193,247.62033359032117,NORMAL
99,9.553507757544512,36.51031934196487,20.842092847002803,51.242070056042486,133.18615859177103,297,183.04829883215163,FAILURE
64,7.474180329214338,85.82948549868519,40.2502069034103,88.91869990628253,145.0911115860549,127,199.88472184696576,FAILURE
40,7.005934889355068,53.01140821129328,34.80136237341936,89.57863534186401,27.02604449236556,335,197.30573645848915,FAILURE
65,6.613076325233008,66.60678916215522,10.68593162464539,38.86017281197209,202.89482857489665,981,183.59272340042605,FAILURE
97,0.9260329400858469,42.97199797883497,24.438900383903615,42.79180154934041,219.55028574220862,962,251.44572410307092,WARNING
82,9.312304818489261,48.734492170080046,20.658662637289208,99.96577662045401,195.8752208856757,621,254.6907179134265,FAILURE
41,0.34256951090236964,83.14370329083135,83.68084127065865,56.73984085086447,218.72886422851138,670,214.89568367135396,FAILURE
48,7.351326602376012,40.56125173660173,93.9483801245873,38.51162780021811,160.32674005097516,174,219.8805019538099,FAILURE
61,3.307986278860271,91.32482543132004,18.13129982430771,51.096183200415744,50.89725408553838,853,186.76198023154825,FAILURE
77,8.539229003511307,21.738095913404887,39.05397051089143,86.95396838145484,136.46623725524861,236,233.25382686527234,FAILURE
92,7.851428086762498,76.94107409881195,13.350433030998973,64.55577414406187,106.28671882979619,152,227.55917728351795,FAILURE
99,2.1791812555645054,68.01454877169715,81.78410836744008,51.31810938634648,175.33360747114014,170,212.94143874253763,WARNING
43,3.6663191001033546,45.831835912982356,50.54105979989729,71.04322082995645,106.44450230101629,486,225.6089769215235,NORMAL
88,3.82538485349229,20.063900921309077,35.52117951512757,46.93561899508333,249.96119817435923,44,180.0681901691174,FAILURE
98,8.059612899983062,74.54320809170235,11.562740260783112,43.0623925974794,135.64142125565772,749,187.00106439844006,FAILURE
65,2.6332493207564656,20.219007670801222,44.1006280677412,26.194917582837157,115.22086938035137,332,220.92782266154984,NORMAL
95,3.152063417941393,32.333418883936034,28.53414489281978,48.82935445611784,194.08945347017357,745,230.3873598011217,WARNING
59,1.997207963287675,77.36297117279395,59.597133578173455,24.95007629454594,51.958822346401,651,225.03530255204186,WARNING
92,5.39303777486904,59.53236689580034,68.98963538525099,17.885802077122335,261.62586305415215,665,219.63287959410565,FAILURE
92,0.3974151399694248,32.26963204538144,73.6968902040181,79.90166724924306,20.178558348881396,967,251.15735273022267,NORMAL
93,7.818447228975085,85.91334713547063,63.88154018024408,32.676462245167784,169.04386669676472,701,255.0274909166073,FAILURE
74,0.3159344465553726,72.0634952439404,52.46149331165294,89.63947451743843,239.85438063753168,406,256.9769847215758,WARNING
71,9.635827167912996,92.89145403933097,65.76534749013125,70.76065153441819,57.03637122521785,506,191.34756757235658,FAILURE
99,8.79039495724711,81.81607795297464,28.12380583031293,58.702770576804866,276.65524207600055,656,194.86533508610904,FAILURE
70,4.560757017686892,79.6343930597925,17.077544625354296,20.881975096600137,113.64033279465211,524,190.57467856893865,WARNING
86,3.124397505564629,31.36468558393323,16.214894905519422,89.69593853544532,250.72078629075682,611,194.33920959238063,FAILURE
95,5.214745767104594,29.071484921284693,12.106964080522182,39.74651535122014,125.59713771253793,946,180.23956314437055,FAILURE
43,5.922902949174284,71.7290530024841,33.94701106549092,72.47222935951297,290.8068615581336,649,234.76505863004118,FAILURE
66,4.4992391091613335,89.33653408415694,99.62505438223653,10.43992865380731,280.6742588453558,647,230.52373375090838,FAILURE
83,8.494601844861217,30.644055998764863,92.11047710706663,40.13846056748271,223.72032539497476,859,188.67991838057912,FAILURE
59,0.5061357752153595,67.48896532573512,42.06794136232843,43.733797486126164,71.84501592116209,606,191.18684794580562,WARNING
74,6.718878915029779,54.32841276073536,39.53041903693005,17.66074252752663,13.040016835755647,990,206.32316961413352,WARNING
66,2.805435445097888,61.09054215909678,56.23559723464057,38.33506721887956,95.62045923256835,877,215.39319892942274,NORMAL
85,3.910922352263191,35.45049346255488,90.79357804346893,32.77763842683984,277.20834499774793,539,182.38439957630905,FAILURE
80,0.8984411634812128,76.84627809302592,51.06733931114744,53.414341900005326,205.30631825095526,640,217.15461026668208,WARNING
55,0.4403983420006963,52.43156067536362,91.14156764253381,24.25861112634477,24.590833043486835,202,230.24716898043764,NORMAL
90,0.24179634862429578,32.54497410597559,27.006665573722273,36.788124344737355,109.75765513768496,903,255.18087740003938,NORMAL
60,6.894109896985974,40.36264034450139,40.40934109957537,81.96317949109724,144.98598234201643,815,210.05596445696,WARNING
68,1.0684610141980033,24.302374184692145,92.55028603101228,58.606518085655956,43.53355190989195,212,217.40181465039183,NORMAL
71,8.73420686286893,71.1969347701586,32.13261400916771,15.09492917048761,16.742408650243917,297,252.721757847499,FAILURE
87,8.809292407176134,21.029509619257798,59.37325774210523,86.17950974465325,30.916400286122165,870,242.6128728195884,FAILURE
74,5.387450713701806,27.32733488100115,73.7754247298626,22.366252428261582,169.42278348252356,835,195.9790244836697,WARNING
79,6.645120403669448,40.59036840814606,62.091906849571664,44.0582530346588,274.60829359688194,911,188.19149621796467,FAILURE
58,1.005378363988494,74.16085874254742,31.751395312238902,19.038581988967916,274.5106635354833,889,206.1460108534884,FAILURE
93,3.4911146492964438,24.414711967428953,90.79550158909133,85.76826765977837,90.91004183820816,920,223.04270169151658,NORMAL
53,9.823429809186505,26.004032477286675,82.08407953925901,41.09091267213773,194.78103455250962,674,209.41414310102328,FAILURE
72,1.5944595876974876,53.499740476865526,70.54956712661428,46.01071974842178,145.15774196373948,516,184.80531078594223,FAILURE
80,9.364953643194841,82.1989284649448,62.61932304537724,76.89962789524036,229.5930410399726,794,181.51471654832346,FAILURE
79,7.31380132700516,46.90295940209559,23.69950085111389,99.73972252482382,283.0771760735101,638,199.47693245631902,FAILURE
64,8.949526033004608,46.81952662247839,78.9852468176395,66.6465583675616,185.68775662512843,748,239.94876208662333,FAILURE
78,5.696907698768165,76.73689262663848,21.19712006062131,88.66486679385615,278.2114934002856,105,224.68738647334237,FAILURE
84,7.324679922150948,88.69069076307066,43.71322462625609,18.125780251546885,249.101121028161,466,209.7454603240595,FAILURE
94,5.2183939321552515,45.80153271866527,76.16009249703346,87.19098959099718,159.6333489283045,125,210.5898013034962,WARNING
71,3.3004184031371384,25.794914698110876,57.67064916493899,40.5126668083479,192.72267204574263,827,247.80665140479016,WARNING
82,5.315649637420164,84.57624633156378,57.96604728630228,11.064521961307541,260.2841561434215,896,248.04294700594144,FAILURE
93,7.892592487392768,88.55758370318253,83.75186975270381,59.79744796064575,228.19052753873245,22,249.86558502880246,FAILURE
48,1.9438255140198946,83.5418815027854,20.813686992180937,28.382950018504836,138.72509454360954,712,182.15936304898912,FAILURE
67,2.760671989887491,77.81013000491052,48.22660119429369,20.811394776853867,78.25278966525615,843,248.03908214166057,WARNING
89,9.597622551013028,54.810493099756975,41.45537162059238,50.311779117042576,198.42048375948934,189,222.87252306071804,FAILURE
99,8.312499026910277,20.97572130564175,91.73086766175801,47.87250611468278,235.96344354670165,154,205.21499216495033,FAILURE
59,8.000312673067075,47.0673288578061,47.23043062227925,33.29757231207719,98.9819792835928,896,214.41903157760987,FAILURE
95,4.068210310727517,36.00611690977941,97.26042914776595,92.39248331687777,228.06690853368247,620,206.88734276712916,WARNING
76,7.144108221884179,72.62999039568578,99.77369161477652,33.94649656646921,110.34439345732173,611,258.90321770558023,FAILURE
84,5.427848325869048,85.50094870263348,31.74308089678058,23.66044262279013,236.14677655710125,441,233.2912890018771,FAILURE
54,4.3147869576518305,36.06678603810075,93.23165868722471,18.964153283287153,260.3771619598661,233,235.79578947227242,FAILURE
45,6.918410006054625,76.50531808225904,22.961327524571733,23.93193965708167,137.39293515518546,642,257.5455917580614,WARNING
65,7.574559421810624,41.804206098634,38.42477931624177,36.16865866608951,182.01086061687016,896,203.05196671723277,FAILURE
50,3.958435813400407,76.21989141096326,25.015878381096464,55.43397482522333,52.09816369643273,305,198.73564958396474,WARNING
84,4.656743339784316,63.277949311460034,57.726525403854644,16.545455073648885,157.38837231376414,810,205.8909496092079,WARNING
89,8.448312646250503,25.686750162617056,86.46942289892142,43.29867181201229,44.48124242518168,423,192.6705420099008,FAILURE
99,6.025499972114541,20.651302981324847,27.233500739630056,89.01526946173047,245.31496454760915,590,216.25671698766894,WARNING
68,4.267370906899458,34.16387383244712,37.28329436851325,20.092609563107168,101.12156378603191,572,193.0615716677786,WARNING
57,0.4091648270188586,37.667231365313405,47.1904614141955,55.613748178245224,282.5824495636477,936,200.607435639008,FAILURE
78,6.261440882980932,41.6759056121887,62.39003098369069,60.34917847314614,11.673042400003602,258,256.17356720177537,WARNING
70,2.2223969341134566,72.94138897202396,69.37827773623344,16.762647596116885,7.319104709147393,363,250.64404812474723,WARNING
98,4.8253631122663325,28.548799670964275,42.51348639270839,46.284576239522615,252.32299974509553,427,186.32662204397428,FAILURE
53,0.5399643119049913,23.763999116598825,37.11625360970899,63.81286869298183,230.70500324543923,715,207.01968521489943,WARNING
88,0.8735941898699418,49.396792370794785,44.52710432406927,96.0422096423056,180.07917859329478,96,215.05311021809933,WARNING
50,4.878755217620373,69.11209872567281,24.476716731793747,82.66684310159502,40.621235660491685,381,227.35412689296277,WARNING
62,6.282254014756087,42.684015545955944,51.5067684740822,79.84362037304142,146.93436729876476,157,259.90410218601835,WARNING
91,0.8235487859468904,53.33522498537839,90.8597172166695,36.992467309109486,210.0888317644313,828,236.82525052012392,WARNING
77,1.0066174161432517,24.787828916905532,41.88531054535729,80.56787178168074,277.5653118791785,674,227.50230502236585,FAILURE
59,0.9850486559538507,89.68164244168837,35.91917211402241,77.2755604661277,82.12074021259146,167,202.66929526749,FAILURE
87,3.4284687970239416,46.9082484294443,97.16349587926186,89.08356188367185,235.27776022537756,792,231.24169207246376,WARNING
89,8.348130286565421,38.92926973441982,21.06653321204612,96.64933437220742,39.022314641987776,566,203.14242877453782,FAILURE
77,5.685163641844361,90.71956104674993,18.817183209282533,73.34317266221137,161.0468144512268,690,206.94280633131302,FAILURE
41,2.7368397458553364,69.78663393520375,49.24580697657138,88.61291264251207,286.1100708139471,142,220.28864999734728,FAILURE
42,9.371079669969278,44.95807688545294,18.418007053865953,10.650587999355638,86.35596836415789,723,240.56145647034654,FAILURE
55,3.175939739303655,74.90829838628869,66.97197355778096,97.02998658989891,208.96920546669602,88,204.25808209880745,WARNING
92,8.442016390977841,92.44219922734209,98.45685711789787,81.70531045132773,76.27297653840316,49,244.54400749863305,FAILURE
40,0.13366157693198377,75.29951799169076,11.036975457074677,57.4319416074404,54.92040622211041,347,185.49160650688177,FAILURE
88,9.797833942456137,28.351104360377892,79.03944635655796,95.53096367324947,157.2681794360362,665,227.98927510459504,FAILURE
41,4.219223829943014,82.58276492567573,25.890254288302796,27.707414820687735,31.12434785638283,818,250.18897471368678,FAILURE
72,3.945617922407736,53.86037011218845,13.80114124606937,69.8176583257316,95.16648121734795,299,242.75827312568362,NORMAL
82,7.136923867900423,24.834211217939014,32.68144653739934,16.52233285239493,105.50662505375757,428,194.22157369253895,FAILURE
80,0.6385506312380063,32.882701437481686,83.50002577024615,46.01468250597592,43.25322708979947,899,211.07412176658778,NORMAL
47,1.8623078628744327,40.69502671173589,11.635356490117045,22.04219024025739,280.75491357733813,974,213.87847807427002,FAILURE
57,3.6632664529118975,43.940452530765825,17.727696523131133,15.03266277068083,179.95206865570643,87,237.98831472114045,NORMAL
91,8.942033017763492,60.36510473941096,47.447255890346185,70.48770307542851,195.15217284275232,196,211.302262467577,FAILURE
93,9.910222304822033,80.08705449080148,12.728065811510806,45.549651160160735,242.85557470172094,407,248.48785048512826,FAILURE
57,5.117677602954077,35.02476532321063,46.85058596357801,57.86512180791642,130.43941502392912,923,218.37426892188972,WARNING
82,9.639460892065214,54.23263603896532,75.41821782617622,32.419950576161455,269.636076153027,19,205.91109131322756,FAILURE
60,9.520956083864109,84.33863847779152,34.431901005044196,50.45002645856653,192.746282965729,675,229.01711241294043,FAILURE
90,7.269152665979187,89.47663434827265,29.39887992419535,97.66800890872194,170.18264163639807,161,215.07815571464937,FAILURE
48,4.770698190764646,65.93603434840765,42.58923985814679,73.86083716418315,255.0194471211534,51,223.39671493375462,FAILURE
95,8.976450829095363,48.125412953757824,94.2125071714028,28.656573891238807,195.80275303744384,645,193.07037443135115,FAILURE
49,4.986001314255528,75.64112691787649,17.84814565852165,40.44286582080618,13.184504796360397,187,199.00539341781752,WARNING
42,2.232457512229218,76.27122450243343,52.87755374875695,18.513591448454637,229.73720836029122,145,252.24909412713754,WARNING
81,7.958506899695761,29.327125246439756,37.548013017073345,43.56263039437286,222.24551962023497,798,186.3073394379043,FAILURE
51,4.538851137833877,43.22704173970878,80.45109229679764,78.90907805958244,280.3560036434067,416,214.82562096085718,FAILURE
77,0.12671929819142114,39.35804280092295,46.8906547912343,98.12883575332252,35.84120658610429,348,209.29775474230206,NORMAL
87,0.6437532100677468,67.99932774975701,36.302679503638345,77.96057980794444,227.74047732748758,26,186.94521092557005,FAILURE
71,2.0856772479520025,54.55793257866573,55.30915947581677,77.54312491907285,82.93939444485912,330,253.1815845644686,NORMAL
54,4.209705423545516,81.52656792876448,98.80246794783312,67.64825624522824,182.2295686211839,994,257.793438820364,FAILURE
41,4.3578442281024685,85.23599676248939,69.39547056860022,22.75922611414306,204.3568726130049,596,259.2246775206401,FAILURE
78,0.8104152282080901,68.91061416207657,25.972607771650885,52.39509374579186,260.82565185681574,577,212.7068784912974,FAILURE
68,6.826727692822,23.824244106031585,76.09458499774212,21.149159579481317,119.92233479172333,717,220.22993661870603,WARNING
93,1.695081534111147,31.070049228925434,29.30706293849622,50.955435217375076,127.28700477538771,331,211.4964668900358,NORMAL
50,8.36208028708816,31.06362880140285,23.87667568689912,42.466608299085934,201.59414628448394,756,198.82553730038367,FAILURE
56,2.7310259593137554,83.80612725810974,49.1005473227558,57.19118101108835,147.51356010490792,180,187.4064672930564,FAILURE
87,8.733481590590193,92.06010627791466,43.02648013624944,33.91131925223027,134.23589933845463,868,185.14967456761195,FAILURE
86,5.182552521976694,79.84919587813687,34.92131308929176,44.42289369422533,50.006031567491,510,245.68935399685188,WARNING
61,6.761135152306972,78.61036974520115,73.04309164869224,96.20945449982823,84.5222833209274,401,247.14990219392695,WARNING
65,5.392295732219545,49.6505318785103,30.963679477131024,93.81994486613222,160.1504497260481,1000,226.8325587971437,WARNING
80,2.872952626755161,37.501335944348725,33.97311645971175,28.432320043865367,194.25611621243942,201,212.3181834064848,WARNING
97,9.053781950356818,38.587983305311326,10.836218099428539,99.52412148020073,119.8961218166124,291,231.51188432690077,FAILURE
52,3.3413385510025986,42.94024268616929,47.08981334484232,70.41423825997938,231.88894591604037,811,213.29850747995752,WARNING
76,1.8066612440416074,69.57840365459275,23.342829062617884,73.61052649990998,93.05594098931986,698,231.67629571280818,WARNING
58,3.2578713685307346,73.58351068634848,41.24331966392252,52.515640394648365,222.83011741945202,382,193.18029980550915,WARNING
59,9.90860153472324,88.79266791733315,60.89177795359504,78.45962329183828,173.95490211294828,546,214.53205472697505,FAILURE
90,4.529892457479168,94.4161641391956,67.22794359389565,82.19941276573161,35.312100062040955,640,254.72726411246634,FAILURE
52,2.1318739336834094,57.97932696115488,33.57546148556702,81.31027687518116,69.59255146509764,754,185.08159049415755,FAILURE
54,5.578685653493373,90.5908945269566,33.25472138022691,39.06932165661993,52.19490487939185,615,210.2856298347715,FAILURE
70,0.03129532550292469,67.08914330926964,20.61612254421017,80.1184863938879,114.96158611541152,444,185.28092998550179,FAILURE
96,5.9255468678080305,44.13609660418676,38.945822628281235,55.75731729585937,184.11472456431488,795,247.66181760372677,WARNING
56,9.074827293801926,77.67617193549077,90.38086808049545,68.97077399719655,60.95817303117592,351,224.27938551218614,FAILURE
82,2.5666368498575007,74.11115118525484,31.822936569557303,61.92165294665502,44.42724459347738,471,229.31324417940104,WARNING
83,0.3695685454779907,51.19886036457959,22.239676144570815,10.041395772460303,296.62910397465055,329,182.8025458777995,FAILURE
95,7.227036959867381,22.64920004614668,11.447429894811595,43.03625423603512,46.52395791816326,133,236.15681287390885,FAILURE
68,2.124236286456236,35.07772589427219,91.97213072179153,83.16847251652936,75.21262607963486,990,215.78815944570547,NORMAL
86,3.2215627382734846,31.298670880135255,18.789381764305155,81.65599183518289,31.307167977715988,273,219.57945962364573,NORMAL
72,9.719337976064569,58.96804867832522,47.471610074386476,12.261085531372139,264.3631803196787,663,187.13807062164446,FAILURE
62,3.7089726566379366,28.64136283188541,62.242828178933884,18.53725772780453,238.47908700129292,809,236.82616188421048,WARNING
70,6.071595040945167,30.621408949772942,76.92041809853482,65.18318441647705,53.687359486352584,400,196.42879431397125,WARNING
90,9.928394289564107,58.5709353551847,43.061604576939864,12.08110992815932,27.223291357697295,322,202.3360299446671,FAILURE
45,5.171517350812294,84.79782555072478,35.648147303011314,66.88462419419557,59.31877705305107,163,244.8395576335157,FAILURE
74,4.41515639213798,39.30289549659727,23.698469143527817,57.27321388606992,236.95259762333538,26,197.5721008847101,WARNING
88,7.141269903366702,83.6215172278882,95.00634427291773,25.905851773182757,200.20109747080772,911,233.10714103647703,FAILURE
97,1.808339345800929,77.39651295456747,77.59399700118739,92.55140643184194,34.153079263377386,227,217.46112061648097,WARNING
87,9.417657950211636,46.2008152932865,51.33717467784966,80.54400242271878,247.69952065262197,356,232.2693190159629,FAILURE
74,5.539188515911535,38.50474479727335,78.0534490408298,27.162963457021753,15.11861714775378,926,208.36100803785325,WARNING
42,0.600282056806456,31.10881519879753,63.78258344280551,13.848525999795068,212.17613286072907,180,180.16080511316304,FAILURE
76,5.607128808313045,52.91100658774405,53.16062870137756,98.85390659443092,294.63404198585516,925,245.49047241209453,FAILURE
53,9.149771538679447,36.88082539946734,59.18810992016762,99.51168556992893,137.49261829846824,344,204.1153631196379,FAILURE
43,9.385335058286827,65.05593873644634,10.98667132255558,77.41403603945223,103.45193096630543,189,205.1568093123558,FAILURE
99,4.600258813906969,32.71729495227952,41.29683258714253,20.665095841105597,251.97584156995208,402,196.8692987791219,FAILURE
96,3.838885896170897,39.53124318445265,58.56472952029083,33.114922784338816,206.89224371301643,332,246.8012706661099,WARNING
51,7.50872975018288,56.54529545823114,92.46705520823262,98.34883869077068,223.1463787059345,37,181.68614703621355,FAILURE
96,9.292053116196238,79.97954253080053,53.0431045051856,84.67399193727458,164.12639378220098,736,220.80593342268142,FAILURE
53,8.485517533147565,47.67417031742352,43.51976817596989,17.556207197586158,98.90590347635448,966,197.49696848401538,FAILURE
82,6.844859930929638,34.12241286224361,43.36344480474061,43.521968489478446,233.29364608674635,883,234.4791210122814,WARNING
51,0.8090334819720779,69.7293908040745,54.09305207018078,70.20744243446997,103.71555798595419,368,197.15942724307814,WARNING
56,8.626505725989398,57.92031675796777,36.92961802527626,27.762183265704646,210.29344284947675,752,217.29706706962315,FAILURE
97,7.457149778068025,60.660102871449624,21.20268000284536,91.50696193527135,253.6827326187265,678,204.98279246492905,FAILURE
45,3.23959184332951,70.82650700210912,75.85827808652421,93.25761525378924,235.4423864492452,994,220.50962069516822,WARNING
82,6.539833322174511,25.779897091242365,65.85882656442831,20.689366018929157,170.25905952775796,859,203.24533905835062,WARNING
63,2.884334172553827,84.21238139524608,93.76514793450882,16.791229224549205,201.5432286402452,410,228.07459235403033,FAILURE
78,0.5302242850343186,28.09249878929369,53.22131320480648,72.00537931763395,8.976838586505947,234,244.09491901608362,NORMAL
92,6.939794610111715,82.09531257003643,57.436244366418485,49.44894052342543,174.31387858628258,248,213.49571650941476,FAILURE
80,0.06776138042792645,56.510426031351905,58.46871225223267,29.505491686130604,99.36857521817707,845,236.31691514559103,NORMAL
65,7.006501035120395,50.79504866088702,49.469109716806116,80.34694421102807,82.60514900737779,652,206.200970162752,FAILURE
77,9.034535092734462,25.301344106931364,67.2419190182637,68.26216167945431,272.5886707956645,602,212.2738621947649,FAILURE
79,7.421537557951984,67.56588450380633,82.96344330266453,27.170669342015298,75.48208008896235,562,223.29807659693796,FAILURE
71,8.075408440491639,62.069886950377644,60.71623797133493,11.354155769879963,121.8395992597413,179,188.38059343641575,FAILURE
56,0.24991997441996538,60.834293284216706,11.347558040357605,83.24207786861355,172.18813717475192,576,187.99547053447748,FAILURE
78,1.695887524193923,25.623058509007446,61.76957540285815,37.84257059213205,200.91101298188917,556,248.49892786895083,WARNING
64,4.064622666117472,78.5678165675454,20.931702635810694,96.9223518437598,232.72478151385857,370,201.87268596816,WARNING
54,1.210434431841021,35.78506367150711,47.04197392890901,73.11613691339446,170.8215884256843,863,239.5361235791626,NORMAL
54,1.9743940759793221,78.14444142556442,92.5521923429214,74.15526395913771,57.42101400033019,633,202.52522710872051,WARNING
88,5.803385163727227,90.81808393722554,98.81399090460985,24.210400265197883,33.49983460084546,631,253.59093449287928,FAILURE
76,8.886130901319873,57.88870039070198,67.40931927213323,91.05606012626188,81.57951348261734,876,205.28995652542866,FAILURE
90,0.775090983291542,82.84164005636674,29.26298246874481,56.018783059822,275.9314795649325,723,196.10607677882257,FAILURE
93,1.5707462166839192,25.19792526396516,46.332786548917475,54.99824970652527,43.228026495132234,395,192.58622758875472,NORMAL
43,4.895560615167216,59.52436483694115,17.96581603207018,72.04394877226665,154.08365649841983,586,191.87180965760322,WARNING
65,9.595092958686411,75.18767582454169,10.974168357749488,65.70356132347435,25.17497323024602,690,229.9629303115094,FAILURE
44,2.3263787009142844,68.21641220858561,67.0698678900012,78.6422571205256,93.1544560458585,845,207.2386583068731,WARNING
98,3.1315555570352704,87.03394716832759,85.47704313491026,93.75000189732214,233.49732052035054,196,199.57372755552697,FAILURE
71,0.08296565774355447,25.170133486054908,49.60252512352907,74.39535423932217,13.741334427066743,271,213.6123295526989,NORMAL
69,0.7429931097175024,47.99686289540031,10.69828125769493,62.75027499910305,226.69803761149078,189,240.18295604314665,WARNING
55,0.3724064138445893,71.46923909846274,53.80636505439069,97.81732900484212,91.73178598784688,703,218.47882132106554,WARNING
81,3.335338335806229,66.27069393784569,76.43089385370048,18.997840566832156,30.64371934993713,712,204.5128433631634,WARNING
45,0.8939299920647814,86.35826031817895,76.91889369697886,13.857139436126094,161.96710084097333,859,194.4921772478513,FAILURE
80,3.909375822220851,24.806963797021293,61.74857796244739,28.700598933497854,79.89957865179575,426,254.6712839978897,NORMAL
59,4.960706118109783,49.52413944896158,55.74203177694736,28.516936497261867,4.370703434536672,873,183.4254833301401,FAILURE
100,0.7776268262802033,25.009995553543337,55.67589237185206,72.86054102039654,149.39289620475407,849,196.29552226627467,NORMAL
83,8.850799110081706,49.634922679935045,47.177319223226064,84.86563822742595,4.531834085549292,791,217.14794266761118,FAILURE
57,7.599874323273327,77.39832925535603,31.41430102806957,24.098301234925678,57.44963992438946,561,198.69916388276687,FAILURE
41,6.4691141982664515,60.63357745047515,84.31443086639462,43.32013621318894,119.84406785523159,550,185.28353498425406,FAILURE
73,0.5821424868175906,66.43534464321027,74.94698488375091,21.782031753880172,202.57808461584673,349,209.19466856183112,WARNING
57,1.5240418454831506,25.40307054124289,63.049488344448065,86.66228599556653,198.39349342758788,311,254.61932122937424,WARNING
63,8.395594015500565,41.78544363470083,45.700841027545174,44.302919242233045,205.91787579852493,719,201.52371318993357,FAILURE
58,2.0103318446996,92.96669669312253,69.90506314091267,28.347333114924975,39.335939736322345,396,254.07766370077854,FAILURE
97,8.296181776199058,89.50567949480418,62.06238528863454,35.143975472720626,83.60706251753868,303,250.08194615281045,FAILURE
53,0.9922045072605568,75.60192457418047,46.77793445235244,77.38967501868365,25.927705982722866,295,196.69467247368073,WARNING
44,6.473079948304945,47.909035973003355,38.801448268839565,14.084105221577758,175.54178384060953,165,235.75008500650802,WARNING
84,4.038381584941341,67.12531180046108,58.23614106449779,66.5707754497371,166.09683022683112,616,252.58082136120268,WARNING
100,1.660776180609489,22.546913670405242,52.34282504018804,68.85915043324313,248.65235564975617,189,183.19604698789044,FAILURE
68,3.4734729016266277,43.01942030635676,72.88905335801289,96.87921749260892,247.49075021384496,602,242.75967949871358,WARNING
72,3.629448117145939,57.553821492367064,69.82205462532315,83.83964094425212,171.579560475835,851,259.0716842180693,NORMAL
77,3.6054158959220697,56.209710535178445,49.849915548789,45.10206229609405,36.78116709919695,353,184.59619028011818,FAILURE
43,4.840982448213202,33.44162455916208,89.51148156791547,83.53867077691166,278.74398563695047,793,247.93108966655024,FAILURE
100,8.066898463176262,33.60464353479427,17.397733710320647,42.557411277472546,97.04645479755594,337,254.82100257831468,FAILURE
84,4.19635830319387,29.61373648926287,62.509584690550746,42.21761675195527,71.9518094790828,776,206.55246875608088,WARNING
78,6.202298132688018,29.328305833927793,93.68083242535937,95.69392356896073,293.0620279151301,913,202.1459986135622,FAILURE
59,9.25502628105679,91.05102281889613,51.01969846980453,90.62580289736358,75.7534406869295,195,235.4016425968305,FAILURE
94,9.618580384219857,60.9437107647131,24.244413804248985,54.19312114132511,182.25712887389875,325,218.93933573792972,FAILURE
92,9.959838321769565,74.05509829758145,42.76167678363468,93.36863406863684,277.53785706981023,59,199.98783905471953,FAILURE
41,0.003435755033276422,90.78935180988448,46.952747425636254,37.431933853666656,154.47913581723813,529,203.66324469709667,FAILURE
77,9.126200408604092,86.96576716889213,57.1666935167554,31.56919939223071,274.7561935446685,350,220.47118779990745,FAILURE
48,6.205916958324394,87.00145948675832,35.98642292627957,54.81330308664218,96.4071153770897,756,185.20062650498028,FAILURE
59,8.241097838706121,21.17070331083491,23.540986728230536,51.99186652723384,215.11054454063697,82,232.86865846946853,FAILURE
89,2.5523535370682557,54.2430023053802,64.85118181596923,67.51772635689565,67.8785042227689,602,227.76401980874238,NORMAL
61,8.33609807293033,54.419486902318475,78.64593724998682,12.145186958814943,175.91952588396197,683,246.86182870806917,FAILURE
90,5.30199282746854,88.25358820361173,38.70572526355815,89.15690641912663,15.861179308757377,56,244.236242628404,FAILURE
42,6.123366140325923,50.025561283671856,81.57599379819932,67.83077382868822,204.3344478740867,408,200.44589016495542,WARNING
66,2.403367655002863,52.04405176829132,67.24888504878948,32.33641712653438,130.08401530244663,875,237.5278700952463,NORMAL
57,9.736605882090002,45.35203382863351,94.84746930492273,62.55472211470832,36.86132480361344,638,242.7208621589071,FAILURE
48,6.581569131679215,37.8808021358259,38.336152145630365,94.80733579953352,138.30715684644312,944,189.75912196737556,FAILURE
55,9.804364623462432,68.24317196919338,47.535782568837426,30.51663311452397,289.4159821826191,59,235.350925504054,FAILURE
47,0.23414374079881228,25.41963988955216,96.31857373329314,64.7476081093312,253.7447873134671,175,254.41605741298474,FAILURE
87,7.3831963856574845,24.099094451406362,98.2073469159538,20.99467377917968,166.3208523533133,357,221.7751938092613,FAILURE
44,5.668074819898102,33.69941394679878,29.685888105523507,11.17960735038976,82.37042168693759,756,191.72139808177752,WARNING
65,8.260356446430254,49.156272207953975,31.850730435961644,52.92190279317155,260.77443148239604,561,208.19534177752777,FAILURE
95,6.726896447223116,72.46719696553232,61.67010744989981,97.36003254643266,30.30983222248738,562,233.5691967599529,WARNING
78,0.8891283366410541,33.4003157288106,20.648455908578683,88.75988950190835,61.96597225787027,526,181.08308542279886,FAILURE
56,5.148653042985936,54.513782165777954,27.11021771553769,31.086700548432713,210.75988632308844,575,207.22200523378575,WARNING
74,5.188219837469159,43.705980048552064,35.36919835467957,81.85303025162241,261.42182748560407,396,229.91452122715532,FAILURE
44,8.23895533022556,20.347855061464365,14.545684068477541,34.38746330182565,66.91179589964494,101,252.44848651746855,FAILURE
98,7.5453518326431634,81.29659453764765,33.767103146917385,96.04248810757697,189.02499358061232,373,199.0147225736124,FAILURE
45,7.990954641007665,30.50902056091816,57.296518636642766,85.51261518770542,141.96482474431667,521,195.12940945332133,FAILURE
40,3.6039061842936624,86.48902262537995,44.98583167039292,72.29161969958541,1.2232604583036553,73,221.70245489202537,FAILURE
79,6.571504913403034,40.88245346311173,28.862247547635157,28.799603520677437,208.6004358454425,138,215.51092231475985,WARNING
89,0.2388980925189943,71.07387600589132,41.01314511740484,46.18962294277645,252.55841895407104,382,184.45647845257295,FAILURE
65,2.1730932728188557,43.55307274429491,49.44226242554347,26.144891329838973,73.35263361364433,497,222.03199706441512,NORMAL
64,8.873684326994548,68.09840942181444,67.43767210807323,50.0146709779771,294.39452998943887,492,222.08836680356316,FAILURE
47,2.5998573921010526,69.92858175675048,33.482134610169425,17.778714218802698,193.54279835783666,788,211.7442834318153,WARNING
63,0.45990958517757696,68.81779389114783,42.152628607380414,67.66604032770019,57.893941523285086,630,208.23469013690453,WARNING
74,7.125119482304841,40.4669591320763,67.6301093367941,69.4473339204562,184.393398852995,659,219.55374315733508,FAILURE
67,7.93093675712049,58.59662085662942,51.44785164846176,87.81165608829734,175.16510888432123,349,257.8192171856317,FAILURE
55,3.0393715293744084,75.2537550371355,78.26098019457895,36.964596922806805,121.63559604119645,752,226.64309981856763,WARNING
58,1.8679964373422753,63.40052967240257,92.28073251718196,25.284119638637947,211.72050327681276,561,244.43508749295108,WARNING
43,1.5766596385323606,22.906100645686337,20.46155726717747,52.272349330907,56.0978688047946,230,252.15187917166486,NORMAL
98,3.3555384585129575,87.57376964286047,76.52512079556111,80.65288139411955,287.7299748189143,96,239.36861043395155,FAILURE
55,4.866574866018335,34.60985185318029,42.03330976563603,22.82205491364405,173.4300705977093,87,190.72397845859348,WARNING
73,3.7156373803162843,21.560838269247252,35.01029844247288,95.26481783953183,240.10520245901873,767,204.36640292946964,WARNING
46,2.5044759371524306,93.5600150271796,38.932795021914984,56.36314543762597,258.25865336857595,617,235.3505581899635,FAILURE
96,8.052442380453543,31.40122432925517,38.48547223815095,56.392304874507,93.43920825759018,518,257.4860969364089,FAILURE
62,2.0019263234261575,53.550923357382324,23.522138598209256,48.75306314136529,204.8997221300551,534,259.45884536437904,WARNING
71,3.651914388392007,40.91458043699855,19.14234858719581,78.45619558681341,159.74796583293772,264,208.61869054809287,NORMAL
94,1.3654189698241614,83.67831197635985,73.1431207451938,16.175598563075482,52.197033105382516,374,238.46376190016898,FAILURE
55,7.924710868841763,24.15315544863477,69.60228650628517,74.49505659510993,167.07634022735738,49,240.68047964602346,FAILURE
58,3.1582374073613897,41.46173190462012,22.973096508591247,69.8579443402568,295.07031828599986,49,246.68663091665394,FAILURE
41,3.814891649763995,84.42238930665123,84.29073737819108,98.3102621664849,279.08958076075373,50,208.9886874343989,FAILURE
69,3.3985751886932904,53.40239030709767,40.800538228802395,92.95204225797079,7.850392745454328,880,244.40169425462247,NORMAL
84,6.562914372795064,58.282157397931165,78.00796814969408,75.62289701494598,252.2677347855269,970,219.82964560845306,FAILURE
71,1.5123789351658579,94.04854023608154,64.10931553488086,99.84740863834367,198.26478767881116,970,231.00469641719434,FAILURE
43,0.6476198719053228,34.93879011537554,89.27610923377983,66.60036616246086,226.30589909900053,304,213.608755557763,WARNING
95,0.16801802604203497,67.66095390023926,85.84964420356913,60.74841846163689,199.7101989268981,849,199.2533341388044,WARNING
64,8.015172123399742,58.15446026582623,41.24820296705351,69.79012166940706,228.24155193467607,992,199.49466038856193,FAILURE
97,1.6031934375595691,90.98475660223494,73.28245865471659,64.65525523125393,62.12698586295101,125,259.1352966103103,FAILURE
99,2.316959488345771,40.463431516217895,55.66634982707049,33.37394648204578,27.484681614302605,849,200.03717766613374,NORMAL
70,2.955155568468623,68.96491972511456,93.27760980112144,28.923607477157425,50.69632936065194,441,233.8031696106278,WARNING
87,2.84675673482909,35.28624572856344,55.89561788723105,75.63379650853096,99.64173160920268,997,224.97992910710627,NORMAL
65,4.782165780550351,51.50427097207175,73.80732562763754,52.57482442730539,198.01708924301272,13,201.79063002009542,WARNING
84,9.099930604511535,60.99866710418318,17.843649241688695,85.18327518155125,219.09089063587368,869,228.40662213095106,FAILURE
65,9.13031180665626,32.26018365857976,68.31521720990833,67.01726080537775,274.1172462093198,999,234.23208991128092,FAILURE
71,9.153672599051996,59.49886414187935,76.63513238870198,84.38074076199497,16.373640329914984,371,243.30718529948132,FAILURE
80,3.4991717254881802,94.9982926437179,71.08265287648202,82.0884622042801,227.93361387189393,335,191.65772974549884,FAILURE
43,7.725913567139563,67.65815050547171,22.744770091689503,83.51606085082878,267.18990760063025,329,204.86135980299696,FAILURE
79,8.064874530488064,38.62911450230317,61.2253762968075,35.162368751481814,280.16721860621425,316,184.9385153605407,FAILURE
73,8.276198878482772,29.627806386902513,80.818153846719,33.82910821733048,114.2327367028786,959,212.39408718564786,FAILURE
98,0.41699371480538705,91.9748805743383,87.32510693963556,13.923968866838749,51.92231451622719,870,257.71689042122495,FAILURE
98,9.324476360025766,50.107410995708186,91.41664509713232,12.762089025247123,286.1352716978882,871,234.03576555711822,FAILURE
55,9.175776283000111,55.422417926323085,74.47698207242684,22.04738655745829,173.79610346104084,28,229.4859006486805,FAILURE
96,7.835136472853218,29.96498443396146,46.76845990797313,60.82019820961506,38.06101855461126,291,180.5308692025193,FAILURE
63,5.489770138438922,52.96151633543898,11.066442571054223,91.846346658521,209.00265477180798,519,226.11647939199813,WARNING
96,5.512248855431865,59.23115531810795,13.433353564785488,26.55801511841647,2.039036821264807,839,242.50297575629412,WARNING
94,5.220122717982504,83.91010734629431,21.924220491598227,26.62308313237696,2.3240422932760048,851,257.2049315319897,FAILURE
52,8.860895869345695,48.581128494041124,99.35140193751879,98.71812422663308,102.04680340599245,514,185.75419533817148,FAILURE
89,7.519593988164139,33.16896567164166,83.47512549219046,64.3060363243543,237.05689016975688,989,229.30227044232697,FAILURE
73,9.66188436477696,27.790152080147525,55.1714041855567,49.92031386535704,219.0592195751445,469,210.7029343028102,FAILURE
89,6.529367646177699,53.498040617025914,18.870856156048003,28.390931979320822,29.624264481355315,300,217.88836311942174,WARNING
64,5.097137922983296,32.43128752622536,25.66200979025914,53.064564687461576,134.52763844641828,892,194.28249713307497,WARNING
96,8.728450133946689,39.477904110306284,56.85537258925454,32.59428743750095,276.1889059941696,420,186.43766889109617,FAILURE
78,5.07102233788037,70.87359166133548,83.2866256836897,26.842051642702387,106.85809556987266,61,213.42721305857248,WARNING
80,7.473844545944304,43.28324010152636,80.53293953512089,93.02291585248058,228.9671920910085,625,215.01012387383477,FAILURE
66,4.09198083307931,32.694247420325084,59.85929216797871,11.111917817075165,88.89733632658066,758,209.55717347154948,WARNING
90,6.874706592383654,94.70291116344944,94.02013108505497,38.99518029203543,182.58120339104363,371,242.14506734270114,FAILURE
88,8.31683073957501,80.92571082030193,81.41575833066183,91.73670377774424,147.08552853635626,717,191.95869719742353,FAILURE
52,3.6295388657105176,59.989416750290275,29.952157662620035,69.1035224726541,161.40049835147872,191,242.95137900787972,NORMAL
63,3.405399601228458,30.262871552538428,99.65589541252177,35.99627107196592,92.27907882954807,701,242.6104866926987,NORMAL
92,6.196588661183902,21.28007843853913,75.84439850664691,90.66582923060474,216.31870791297874,102,243.52623777003615,WARNING
55,0.37324675498068505,75.21976653060375,93.6552454160121,91.35103363763304,164.4013688544587,481,180.1052535666016,FAILURE
75,7.12849165694288,49.68022376042516,96.56408628681405,71.5513288397791,260.94097413566544,48,211.5359022845333,FAILURE
80,2.6734042446080384,34.86359525658254,98.29241322129985,47.02170021106043,198.98031123219982,30,202.1900937601904,WARNING
81,2.0878690371783515,54.3403082974616,61.59045929211938,45.13602712145002,266.3582687594224,259,192.024828570283,FAILURE
50,9.181313030926242,34.475689927869894,37.49772122315339,86.64405736431834,272.93319266994877,922,208.012280780799,FAILURE
76,3.6188366484459022,76.99256257258642,98.47068635090973,48.51291387524637,223.54490226759822,688,220.461252813633,WARNING
76,4.11856309847478,44.63423441414196,22.26759273921534,13.128533439631376,211.22321595923748,645,207.81296428399202,WARNING
54,0.2957537088684248,30.7350812603585,86.27215087580934,64.34324203942451,171.13111785899775,776,259.39909416708826,NORMAL
97,2.9645364380453696,32.07435211681305,95.86393451303724,39.88470867799002,223.46530068679877,102,190.32594736035966,WARNING
59,6.379218152156241,47.208728813882274,19.914062942722065,21.16327389227343,145.29660588786356,445,242.25857090757677,WARNING
85,4.526120958234843,32.22855602339027,47.71685829094216,82.37218975311295,76.30626668314586,372,250.72305100382124,WARNING
85,0.7619925645563996,45.94874169642323,49.662951991893706,70.01530960743659,45.799917983711886,26,225.97453419225263,NORMAL
65,9.528917136344003,67.33992318677886,68.80905206499278,66.47848073925748,175.9173837438821,808,214.1114767173005,FAILURE
94,9.715084674365704,85.22330296321284,49.70401422451668,12.88885574179366,233.13576933244823,266,239.82629216529944,FAILURE
50,3.598337457838828,76.77203744768953,34.82796070797475,59.23980356196081,228.76018087535243,667,219.49328017649663,WARNING
93,1.968784654951714,37.93939771353729,97.30002910883006,78.7804570378981,188.7032844200503,887,199.93036572240675,WARNING
78,7.8055534255287204,48.186526903711446,76.72688320656201,10.354677428964026,157.22328139245602,494,239.3112260569582,FAILURE
66,6.188576434527339,34.012303597221255,28.709641066627466,84.1714361285882,100.04610979651618,502,249.12530867092417,WARNING
92,4.66383711294026,37.31906973168574,42.69689765584146,60.72629903296861,203.30554407174262,215,242.5685370439432,WARNING
96,4.084249704917151,53.03783344681063,31.568457507569878,42.88581436775734,269.97294930140436,701,251.01672643824327,FAILURE
66,8.36414363192093,58.745779257966184,47.4668955213253,77.10777790390178,64.38564479879672,914,187.69214869303417,FAILURE
41,6.816774816138334,25.945186832404026,15.653826239583635,73.50860892503825,23.828418255411524,248,192.93813739188633,WARNING
87,4.108351881665499,79.67323274692427,73.15228261794704,30.191916193428646,282.34466595443405,132,207.09070558450412,FAILURE
76,8.125247294488931,94.22553382024682,32.007904701624405,58.88368167162175,120.9563214207249,343,203.15386046773858,FAILURE
52,5.138195177941778,27.940613155494876,16.81277045051246,73.2091144196701,91.42720923885413,240,188.44376156545684,FAILURE
73,0.2854272494348786,68.17183315711841,20.416668011106562,48.06429467323,89.4222876878579,914,244.0719014323142,WARNING
54,2.2635085196754345,56.618862182966375,95.91171340237086,73.0072878445607,77.9261240778517,213,207.88241157808108,NORMAL
100,4.270592915294422,49.37061821388801,29.87623873686867,61.006125036593644,224.3451910028004,948,211.85420710404432,WARNING
58,4.477190548790161,38.65928910014786,92.000545952102,72.27988851685666,267.7189538737351,166,189.2775110214269,FAILURE
54,2.050347761618807,92.13965808232227,23.814305893159123,87.27617208904879,24.79273215423908,259,206.09076358683114,FAILURE
40,7.624154732913629,58.148581656888005,86.11281259453179,25.398968341266247,153.82500683876182,930,224.37869896480456,FAILURE
89,5.290686000145901,27.073191979195954,17.165108810710418,54.05919795954228,116.69580373159707,543,212.55870951480307,WARNING
58,3.5964106807955245,22.736344956063935,39.80799873232198,94.42670471170969,117.15016374649464,926,188.2625705812851,FAILURE
42,2.0555125913558125,43.71665502038837,57.352871034343565,17.906444327965424,251.44598907359932,739,220.0476545157402,FAILURE
97,3.823156651317764,31.592585058380728,81.19763046582031,96.11555874832094,33.354469000684325,312,245.32300062599873,NORMAL
80,3.7593284369247804,57.60926263204246,42.81266088172447,93.86940305280174,276.62560466105776,913,187.79522791592564,FAILURE
43,8.33456591920317,53.300479652443535,14.333835391559887,79.4604280216168,213.15638088329055,393,221.09802139797617,FAILURE
94,3.49277714287473,56.732094579115,89.19022013748086,62.889635923347896,114.48133051415739,100,251.93693575810494,NORMAL
56,0.31060766974856713,50.57412061205749,55.772751719318116,64.24310534132283,83.21823674329656,26,250.3639553584926,NORMAL
94,6.827489589634848,85.31188778146594,46.033536024386876,77.40430371724132,139.71174153013231,545,255.63690715036654,FAILURE
67,0.1283621899608267,89.08550929779531,39.73625103111979,38.22737725361462,67.57492505551197,486,231.6166408918656,FAILURE
92,6.300213508815149,66.50281991755591,92.27227760489545,70.41141529965861,215.11820596228358,765,228.8998553731567,WARNING
49,9.712632564068787,92.49711390298532,32.73959825966476,69.08152009168518,7.251479984616464,648,223.6368003791938,FAILURE
45,9.860049110494757,25.427044769785585,10.447829022641146,77.05734489673188,30.1305373430431,439,194.5593227918881,FAILURE
43,2.5317267493674867,23.857236515001922,86.91437853606361,91.66878943765153,143.40094462918094,710,193.1421525678593,NORMAL
57,8.161938373295293,34.39214117419152,91.62813571110054,99.91998727609291,256.3073070190569,799,237.42799689606133,FAILURE
100,3.9455157857549414,72.62264691108537,57.6860237384499,91.57955968475501,179.91561213068854,54,209.30460859235419,WARNING
71,5.762685778741782,65.88315155564476,87.65287028988278,83.15519334560219,2.0429960868922734,566,222.53303170930485,WARNING
92,0.9870461238580164,43.21164645281712,58.857134538168,91.81945067609493,50.805881822465544,176,206.66616041936348,NORMAL
99,7.7562932350785205,90.27363470432509,68.72025447131165,70.16740824722149,119.63293645655286,57,204.11895172176418,FAILURE
59,2.4783248362125656,56.76261049721509,24.236539054081028,65.1103040649964,15.897627112616432,489,205.17427333107736,NORMAL
44,0.9613412812053423,91.68100140063991,46.695103578962616,96.48250252931305,18.36625675831442,589,229.38347596426004,FAILURE
69,2.9172437003740823,63.52982333966067,37.110956379532645,84.25445738948146,260.9521112382036,341,217.39600629724555,FAILURE
71,0.3135692149178604,83.65222983808872,75.4765503821275,38.59034087493457,73.76376189200006,678,180.00165643352807,FAILURE
92,4.441576925247687,61.615815382697605,43.748561050128245,11.747657608406882,267.4899999843289,40,210.87239724604532,FAILURE
76,5.055748673299291,77.20471877031216,96.46206636002489,76.32162576806657,166.00060943994268,920,225.7520567359477,WARNING
99,1.0457731697420725,78.65055871073442,20.523052300386944,34.13818043287789,193.62758093402948,880,238.90550337487232,WARNING
94,4.771943001805418,45.76617848129684,48.94192949315011,83.71836517065567,46.10007004651434,807,207.37810945020806,WARNING
84,4.5035329714784,83.90016685384347,46.768654920400486,17.372312547224265,216.37177407199724,493,187.17956984972048,FAILURE
54,3.5915085777869193,51.95502437849204,66.08951462822213,95.55602548588311,54.249370305929624,758,221.9936031319633,NORMAL
98,6.21187282814358,66.45203036029102,59.74555199534599,63.52505256146379,23.964526999042757,396,184.99697727011218,FAILURE
46,5.231575304153205,34.99370424082014,91.82519707763916,81.03765774469926,96.01150956535606,471,194.50620591395506,WARNING
67,7.272595563168682,41.24570183991989,94.49703287735474,62.38054876520036,114.8659653946196,848,226.31730445648475,FAILURE
57,5.803564020517674,44.53529971248891,41.83344872658596,92.86009769897986,182.63221039336824,352,184.5581806418314,FAILURE
75,2.735394718234667,92.37983528113524,92.92167199685956,33.138938836096926,138.31992828782484,877,232.13150776297988,FAILURE
68,5.877113469365286,92.55910361069634,32.268614754835426,23.532925668475585,97.07691866938663,743,188.91340440370703,FAILURE
54,6.1804655174974545,81.37071481086632,94.18920397071909,96.60467666634243,81.7671579507382,848,181.46890154781306,FAILURE
49,4.06198128300865,34.58816133639523,12.682190182433235,88.82955172660299,211.62118942729768,969,236.3871335427467,WARNING
86,9.25290204691711,90.17498550479556,67.41934062189682,41.09536849685624,264.9042611710549,858,236.3217959604767,FAILURE
53,4.3415877984461195,90.13225160073625,10.710689477427556,51.120668446291766,278.1534325516817,512,204.202710056281,FAILURE
98,7.578547674070659,77.74691892288511,73.42496418519093,51.67125066983051,275.5408980884498,838,214.06702938977753,FAILURE
58,7.2911736027478815,33.254804141544454,25.842518771534635,98.66681801719034,260.34414037021577,636,208.2942080315018,FAILURE
72,4.479327492607741,51.29760627105277,48.393392481235,33.31410208083463,117.60847668187131,156,180.69735894795744,FAILURE
89,3.0277094601792207,64.284371589952,24.85618281075216,43.620004631699594,180.00160009084186,786,203.6881184540341,WARNING
65,5.7413063550661985,68.40601881756382,83.29489177665917,34.619057546189,35.691972090528054,451,212.5234548426837,WARNING
49,1.9192824953762555,71.94674229764279,35.77808450780112,48.59596586545453,204.99879165312137,466,234.00508012005673,WARNING
79,0.1769560831335626,66.17502061484822,28.239782660388393,18.123263992354353,288.62690408665105,642,201.02693065569954,FAILURE
64,6.661874842241245,64.05749802919452,68.69255338360844,28.05668215157746,216.3285174412516,793,188.61352662518775,FAILURE
50,5.092085852028115,80.28446334631224,37.452957338870355,46.62388690696709,39.290296686232516,384,247.42595767277797,FAILURE
93,2.3582169800322053,59.454232330470326,90.10630656137923,32.56583607581417,46.07450973181105,653,192.69638764248526,NORMAL
51,7.047139341281215,24.342149792559127,84.20945416058221,53.471254741527154,107.51467772592811,23,204.5818655940123,FAILURE
91,6.054147081813773,65.16654793282699,49.07921344239218,17.992502562334128,116.72278576833563,181,223.63057164833867,WARNING
41,6.310630464063996,70.07596032964835,43.498249336371735,23.64328284083046,23.27292363694077,781,206.51383962038324,WARNING
87,7.978229613309563,22.646932142484197,80.49181694837537,23.41413935969946,146.77428880648372,80,240.39590386156854,FAILURE
72,1.2584760348667157,74.8310071112609,44.9270860778247,16.861035790589867,17.907717826169897,365,259.87402763834416,WARNING
59,7.914267962853806,85.60390946279473,34.56451892791629,53.55886450218687,216.92191361287544,391,201.04885067031088,FAILURE
71,4.2648445647001685,89.47233331580121,53.97196681143227,20.026309779773907,66.56440620012451,697,252.44242323909356,FAILURE
63,4.6104158704421705,48.63905344553228,65.43464679654434,90.43981761441479,42.807519415638204,935,202.92907979994564,WARNING
55,2.539456966121907,23.888128485237765,54.64543863007712,51.64210671321061,180.8087760759162,884,198.4091142552369,WARNING
100,5.076014106941581,67.3229521565359,38.52026599757275,22.693088793033375,104.86831109058353,198,226.3188071721559,WARNING
51,8.431253211310693,89.75780367206626,30.09471587478295,43.97484323852931,293.6994710238647,870,185.3995739918954,FAILURE
91,5.985121116215286,45.51369743314506,10.803155804918822,42.10106778132536,4.009876907005762,309,231.12962937127605,WARNING
84,1.4510649762487382,80.27699670868684,98.78960403154457,52.58117342755558,57.53110553579949,621,208.91637922522077,FAILURE
62,4.998673715521424,74.55754032674244,96.32982156418744,99.09780843658218,293.3903523197998,518,255.6156050552899,FAILURE
52,3.9090368199011403,74.73679825450225,28.454335391488605,14.611312061461184,60.418275519566684,491,236.67833759167468,WARNING
64,5.515523823745353,69.07225900230618,54.20165851204597,78.64539346225862,149.3767877954301,871,227.01492970486683,WARNING
82,9.271157017845153,87.42225987779219,66.45608276941252,24.233936435930637,155.9883204775008,167,213.29684714435132,FAILURE
91,1.2462928701130849,77.97865299937934,62.15391355325274,44.28515686782301,218.9819626869211,763,243.47427276282045,WARNING
48,4.617492295785869,59.440339592807206,10.565895835904213,28.449251965111806,251.58241649065747,39,222.97674181687694,FAILURE
93,5.926294215414101,75.20605912055944,32.605347699518795,92.37031046588876,131.48594567259545,946,256.30513691330543,WARNING
43,8.193920456917507,46.36638791920393,10.996543705109275,38.39994105097952,9.242906475623947,482,212.8861578946396,FAILURE
90,7.6387392767446185,66.50490214948289,87.10861261217813,79.6040339224567,49.07718487490455,833,226.98729557778626,FAILURE
57,6.212650622309416,29.506377138768542,94.85799451205551,86.30591727007382,191.4429636225947,717,189.91810530760753,FAILURE
44,5.158774724333574,27.633858704476502,34.66343348769916,43.578206085940394,5.515118410481648,728,258.6896907677045,WARNING
96,8.650762856772934,56.679845031258765,23.215587636135915,38.01620466140767,97.34622871907226,723,214.2466813968769,FAILURE
54,4.993041988452855,70.86232852829181,53.43176073165664,81.77025586677158,41.335610657336986,166,231.2963084530709,WARNING
60,6.176608772381523,20.78402950982046,96.0310731744322,66.62099533336843,184.03335754592732,530,252.83257681950602,WARNING
48,6.786517026747443,24.16885949526472,24.10387953417205,15.52584682820975,83.37220834336824,282,241.4024108704317,WARNING
93,1.059959526410642,89.07582440619274,14.052472228191206,13.1738494575659,182.02667556159795,154,237.94181353096263,FAILURE
78,0.37165073051633635,86.99792314392892,66.51293229372654,40.95831320864505,68.96886929613466,514,242.38359220590667,FAILURE
68,4.415355366093251,72.70211166554981,30.275590657447975,86.51130432006663,296.68610094271116,18,248.1340391546542,FAILURE
48,0.6351484615829495,70.55411706588005,38.41086013469811,85.6640353723105,263.94393846952704,287,250.2887876610668,FAILURE
68,4.927037619783237,69.93736231535127,51.57758133642506,20.595596365638247,89.53128410690566,591,190.8606132305868,WARNING
90,4.070754409796691,46.5963204008483,61.14111365547919,52.058228434225384,210.88993887265565,809,255.2893646427508,WARNING
97,4.815360220191466,38.42108562367926,91.27669934327082,98.51058197102843,245.7815491847086,963,238.93099457767423,WARNING
52,7.466042990203999,23.720518460919912,29.84176432868592,34.147277970183566,141.69077657085356,960,199.1886042694544,FAILURE
67,3.92551019163443,44.3209340287425,29.868125339883175,65.35943338578183,104.02323068433851,799,209.92930830954103,NORMAL
89,7.901056907248616,31.594498802397244,86.55206556938141,76.63894455456577,194.2238480402322,539,209.29327462959571,FAILURE
60,8.248186599776103,78.20626337887109,65.07855204272555,80.19946640740274,176.91626728384202,728,198.20127189625182,FAILURE
76,7.8554225972758775,74.51818010317612,90.67186696828014,33.9620524616557,65.50043187326727,974,243.95760368682204,FAILURE
70,6.028477116293517,70.25893694970733,80.40990376012493,90.05493902250026,151.44239791658836,453,180.20223982950853,FAILURE
89,1.4532704224249016,93.14801372283998,75.1994064240335,66.36865639447907,30.13813165468669,123,190.5750070166476,FAILURE
83,8.94979100143029,37.38832651483199,34.2837480386013,91.43170787356758,3.6307779854151003,698,195.962634896367,FAILURE
41,6.384852575279311,71.51133500306281,58.89091227714574,79.09851710484438,261.0265234785829,251,202.9409907381178,FAILURE
100,8.918280329564324,24.88778169356226,34.07130271127696,69.52152595972964,97.80767788451183,439,185.99473804091946,FAILURE
98,3.384828150973508,63.12957213549447,94.67489044656446,17.08809825554698,221.23015693508276,258,207.590922085022,WARNING
76,2.6948213565891646,21.901234416898788,84.18263366817943,13.407165743955847,257.2201525303659,733,207.9875765230016,FAILURE
77,3.32431172214248,57.6649560273825,46.25923884034981,59.06012406817125,211.92965642496722,935,211.87498717270444,WARNING
65,4.052340161824216,65.79280848645888,42.1566593732413,80.69470553852612,228.0536108455274,531,204.77332892805023,WARNING
88,5.323579723050531,70.55530284928824,80.43030864038897,38.97490222395555,28.82836747162206,854,242.4906450626969,WARNING
41,6.769120239816298,33.54794456952206,33.71958732925333,82.65597823106208,197.4930660426187,98,197.57895645509163,WARNING
59,2.4921260473744367,76.39309876125962,43.17018081531034,12.641303815240182,206.76909781756564,665,181.037332988539,FAILURE
58,1.370816849862141,79.85021411276458,70.90157785420644,41.53862181458798,274.33211107738873,238,220.2432714370176,FAILURE
57,7.802970511308754,55.86609486134507,73.27280516912809,68.44668144113025,6.755195037640594,233,255.06444054730483,FAILURE
52,4.76969674408598,48.87863744330076,83.36998804963707,66.67130150826381,160.44765727069026,230,198.54805483521727,WARNING
83,2.620742731762692,47.27696270609193,33.354972381565744,66.83180822754865,228.66169992392173,765,188.8798011230002,FAILURE
87,0.9198608922709794,54.41863474332275,68.96300251444993,36.65783205433145,283.1643410285844,801,215.8105301059855,FAILURE
73,4.725892648031447,54.92552132576511,91.80443168933799,31.71654944044806,154.17247333410145,858,233.97826658929665,WARNING
92,5.360073831634034,45.276317655312866,69.76812955923508,19.969681355160034,49.321821358613406,442,243.3053891649243,WARNING
83,9.526028809455129,42.355828820064765,53.84774154312874,99.23157725327454,171.11385529991574,844,194.8266916568404,FAILURE
74,9.816923309423258,47.65060393256606,32.53362744847601,50.506421239261655,165.4771084779965,242,242.5930955146501,FAILURE
66,1.2246768733659252,37.74127143987272,89.10132712501553,26.608777710464988,41.21291793268602,384,245.17153263318278,NORMAL
74,2.0183551229480203,34.36274372186904,51.14512886001796,22.835684606484705,243.67273387984827,856,184.87189348020547,FAILURE
95,2.5431801354978614,49.84441617250503,88.70179460366553,50.89562612898273,218.4284958361018,361,257.14019138535247,WARNING
56,8.650182429735974,72.15179301845345,21.871034148422453,21.45600233805343,37.684528037781156,967,210.65839625454151,FAILURE
68,0.49781890332100454,92.76518057365237,39.366132202889005,30.21614184844167,168.8949343592284,302,222.75869295521193,FAILURE
54,6.806482845472848,52.0737288552206,44.28485898349329,63.588150425499194,133.76819787681757,242,211.3439258170883,WARNING
85,3.444660973897445,36.51178397378311,69.84044448277751,25.689602248708155,228.35038337477528,962,197.18111579027155,WARNING
56,2.505240635825723,67.66063032327342,34.12921683913467,74.65994707276717,52.16380265220028,953,203.66484562191766,WARNING
45,6.7430713982106925,54.727011631884416,26.71388245783737,82.11932824648427,60.406206853237826,60,198.1896502125307,WARNING
100,6.92297231121462,83.16975609955878,74.58744535751953,74.60035439091486,52.379261066042936,752,189.20506980132964,FAILURE
92,7.148706639643966,47.062664842777394,16.387094600330236,58.91863605166022,114.53636701407626,472,189.39138827275016,FAILURE
100,4.72582724808807,20.48557944633546,16.292900637936103,13.152630917422371,248.55190500910703,224,237.5406795968115,WARNING
57,8.371153568451371,36.01021220019865,14.46950017765927,59.03727981340366,164.19985056418386,929,180.94354445798956,FAILURE
70,1.2658598592948145,68.78686490419767,17.574257896895126,48.45524403232089,137.05565895090743,18,237.56457463842167,WARNING
93,7.388536048106093,71.3499257707646,22.88725799330726,78.77387920047927,205.66760167123732,262,185.06696915591326,FAILURE
57,6.921573280841903,73.10540833875245,18.329718533839397,38.9652199317499,188.02402142213856,796,181.62347473449196,FAILURE
42,4.3744342515915555,37.64880395506839,44.18712376079291,89.3079117963916,206.58735375175954,158,244.42310315509664,WARNING
83,7.987701656535899,75.48172870843419,19.26157460029801,46.63898131958289,107.54876167470321,145,207.24635765201276,FAILURE
81,0.7893478550708988,40.38163226289967,66.17604088095983,55.77214804361938,135.7063771198349,875,193.78434574091472,NORMAL
41,2.7281719226086,32.625798780964566,43.803656317898685,83.73605367701656,190.1172845690454,955,258.1248439936205,WARNING
77,5.670868573458517,66.52785579745202,52.60279782824723,28.442747006696735,83.29411630597731,424,243.3425624414017,WARNING
45,4.873751931353222,83.27473129092502,67.64392317445376,28.496368296072507,177.4924967813362,480,216.85256243314143,FAILURE
44,4.510168374489659,21.658561126454547,37.71256395802351,62.79746170986309,140.20551425576588,809,203.34927893946858,WARNING
69,5.128524096529876,27.52783835378127,65.60264134958027,21.360392714944016,295.9066653683448,974,253.7623529521831,FAILURE
65,5.967327894570566,93.2347136529694,63.97315673782275,93.67623945160518,35.65559316522051,748,201.41954817750576,FAILURE
98,5.353782472146839,20.34727516565269,21.228008908310535,36.834101229665734,168.1213461499328,959,212.48773023920694,WARNING
77,1.5728541120044714,81.77880955729202,12.795950614958695,44.468428751515866,269.9213806558496,464,187.6416691220154,FAILURE
53,3.618858891873322,41.29906848231272,16.893630144549693,49.285956380052326,122.58374614049158,698,223.158092555059,NORMAL
93,2.3911844201062826,63.41713479685909,26.768272194768553,20.69332667154762,213.83236526336313,178,215.14489096310896,WARNING
40,1.4285892673615763,77.12188611508805,90.57805891141967,11.568706282066742,10.07911633754886,53,248.77234862574016,WARNING
86,9.561968123847883,91.25497407674578,71.75525767520932,89.76080968085272,153.59913124188495,880,187.77317908483556,FAILURE
81,3.9037331018824006,52.93861647519491,74.26977313500605,29.57122165661403,37.48662536138626,123,188.39180491407768,FAILURE
47,8.678528957364009,47.60318859679303,16.94435504061884,40.76997933114757,46.38769165178825,46,183.85367242847548,FAILURE
51,7.968195254060559,40.88369282559994,41.03398255793204,87.02330235000734,121.8070382263077,521,229.53581830739665,FAILURE
69,6.570873145979835,81.2560107156639,92.38821444272827,13.504410540252806,127.29417391342048,487,223.52140720094218,FAILURE
83,6.314005225241953,70.08636904550646,54.24817306694863,26.418763225132047,163.4333045041866,806,245.87428887514875,WARNING
63,5.31534859868438,50.865474431203126,47.420597568898046,97.61778004811424,246.18744567355918,615,255.0630849246944,WARNING
86,4.820434934803223,79.08642135476975,62.81373060276899,20.1199554816916,13.421445531123602,449,210.85929415090936,WARNING
66,0.8118139675135072,30.83501915709719,38.95302021067521,12.41311587406922,253.48511236549,977,195.45079079169284,FAILURE
71,0.016118886681959488,34.81469391264608,10.528117076956192,88.60626615540441,216.5603899708041,918,207.89919011665316,WARNING
85,9.466885092584976,69.20893226144992,64.70665866738457,20.31227381410486,282.60853493512053,823,242.0820808364277,FAILURE
72,8.718566950811432,70.58090298384249,67.95392031789964,51.8555589818247,96.89242369158643,80,259.47056893244627,FAILURE
64,8.482257988834,30.76819683597222,81.36584110060353,73.27884143141276,58.205430840255495,17,248.05538581875186,FAILURE
93,5.18515982583202,61.88154129550575,28.36013295981882,40.674692079959975,76.69992024112479,342,242.08190909819749,WARNING
98,7.290927242400346,36.77766083253968,38.421628473324525,74.3760138538002,260.78456337109026,240,241.03924980156478,FAILURE
67,7.694212179738114,80.11111451559555,15.712782570844746,85.78852616982941,272.4658605981135,124,237.28531887515672,FAILURE
43,8.482371797664438,71.98742668289665,86.25493609587772,26.805294405706015,265.4165948430444,259,229.13547264656364,FAILURE
90,7.123923035249861,43.470229543148236,14.516858797842378,33.80892338119547,259.6631734456742,652,200.3955292561268,FAILURE
66,3.0273172923069147,66.5801820480003,52.39173181391267,58.490669969975,208.6072016981971,735,230.4336813699274,WARNING
60,7.0643086199851055,53.40278052947306,75.13142381233033,30.899988650572862,271.64418809888383,260,181.43724966601147,FAILURE
99,3.113007021607721,94.05272620064675,66.37061939769433,20.302258652066,177.6063614422844,864,181.85697766604994,FAILURE
42,3.9184499536883965,62.923259749014235,42.72243246226485,91.01509528062792,285.5991497573082,153,207.22062231675235,FAILURE
89,2.0972048726261496,93.71167071076887,73.29134059807387,87.51677522628786,16.62342982474972,629,233.38007912879135,FAILURE
82,4.2725469207965965,32.069469288791154,12.363219106067433,70.24544595216807,24.96475071200293,546,183.29708650495482,FAILURE
53,8.527626947847958,83.46281827349318,52.594369538002475,69.00337840454377,178.34553501422107,109,243.21074796305453,FAILURE
96,8.05947095203759,21.85023577098877,45.03545113157587,26.388318250833215,66.72663641016334,53,237.63385160557874,FAILURE
44,8.835609569144065,30.86166767298676,71.22766015620344,45.71879925494224,36.51464806805409,689,216.08680325867203,FAILURE
92,4.746462485421626,82.37639549366605,18.609405764559305,83.30612834459997,48.23003250614377,824,199.36761795775183,FAILURE
61,7.669927057740576,31.950842837847656,35.41805084947982,60.09930748443942,131.44863701460895,739,227.27922574015224,FAILURE
44,8.982306907384773,41.7650907730332,31.724074308339304,72.66452350669951,110.05820214928555,983,242.829681621704,FAILURE
67,5.90196585710216,87.97482929107395,91.9071906827756,16.07625573012036,258.81389321139113,48,235.79138287779008,FAILURE
69,5.2138725795137635,32.69460041150815,94.40108127263537,86.06261761700499,225.9867010171603,716,195.15148331851518,WARNING
100,7.937435278443008,70.27060004662894,81.85115572993088,83.31458341337012,257.65547832046445,346,250.56227325621498,FAILURE
55,8.115812115817347,52.49315785821613,81.98264475600577,98.38754389017286,100.97888505927777,778,185.15814072709372,FAILURE
87,5.865533028582214,27.142684780649727,87.24659375825448,11.674072767505407,147.68346920440501,896,200.37795266431652,WARNING
84,6.480168051283871,57.1936040764376,13.685564357103939,56.5872323648407,171.34806207882036,803,221.0077796367952,WARNING
49,7.51929552372692,85.06995714137767,67.61107942213053,34.00334323991447,10.199091793962975,181,251.07843914790305,FAILURE
95,4.903462250213357,72.18706544498642,12.68029779167625,11.863563450611252,205.13041491942184,575,216.24617484057364,WARNING
66,0.9751342079945702,77.89638654981056,99.85144634961073,32.91242300778278,149.7225335324116,59,181.5379280232795,FAILURE
75,7.177301748489252,71.47155239836317,97.49227968702549,97.69871272050344,39.465440161271744,747,257.7735455785349,FAILURE
69,7.699712967115993,89.47298149212227,50.53949219065011,76.26647140571978,62.42000475567025,85,228.06527926690555,FAILURE
95,6.5289933564714095,36.48992183633204,11.750271462454089,40.40585735090589,123.05320347351271,95,250.618286065868,WARNING
46,3.1109639282505173,34.31938073283496,11.6628341202463,57.71775800951492,266.24544645114327,171,226.07283609283442,FAILURE
44,6.244266935823937,54.409836336400815,58.68638690807226,38.5516579291031,206.43783339282976,88,223.08149065244737,WARNING
96,5.186886471387587,87.5938387201312,63.27587430579336,83.92774116876625,121.86919704838111,783,201.82130625638072,FAILURE
53,3.0728852954444763,46.01207346000353,97.66184086709963,24.8837319801246,270.7591379999113,963,225.60526312380858,FAILURE
48,8.612299607224003,39.77353298169122,25.4185872668131,28.24976008096011,273.2233586518722,129,235.2230603031079,FAILURE
43,3.4861036523285693,51.98406307747709,46.006491109869465,57.90499698796218,28.568550745324988,916,204.84234360620638,NORMAL
78,7.373454905802276,78.96244823477156,77.87789566088753,84.76098872976202,209.85808727046188,944,219.57079763804506,FAILURE
69,3.8346476193980417,46.981037714523495,35.113263166453336,10.517509270494285,158.1580564080254,867,183.45585068732538,FAILURE
56,8.4545521666009,86.87768590753447,48.86963678545072,33.54104244406088,22.871693321569676,964,194.92650075466162,FAILURE
85,3.973619637369069,41.21805246959367,32.48175125899948,24.016615432464366,196.6476980800425,421,205.0484320109811,WARNING
42,1.4176390146617646,58.71587085710248,64.6198745841536,50.529804442170466,149.1542465557461,676,218.8014593205409,NORMAL
95,4.180058674725516,93.45385796116395,68.35073053869132,36.689936194447455,108.74571821725225,438,229.53006839218978,FAILURE
93,2.864799898445761,30.43194577769332,74.02015369166605,45.42604596763251,188.25438265643686,773,231.466273306357,WARNING
43,7.847081557459457,66.14344835069642,73.87947903697658,80.57408619883786,113.24373709354009,43,222.1046397128707,FAILURE
91,0.8501377727060688,42.6078780622212,28.045693593864442,81.70003684820408,9.234664676943881,365,197.76783256910838,NORMAL
72,5.452716780563898,35.42087505519959,46.207061048040075,72.66771166064538,265.82439638484533,519,244.879232951795,FAILURE
51,2.2079798135182593,89.4395500907295,32.18083128028945,69.5346144322908,255.3957816877488,704,221.77478637188872,FAILURE
80,0.3450560077830034,82.65837965625579,35.70922941514312,80.72631266075716,176.9340278569155,795,218.02631145432372,FAILURE
44,6.604555485854661,81.07490135790378,11.31947714887377,11.462443001472032,261.523137028427,351,192.60146809911555,FAILURE
79,7.78894950771584,68.51860130459005,12.549409094701957,30.78370657360236,116.10375430545334,876,247.88275421654086,FAILURE
44,2.0048539037850945,88.26907055274475,59.986851781061596,88.25085846782444,179.54907511837587,176,187.09375833130755,FAILURE
45,0.13797769315309516,87.86539835022317,98.59850474928962,93.02923743995134,76.52806185379816,997,218.0709505189701,FAILURE
67,6.688406208919121,23.48259437436817,70.02994525700147,61.3191194218907,222.54762603422196,550,238.61009710611881,WARNING
95,7.314899761921511,54.22103853224622,28.518226678293267,45.86463788718919,261.12349409229574,248,214.06338089490163,FAILURE
51,9.653450003651889,86.93799582847413,64.5723151163269,54.289829261161636,247.57785428644925,517,242.40982416864455,FAILURE
69,9.897451905486392,20.203874073519536,63.58356427322313,38.48211934895225,175.2661371645728,109,198.74755989209388,FAILURE
59,2.676143008783536,68.10716516193483,21.032531738940477,80.89123366790403,296.735783712264,678,239.8799088104538,FAILURE
55,2.459350073064569,20.543418554847765,60.940008072470576,52.70744160701683,248.81863954425535,658,218.317131810111,WARNING
80,7.136866409008124,82.03197705679912,64.5429463949382,10.94078496715545,106.64726883767891,612,257.2675967423082,FAILURE
61,2.185171385217066,34.95329189885993,87.55334837568326,36.55881419306658,32.590905934715664,613,225.63093995481103,NORMAL
83,8.815121021933994,72.69050801670969,26.2988489799222,73.45851445655842,42.33416415016018,974,213.77544035366316,FAILURE
60,7.164413949501045,44.58794107820836,15.197708718773152,47.900755117389195,109.52424350627207,815,250.7088289583268,FAILURE
61,9.233416674051417,28.403161345083447,90.94365583605855,33.42292113662188,177.19832324798008,326,201.7737249023832,FAILURE
42,1.3332082600168271,66.37103196779152,17.785767364448375,91.38352836263643,198.1501405927976,627,202.40128308443838,WARNING
84,6.262267395406241,88.90846728790217,68.97965592741639,85.82543217972872,188.6428157967604,638,233.02379323351894,FAILURE
56,0.7672179331548845,27.82549039791577,92.12089568244178,85.40348022714869,87.57380675238566,279,218.18985768137085,NORMAL
92,0.4701446460566161,20.106155417305363,57.40672787278645,65.50058030906169,243.77695981952735,714,190.45435491474015,WARNING
80,5.753494080398772,85.0673738034641,97.44857564562072,56.11567696897579,12.995666303101952,806,238.2504932432355,FAILURE
58,2.3694421402559716,77.78957589104951,33.634073749395114,81.34733881071901,248.44519925106556,558,236.74099247496784,WARNING
76,7.442477820892627,20.77756337721185,65.2935469729837,48.74481729489958,110.21493169195007,710,234.94838260039523,FAILURE
41,3.2259498699405507,50.53363216005086,31.659922706054747,11.08520944781008,66.67129721527088,150,246.22779557614064,NORMAL
81,7.700981721673866,63.098290234901306,12.135969058134675,68.71332787548175,58.21696637504586,40,199.09501338607097,FAILURE
54,5.851850958689676,26.768423381260625,71.60761553343619,90.24957825305985,165.13506648410595,801,258.6958499184826,WARNING
78,8.803042588096288,47.13282990722544,31.763037247856648,35.24869919218951,95.14687750224628,584,255.11148496791736,FAILURE
55,9.854085037999978,22.88242355906346,97.00755105131273,69.11698682114383,116.03272610924256,367,259.8970322642972,FAILURE
47,7.987328017730878,93.8159722177286,82.34080278985071,15.892736092189113,154.53523261082174,356,204.85006842025203,FAILURE
58,5.44468890920434,57.977436171534684,95.72216613800724,30.578202191954027,10.08548355619093,544,248.1029305671878,WARNING
100,2.720462458432742,44.32052263930292,63.789134311332504,35.339740483697184,170.16976121995629,638,243.61481676963274,NORMAL
86,8.956299980942518,40.97732326005322,70.00467154430699,91.53604082209992,38.10815275314529,808,238.06334259729553,FAILURE
82,7.43538911950945,59.117771058678876,24.318607901013003,27.52233685998277,11.72001950741121,309,232.24547802387107,FAILURE
83,1.9277423797138382,39.44129876617465,50.92523209873104,30.42197809122904,264.7621192709243,691,258.2041736410411,FAILURE
46,1.3195652622994491,65.1180676994645,42.293584129238816,87.4787837631999,236.9642324587651,589,240.20402880459173,WARNING
61,7.431102146321784,45.730590324959024,27.82132798068822,13.8399557264753,75.53686281108737,287,229.9071608260401,FAILURE
80,2.96226125483524,93.19604614336286,56.77415919090796,13.156047889527525,168.12679946889287,888,219.65237175493377,FAILURE
76,9.420245084807044,26.52340968866476,34.663144231264575,10.429187510705566,74.30195539472481,421,187.65254333860247,FAILURE
92,5.886362440711404,34.521590668108914,92.18442924296485,18.980663162107973,137.57346078241957,646,257.94157132428654,WARNING
79,0.2721945753065047,49.732245278827925,64.09083780639949,88.62553797348748,77.28412840404121,392,200.77028877271536,NORMAL
82,3.89241513513889,66.85455292373376,18.111298424946284,73.76708545424222,73.21458300152736,671,245.06741938158007,WARNING
98,2.9577924313828055,57.3086784449537,18.016208064626746,38.45006056083125,166.65605065121775,527,254.1814834549981,NORMAL
66,4.759693239017913,54.489747483652074,73.87400965116103,49.521265695514025,158.15728124539365,222,198.46103786829923,WARNING
53,7.197237894848715,46.183897742295386,66.3023793904274,18.582340531473577,100.25787321294564,194,239.29804299202664,FAILURE
77,7.345579744012065,49.64532449923633,76.06580297972764,42.05644291031466,48.2230264526373,672,221.5941260137201,FAILURE
53,5.114940467289477,48.28296407442744,84.17972789646535,58.10019787062469,138.11828552259,397,183.04854994819632,FAILURE
53,9.56900099317071,31.516329501653292,65.52328931946926,78.74057167757725,283.60469068575503,851,232.08223111786452,FAILURE
98,0.8498153194318825,83.80729613102463,10.678760811511287,30.402358356196682,155.67214331981262,731,238.50994157254942,FAILURE
74,0.9939502323782001,65.33240545036821,33.77583549671905,44.77600365898545,150.99292138842435,602,198.55953429195006,WARNING
77,3.0936237068774988,67.05212025041601,41.82064540040278,42.77130328276688,63.564686948794076,499,235.63477258633276,WARNING
40,6.715297389751513,86.00625885024829,42.00391267106362,83.60858020309328,277.4680999809815,597,211.38607726529847,FAILURE
92,2.3798971110686997,93.69776759187344,66.06217274499046,70.30484396095704,180.44087798217328,748,192.45535261005355,FAILURE
40,3.7459610143058786,25.1860865971618,54.51891751163903,36.632477059085986,88.81273610406501,998,206.0085367648362,NORMAL
74,6.024932377773141,20.035355552554037,60.842901464221924,54.554402580958204,287.662093082643,209,235.85214688826494,FAILURE
71,1.6437698378315146,55.66877171482281,88.7412045524911,68.06374450491717,96.51397494130168,797,240.3662358343738,NORMAL
90,0.8705304132772107,92.73186455830295,73.22769381802468,49.16477376257559,58.318550551971434,725,197.4376642644047,FAILURE
60,8.656960244084805,81.51025373759336,96.26837301192455,82.80789283818463,90.66314771458826,873,237.3057261014571,FAILURE
56,7.532699560750988,68.3091332651525,39.5956245219632,19.705052877484672,179.6140925134789,271,197.4351617319829,FAILURE
44,2.6846144830846974,22.697661097577797,68.60945460664352,42.877395045979114,267.6163860427148,991,219.65026456789445,FAILURE
85,0.6453885890333999,76.1294679835139,35.34635870076241,93.66458613384297,205.1018922504479,710,201.01006023574487,WARNING
96,1.8897625807157403,75.16180714483411,92.25942658002563,77.77658093275183,113.66361510738143,385,229.00057784585044,WARNING
58,1.2807756901174294,90.16836830096484,55.568909362914624,59.94237535577157,80.34797505400797,878,206.3392277188162,FAILURE
75,1.7001957377995625,54.30173275543248,87.22304871866547,81.79411811270793,84.34387096804171,654,234.35575596611886,NORMAL
69,6.331720166680947,74.535038086073,55.14382327346144,27.031937501345478,44.35394277543884,378,207.4451319912175,WARNING
78,3.5152944016094754,70.54595157591018,18.096124853853677,99.72699386204361,242.9517369475321,580,231.4322005589737,WARNING
49,8.31470242357062,72.12404651824511,36.28573560377654,73.44273530514707,187.04585598263975,413,242.8397322670122,FAILURE
54,3.907319911598275,57.41707851364059,50.37983568361783,58.937222251298735,138.91933408983203,301,238.54599830553857,NORMAL
69,9.375427032019294,27.771447819017837,28.954128847946293,47.8102680190672,17.75158589544497,206,214.22034947066814,FAILURE
54,9.112683487926516,72.67480169124397,28.104352353734168,98.90327806415242,203.67915394863024,624,244.03156770806925,FAILURE
77,8.967095390753117,54.69263595535027,21.688068983850044,71.20064203493534,10.079482423872347,886,188.1168873264313,FAILURE
72,2.7955825919213106,47.12363552938272,19.940351840726645,49.313055814103734,180.4810034630992,225,184.91682184380608,FAILURE
75,0.04278541592570906,34.61664400696444,87.2629186187842,60.13519810784021,65.57608475285302,671,204.30413699515017,NORMAL
53,7.62732361482802,24.549202680435684,63.8100399521649,58.40061197837583,279.90277420371854,405,234.92495416998685,FAILURE
91,8.130294620768652,56.03711353288879,91.3082293022374,91.02523285747841,145.51609308912674,889,213.31663740346605,FAILURE
53,2.352677614133716,93.15961667046402,86.5312621109032,62.030794400645036,62.180616846362895,78,257.05132705566314,FAILURE
62,3.152002148036753,67.49084183453888,50.14430492952522,28.03353202394538,239.36636307135078,329,234.5078243417369,WARNING
92,1.9292103823369589,24.080563753358213,41.206899925758584,54.8807467825285,21.40131811376998,105,189.6288510291661,FAILURE
90,4.704912750244841,53.39222690065421,22.31235436688087,36.643991106871454,124.55737097963002,741,212.58378360450996,WARNING
41,0.6712933177967451,52.96992390010605,40.23941129453152,65.72740219503473,288.7876693250039,544,249.74968337215068,FAILURE
60,8.815628974858601,86.10068264304145,12.986035632517524,95.7774593306539,258.9197540590503,515,231.35134807766443,FAILURE
84,4.491121184569964,89.61308298902135,64.28118051075332,59.83569533474816,159.66383533835202,568,206.22966862734427,FAILURE
70,4.15819576062203,30.069342318000388,48.36871432840833,63.48088639245302,117.56396068001453,202,210.15737985111537,WARNING
80,3.48020217628867,90.38168028962501,23.238661313774735,21.49930751837136,77.5022741952707,149,236.18809607394286,FAILURE
57,3.6144606863246285,63.288606810637305,91.7233706714312,57.81436592405482,6.897546856662924,515,188.98262316558967,FAILURE
75,0.4592238864266218,86.65278755429603,37.762931148065945,72.62308605104884,37.67520032578525,861,197.3446669942431,FAILURE
80,9.890867785496024,24.813716557231107,38.833165623997075,50.195062889199086,212.63615404558308,844,197.82477865493814,FAILURE
51,8.025846447407089,60.80595722987008,86.63597812725469,34.388039420066605,194.6210474912781,186,259.2126694284729,FAILURE
67,5.312655205348672,66.47235956248916,10.206430445343669,55.82861795044639,142.44622030560342,133,242.78130745542978,WARNING
79,5.592124331120498,85.64606635430187,38.98616420435508,36.91904729034003,169.67400992741713,133,222.76764060818644,FAILURE
83,7.442798812029369,75.2403808778934,76.68282586922714,70.11330370966536,296.07362250332073,543,252.0813484342404,FAILURE
40,6.651540178845731,62.59003821006457,84.61200263880615,51.82422064627413,218.86212970864926,164,182.35709283559646,FAILURE
75,6.582886586089352,43.9142631985201,48.04456836119107,89.89923028065,131.14152528751902,702,211.18404696847466,WARNING
99,7.745850119403549,60.274447566465284,33.84976784661465,42.0412760720482,44.07059569853885,794,246.6917666707616,FAILURE
51,9.891499786791353,73.41107576926879,70.92927349022223,49.869939328067105,165.28116423554613,975,205.1142845553727,FAILURE
45,0.7504859434851974,75.52323733376043,65.92098723839192,78.34858902952328,270.7809957596236,10,257.9641444109348,FAILURE
88,9.41033599137609,92.05484340405914,51.204682066179025,25.092198332949934,114.79567499159927,644,201.47201977808106,FAILURE
92,1.2286504698258505,50.14512379158069,86.76580647602516,85.81535147626893,150.16178599372074,965,240.09815859938655,NORMAL
71,1.8056811887597968,44.2253976880267,72.85886299637245,48.31527053335232,176.2517583138603,36,180.71864731117824,FAILURE
64,3.8951694682859097,85.82541293571397,72.0372243527792,65.64088700097219,265.0255404358912,321,213.48945635671626,FAILURE
79,3.4200673342878742,30.306054231711567,36.25402898864472,19.75452379268409,262.405296708408,144,205.73996272876252,FAILURE
77,7.215951832309587,33.21653023949709,45.89632484765447,36.965298033113655,222.3060297071648,588,201.62624289741822,FAILURE
91,8.939487633081871,41.18138251190148,44.78745828400754,50.480878603252336,50.92208737153061,494,221.1243326992935,FAILURE
41,4.289944391091386,55.39658896458998,21.35587394583154,38.607109936290044,280.913901854093,207,237.19606451827264,FAILURE
99,4.937691970565315,77.06625823374617,87.54257480505416,35.59955268839705,117.58585403792442,165,192.83975731580287,WARNING
49,2.1309471023707536,46.404978804296704,17.45891152073667,19.162116428490776,261.4732867003796,797,183.36499157321094,FAILURE
58,9.346375686221876,46.02530714392613,39.358767010465975,95.6229094416447,285.6104784532232,702,227.8775442186032,FAILURE
61,1.1583153597443319,66.3511979745553,88.38343222650583,20.205928888709618,228.71187713207047,375,199.3155925295705,WARNING
43,6.230317325124966,38.62328688286255,61.945771324240376,78.96507269671751,106.96256295971003,620,198.58200653744174,WARNING
84,0.9656913369363451,84.42448719539819,32.45321400990727,19.087553991471406,68.8214118681962,451,197.09636875328238,FAILURE
86,6.440121059665319,36.44385518833968,58.148442880511986,54.14735212607895,34.31907461631777,459,257.258285287866,WARNING
59,5.621651206474402,75.51223128690197,43.892429356275166,88.01190401475898,113.9339667965891,864,241.84281724195233,WARNING
86,5.158325820793489,61.72114357936851,24.133894945283114,98.81761968607373,46.005955494339766,478,185.8758498825167,FAILURE
97,4.524826058560105,30.499880523644592,80.79595264696171,62.17244529832465,193.5067535034968,709,193.0908358048877,WARNING
76,5.6113153634952955,69.8097297101842,78.53181758103797,73.44877149265994,33.75134729828377,686,231.03682722836174,WARNING
91,0.4946558944367352,55.122462772097,51.387509061834315,43.38127602748613,226.52187705203923,322,244.53166738958762,WARNING
52,9.701979245979576,76.43614333628616,88.86272779505204,77.20280611191784,120.72178944529657,729,232.37663832124184,FAILURE
49,5.7371968136678415,51.47887311495848,62.44683397413443,54.89744069531747,82.06754469477454,243,182.46216308402842,FAILURE
61,6.378989230396005,70.29369097340765,36.90999485421085,31.79149525854936,30.633377025856397,314,235.65797214080433,WARNING
79,1.639591029100137,91.68661751199558,91.99723735981141,90.10102767442609,194.89463149310671,949,191.92226509123225,FAILURE
73,5.068389741875526,54.14843100681242,27.638340152327046,42.850805707677424,152.87901571511205,770,231.1170316906011,WARNING
73,1.1360405358506953,36.65387065799503,79.75703223767172,27.981531504219788,107.67225686892908,167,193.0279611459926,NORMAL
60,3.5716184664897788,74.24200335711137,67.73511289421214,80.8587355638408,118.7740580874757,921,219.11445944712526,WARNING
100,8.551757719123396,55.344958871130174,29.00763806700199,42.62812911307648,232.94666665737194,405,202.62357887746043,FAILURE
88,1.9952269445205595,58.33658966741958,20.58818333671283,97.25369595762285,273.7329332798668,424,224.45916045758236,FAILURE
83,3.520031834733337,93.58498420155406,97.5749501646132,73.46580347770819,72.65381290878126,567,220.14408645201604,FAILURE
65,1.6446874624255048,23.228680314299094,79.1519831107933,21.41379974002874,79.70685105259152,43,204.03033819129254,NORMAL
63,5.282831595873803,21.287621981731423,93.17613574047442,28.05562688449564,249.49849520414176,917,213.87765894950516,WARNING
51,9.675192835727955,40.96555547582817,55.96371732724183,25.86748181407588,274.5494886674021,765,204.46561423951783,FAILURE
77,5.36819724397601,83.20907756558935,22.71349437262387,22.95831614517091,239.69535828020904,984,225.44645471098352,FAILURE
56,3.7116670000682275,80.43525577098018,85.44148092649145,67.08258765882087,143.0310919455573,872,213.04027599333205,FAILURE
79,5.270370502912591,64.56125393314751,51.20181665365217,51.41168672271791,143.8513777432024,181,188.37617245543154,FAILURE
76,0.928026610160475,30.356081527823466,86.21649490659568,65.97315679196899,4.425887413374505,844,201.8908025384185,NORMAL
81,8.108063327572527,25.03574106150623,91.7888193556358,52.67233993330583,176.32540669520986,406,220.3800384217815,FAILURE
85,2.0592431180635873,36.532906221947286,38.682825728752974,83.87773239075607,135.195790567304,118,231.49418490370982,NORMAL
93,5.574742774989519,80.59489209611777,74.3914124844086,71.130295465633,222.82688420867137,547,192.47413057081152,FAILURE
43,7.404715687771728,52.42068167013663,94.57464500940677,57.06159598698832,184.54993019346367,49,244.12768035121567,FAILURE
68,7.11664384390026,73.51872275919231,78.96969642189461,93.68039414626081,157.5261088434688,463,227.92365905921673,FAILURE
51,2.8319054095874865,53.05915490118788,52.585589149158565,76.70562305988975,166.84545952272285,241,241.7844733560126,NORMAL
65,8.401361586536982,21.394750237634014,72.21148944886286,34.179238884246146,237.52335133172392,71,197.34998397699331,FAILURE
48,3.7745880978310664,54.77387170640861,15.230278897942311,37.00925441609033,21.068538558535213,149,247.26452017374538,NORMAL
95,6.732942312968251,31.119554257995368,52.70980044279297,79.23047112669472,146.32954299948324,926,207.15061695726993,WARNING
67,0.4381998237129925,60.04978504359975,39.391590452902534,41.92839876603304,209.24092224767838,388,207.33694048504054,WARNING
48,4.087415153915622,39.267323188186666,61.22424507278074,77.62405025772082,141.90697791075985,254,223.86101173052808,WARNING
93,0.28784792998095,42.20562365908529,61.05892127859201,82.68445441939463,55.309919653226544,853,208.76276795537433,NORMAL
72,7.3845321906544115,90.97550267963598,65.97624249081966,27.973158645900195,10.279891570834216,948,210.52978452716832,FAILURE
86,5.42834613063026,91.62663004688298,53.58183971989516,44.01097191102888,106.65306527164907,549,210.70920322306753,FAILURE
64,4.6457726920261475,82.14613005616407,69.97931244407289,22.582730996034318,192.75530310229823,424,242.82513967356644,FAILURE
45,0.32208591218798377,79.71236334316728,74.10752334681624,11.572193251426208,281.4454976164054,411,230.2557780312207,FAILURE
93,7.286715203501072,83.58167469956254,43.676093181460224,78.14224058445423,207.79358102671705,632,197.44612212415822,FAILURE
70,2.615594040868967,63.997550452844834,72.50846819870108,16.531325067584838,114.41708931773498,562,233.84921155143988,NORMAL
68,6.386353320466598,29.433988171363982,86.9847339951327,47.541397782234675,74.60260287965302,161,184.0258841282763,FAILURE
78,5.276749079583629,63.620256473853445,56.745364874636124,65.33040338877488,211.1298090715616,779,194.1217102210546,WARNING
41,1.5411668768740727,20.52139751031733,55.676394269734175,62.122098670072255,28.49970171227422,26,183.65499683505743,FAILURE
47,6.687925806968504,42.37510438838403,73.52198763035281,81.48337652870416,217.82239038405814,952,206.2842844867593,WARNING
66,4.447580700580923,61.22118892404229,17.215975751234037,98.53888574086241,59.27814985384624,207,194.56748854250583,WARNING
85,4.420115775242024,68.20323557549486,20.0318759496419,12.740744292136696,85.15152248596017,253,213.3425317714819,WARNING
53,8.834059896103357,25.79732256099906,62.58542906393404,79.7507487351539,265.9739821002598,517,217.29007277827037,FAILURE
98,9.846888408292283,40.6774836578289,36.45052460233087,19.924479970572953,94.23187375404399,860,180.725864314175,FAILURE
58,9.744476268360028,52.713114401681054,82.30243970190573,90.55186719774206,70.70463302516788,882,247.40221302859118,FAILURE
86,3.378650092987744,31.906787936554622,10.834276510096307,21.43465884432576,5.549763174763115,30,229.6752049801927,NORMAL
93,1.7024199990062527,47.49995385039418,12.528521613243973,45.06260737054238,105.5288967763467,481,248.40985011000038,NORMAL
69,7.5781510216609185,80.8803467372654,25.194396190229252,64.04054519297803,155.315207589634,764,248.5989994570274,FAILURE
72,2.717185635825199,55.44841485804524,25.468654294537604,67.60378728970352,214.39691984070518,587,220.59176691504837,WARNING
44,9.153075374910859,77.36029394861583,18.42613695720879,89.17589091599241,50.36432219297738,926,245.36146761050702,FAILURE
72,9.486105989938258,59.430481344488214,48.31747001699422,39.64505713766297,77.93789552051038,602,239.78507816330384,FAILURE
61,2.6588887691572074,93.54962893532182,33.68038864757776,46.72450124487312,199.65297632502003,397,248.63703765739882,FAILURE
59,9.547359518102136,74.86037230218926,53.14342454262735,83.40324914567157,140.46345452429335,123,192.75264715299554,FAILURE
74,0.10866372513732125,63.01455016752125,64.30226038776243,96.48721166063251,169.2604391282764,63,237.39366396564293,NORMAL
71,6.7949197087253035,27.007392408857175,59.15366143383588,68.60707862986592,254.96633548011548,862,257.29081479858536,FAILURE
65,2.7954638447566618,83.50068263271189,18.964281347519815,36.327828108483516,85.72648413299794,303,185.85348866102296,FAILURE
52,8.439182916353738,42.22483501589946,87.65838256899846,43.52552188572794,234.16919195906695,922,182.1730010709337,FAILURE
66,9.362478789359903,60.04903868602144,62.03468525457811,36.76583556790697,290.4341767516308,527,231.63112110142094,FAILURE
58,9.008572739270683,60.62870384889997,81.79900591377688,61.62598146515738,102.63018837990965,925,194.229575576692,FAILURE
86,7.249233245077484,87.30997958448046,50.2092164679911,81.10366516240238,46.58499136669187,139,245.1745616838686,FAILURE
94,2.389902691865026,36.53977652582148,64.95710076216383,50.101123398494884,127.2118876373178,218,206.52372798156824,NORMAL
99,9.394768091702629,66.1535568000633,35.57109777809242,37.83916608167981,248.0808215639523,743,193.35308583640742,FAILURE
74,2.969893475456038,53.73976193616074,14.439053189730345,13.060944353348823,287.59475000755543,427,250.0507296611907,FAILURE
69,0.783612635901132,70.25487598886195,84.03920682429444,23.027137294940587,162.25916199461727,139,256.14689668898643,WARNING
79,8.694141347828136,88.75478756570038,41.94485767548294,62.44029879612182,130.74626168619963,435,248.29981886093984,FAILURE
98,8.78861274109138,44.2807047004851,12.212254017744382,54.4211639427958,98.01420439040209,456,198.4352359463398,FAILURE
85,0.47555267787722233,26.4917787409482,52.08025195070928,68.1729252495395,23.30765722660486,77,199.34575809819705,NORMAL
43,9.366199466333065,74.88047813496121,24.085055883334217,97.63182480401615,16.442054250516854,824,221.4889746352581,FAILURE
93,9.065832081082677,26.92961494340103,30.55304447903143,58.00956821084788,125.07229990466841,70,202.95830530628058,FAILURE
41,5.623674626940525,86.39514460757968,32.835977893880624,38.5051086980946,47.202200649328596,669,236.953762386,FAILURE
90,9.50028012750473,47.43680230577246,21.11481082695302,41.7183405207852,27.442853323342757,160,214.34091007955288,FAILURE
96,7.248953339143956,63.31101783107015,90.59920644092313,21.75485718971833,20.942895903487877,961,212.23987503430328,FAILURE
85,8.739354767146827,77.41017021873725,43.87025732557663,81.81833482702284,299.41140661676246,326,205.53647797485246,FAILURE
86,9.914460818310461,20.29923417195806,51.93956206656387,13.444227766411103,128.65618325988993,158,200.81640210919508,FAILURE
60,3.8838840223860647,71.31127187527191,75.75820948994924,71.53544856193061,240.17281575683018,61,227.17661802643082,WARNING
93,6.384029471560782,20.866406651382672,16.788644987562293,88.1659346316225,178.16276953247083,910,219.16736265268577,WARNING
58,5.544263773896844,38.64914741643738,96.90673221516563,62.71284178528508,273.815207050718,997,209.00640369489477,FAILURE
72,8.730671138151072,69.45918441211487,10.036117871550926,77.02740399962755,295.999609101067,233,219.99666675239183,FAILURE
75,8.87473785746514,35.20098619347473,55.78804435436295,10.458127236013269,159.5777684378786,630,217.16372609549737,FAILURE
77,8.526833424698204,44.63002215393473,66.07976194223787,41.34889521775659,83.85147222048818,341,200.45442735212612,FAILURE
88,0.8557024674903757,60.53162355490543,14.162957155737587,42.58143823852446,60.023145030303645,479,184.94239897119328,FAILURE
67,4.49585247041136,63.19415995658291,30.776856982448212,87.21960465240006,173.59260612304502,299,196.65733092523504,WARNING
98,6.203587412382291,73.05691537548228,67.84833661599755,19.974015141488927,82.5798590141752,408,193.7612443944998,WARNING
69,1.9093842740972788,63.92360642712936,83.01391337140116,13.15710125224083,4.525103549871429,428,245.7851086077735,NORMAL
63,3.9337302898056703,46.79314245411044,33.570373288418025,97.91845219906443,86.9797695410163,134,205.4720953577992,NORMAL
68,6.155032404707853,94.4335153469012,16.23124070286678,88.8551097408067,115.72145258323476,627,212.91690189936998,FAILURE
82,3.2113099913940255,63.117563839439626,18.084992505963267,64.60027990598647,188.92444927070693,121,184.59173120777004,FAILURE
48,2.1332498704778704,56.711043307364235,88.97409746275864,12.264992779375971,279.19913203504194,397,243.39736044034962,FAILURE
79,9.56628943180538,80.59755739207175,52.57086996457827,64.91907018989076,229.51550602453065,235,220.222764029666,FAILURE
74,4.206233701692312,32.33956513679,52.984256192163464,97.6838188437376,218.75758009764257,910,259.5356717630254,WARNING
64,3.239515386702317,58.17243662641187,85.29515264679924,97.89162542085296,272.6902183695266,27,252.9876882840186,FAILURE
56,2.5249185894575046,83.76377235144,21.248806616053397,40.27372500070018,197.36179724644754,65,229.6046395919305,FAILURE
67,0.16428978738555644,27.308102156301725,48.07366581249146,35.89506864406858,271.9717564674105,325,228.16823528190454,FAILURE
47,1.598865460342317,66.457652124602,98.34219994332229,36.254989160461506,226.13865998461415,922,209.82262518656552,WARNING
73,2.5781361334955797,91.51208623787825,27.85987977461527,57.38759263814219,261.4913828611556,114,241.43077786901932,FAILURE
68,4.587480092880837,59.74625627677444,44.92080968357747,93.53420810134253,151.39234363328111,137,257.6901674393289,WARNING
50,6.379005917075805,83.7632286406627,87.60770742610453,18.27420219451104,110.21606341082008,959,189.0280856572405,FAILURE
53,0.04258691180245466,65.18137377078432,75.36395774900261,88.41812085976751,10.680792777981038,334,202.5315594787525,WARNING
50,4.840916310563973,79.8581747248848,17.552905732124454,59.90581559529719,299.70600279642264,639,228.60254868676813,FAILURE
64,4.97556677428189,40.908413683426836,42.02868004725086,18.30459242713509,53.20615717011501,810,258.7326592384828,WARNING
92,5.86137093179158,51.682885596429884,77.15002803933062,53.252966135581225,230.28138819577683,99,247.2336491053522,WARNING
98,8.544888394150135,70.30077098537016,75.49502942214318,90.9394675358815,72.94433891074856,789,209.51535590562628,FAILURE
99,4.961575080733976,63.214314880267,58.289584147536466,14.669686453628492,161.48893845617346,267,247.5372801804137,WARNING
95,0.06915394311553968,21.455850113969685,16.83141962107789,45.61194242889787,260.82404354678323,900,223.6556292821757,FAILURE
69,4.72017201475153,41.01686790747136,27.636472135109297,25.75237878516843,210.8342585884334,402,185.97045940281,FAILURE
52,4.384913429800835,81.79592457181627,51.3379278548855,88.09005975478682,156.41478681394622,696,192.81376878164457,FAILURE
63,1.9768167514291979,30.71805730262146,26.370772301469636,46.40728892671393,267.7136378097778,414,234.6585330777985,FAILURE
60,2.4648030699201806,41.25005139919824,92.45320192914086,69.90772711698722,264.52109879988456,71,192.91488712670017,FAILURE
60,9.949005325847914,78.99729402620541,92.70309327630028,14.230399977591972,73.8806553781699,617,211.22085329445326,FAILURE
60,4.12887195183684,67.56243809757669,27.026716933425067,83.51459176153753,118.23789512792048,308,207.65734344091715,WARNING
85,1.2933268213044946,48.2069634740852,63.15242473424237,98.17831261158854,224.78368574187178,259,219.78921299922803,WARNING
77,1.8510142534852325,53.12866205379291,41.78945401519687,30.55163967910267,26.797861449810227,353,222.6922802279149,NORMAL
60,8.468920458153509,73.6630947734232,57.27343149604325,57.88408474149312,18.769417781228587,676,256.8441505557218,FAILURE
97,5.157266617402233,21.251795125928766,12.708009485582124,29.527481726601078,54.81124814881954,217,183.85866665034268,FAILURE
44,7.2824056174987195,77.10243485248132,65.3364332518282,88.07169047375838,47.860189494338734,612,240.57694409439884,FAILURE
42,0.669937696905657,73.90466634347935,78.70393778832005,30.99393376912915,215.39847249312837,750,203.07975357474643,WARNING
60,6.7017827976385576,37.86678103059273,97.48665233473989,72.14263847732605,142.17660839007158,45,218.96656384124395,WARNING
60,4.303234439528863,47.88505478702925,14.091642713385035,23.518636845100822,22.788925799763405,550,193.70636085563612,WARNING
87,5.139859773978794,72.99637979293678,28.491283945626428,53.86994571639527,86.79087414422732,811,193.07018169827847,WARNING
98,6.14237826924802,47.55756236878577,62.93602567143742,96.14103105533034,158.51680599338863,66,221.95664862114492,WARNING
65,5.068779269263014,92.93423050443032,50.490719111887984,81.20554282788882,82.60886272234903,919,188.42882383349476,FAILURE
70,4.99947732920985,93.76053039856687,98.64341873377427,95.36531193151912,107.60942991727336,772,229.70301502778614,FAILURE
71,1.4972044934349038,63.049766399809315,44.51325375432169,71.25151565536736,184.2421092350734,443,208.68950741994934,WARNING
83,8.354117609109565,31.76481560640874,68.57466741228976,27.962776140810128,153.0830514070931,766,216.54522749879018,FAILURE
44,6.158526172986781,85.34895611779046,95.5260032310425,12.168734873613086,297.351747389646,528,197.96065818978764,FAILURE
76,4.8488355546621795,21.104820177676995,35.125781834928574,13.056054884925251,28.102588997227038,465,215.8922784155815,WARNING
65,8.758573239595226,83.85871925935638,72.23704360089087,59.725544661547644,62.31156931865316,419,228.92839324404747,FAILURE
95,4.764312025117645,42.64325434025122,93.319524207703,41.904675596346806,283.6629063752567,792,224.87686882632005,FAILURE
56,8.02740286436427,67.67942669085683,53.29715219659192,45.742489745869875,237.30330779277105,597,248.73848393835468,FAILURE
81,5.991380555512941,86.0824559803278,56.0781585386355,85.66714232456854,45.01520935373368,276,233.00157621780627,FAILURE
99,1.7886595782201276,31.757923244667968,81.76833708754562,89.3067612897717,247.12510742041013,805,190.79285731905983,WARNING
59,7.803803957096141,80.75490254280689,61.29620767686803,96.41024361467511,224.50241932118692,101,239.5331762621182,FAILURE
45,2.274970917061868,20.235222600697774,48.79483694930331,26.212719146946565,46.01506709793904,514,256.69425578752447,NORMAL
44,5.738532739201964,53.71742934063519,27.247215457555967,11.49429277854815,74.87511858711011,977,182.68570127382498,FAILURE
66,2.3610808353799606,64.90634147631397,62.87832862899884,54.932953145083886,172.86182795448855,885,190.68807527257624,NORMAL
57,6.6328401243601345,27.92828790966414,57.78605144256675,60.309106804445655,252.34369704044667,806,207.56137011009642,FAILURE
74,8.913989007385068,53.4270010342714,76.76949741132165,10.87853538672342,58.92076326589198,335,254.33341434193179,FAILURE
46,5.095740720707861,25.168950559763935,72.8600306146848,29.5352805158986,34.51602826897433,596,197.23729730719924,WARNING
75,5.026498498136995,80.79818303698498,95.44206197962274,36.20456535843418,158.1709663539163,561,237.31159667562517,FAILURE
56,7.866578275968647,25.664607988414282,28.99363453971118,83.65447635937075,204.4725013792816,841,231.14189237307244,FAILURE
85,6.011343027447918,93.99111870614546,83.45680055272445,73.48969451042585,21.35055879248179,411,219.11176566795655,FAILURE
89,8.427399679067394,80.85008767810348,57.48415836240166,26.82501797308791,256.88769481612786,972,209.81226035382576,FAILURE
52,8.043270839417957,63.413873026007444,94.28287108767611,40.24964568956277,114.17622178036605,950,215.2369466000555,FAILURE
95,5.040745873022652,60.15234752572711,92.3714210998113,97.31679908971043,2.6140351933688106,439,241.92645067991947,WARNING
45,3.991095175010384,21.02848845681068,46.66456452589583,97.48930595888957,213.14030693756112,783,238.28613622067573,WARNING
88,7.373854945688226,67.42783447368771,29.25328279422217,57.8003154023872,51.46486584260159,722,205.3919665371665,FAILURE
53,5.6087626197743665,30.5845362268505,15.181513240844943,97.29632623300496,193.30003369210925,310,183.69350522307982,FAILURE
79,1.0595046113737316,63.89547210637916,32.32919654432944,84.61552621935655,211.2188034167316,285,221.2065138126832,WARNING
76,1.1359434967705317,81.88907987414908,94.34566210485498,30.323840703981848,198.8663900296946,572,218.8644048990273,FAILURE
90,4.532065259989134,48.086520761221415,78.70423326250577,38.65617018984276,145.09931218757717,890,248.91258453509377,WARNING
61,1.7910425716396428,25.0254000100851,54.02314549812569,57.977529899176886,119.84204060612547,684,213.5044599456616,NORMAL
46,1.1961685064053762,83.76542653039331,83.12806697638663,30.761805290601032,280.46863895442243,391,241.97138625381112,FAILURE
48,3.352422945854503,31.916947949005987,55.57406328959346,66.09388793170189,63.80637968231677,212,184.9525674315201,FAILURE
96,3.9480474244189248,30.49376247506934,60.665888911908965,98.08513981528742,112.51114463126066,824,225.68377010692876,NORMAL
81,7.4270354843693625,78.73780662958202,86.6885462532461,86.1043592229234,127.60972517381244,942,249.40173806604585,FAILURE
75,8.499923942150222,43.21592183112105,47.19983503845759,87.66589705029875,74.97738597186479,867,225.46763422547278,FAILURE
56,0.9599180059185075,63.59302124882451,84.42535500095302,22.282390019811302,203.55286050663878,371,249.1324541399956,WARNING
87,9.52141845511876,68.4725997770592,28.814968206624236,24.15498066954843,141.12131532830327,559,247.7513088395839,FAILURE
65,0.033128030630850125,47.53199520882,33.6505136773474,55.9756690991743,41.19170885039496,105,227.6103846595326,NORMAL
89,0.4995851485949476,52.39833275944738,55.89916416214599,13.028852149072527,236.74590035739925,652,223.2879703444377,WARNING
99,5.590506040058919,65.35593465821407,49.026431444252495,52.69918750418145,92.66387449076579,272,253.6923072948247,WARNING
61,9.68940323712557,23.51752200382238,48.28702299664835,70.85986052212687,47.23150308046522,975,243.6697253007165,FAILURE
52,5.498858532230379,41.11139831826087,21.115365416597395,85.16396368834022,255.6201264487328,91,215.79796043075925,FAILURE
60,7.7676548908256144,74.9741713253633,94.50036753780128,59.66802017088449,30.676287935199813,752,255.54866514162666,FAILURE
48,3.6009391824967163,89.85572909388853,86.33856488450597,20.74400023385096,85.21539928890354,520,199.75522065593987,FAILURE
74,6.494316355093246,57.4030714059107,28.579978816278572,86.4221629669239,217.44897084625333,921,233.73667680369266,WARNING
57,3.1040784510990003,71.14559356106857,99.9988334566042,23.72300076523188,17.797011928906777,907,183.16837314078418,FAILURE
46,3.7147352227552988,49.07658870825542,75.36852336120165,69.1468155836573,149.3430344457785,888,232.08995812119687,NORMAL
47,0.9802314668731382,38.10784319866271,86.85068973323543,71.17825336155462,201.1877151514172,419,191.19907903343122,WARNING
42,8.576480987910816,55.90886833246714,67.4831458710581,15.921301216190162,287.93382839647666,908,196.16510930638984,FAILURE
97,6.29390210327975,22.72233952368004,90.00974675676851,70.46934770446308,8.53437405940644,554,255.33482420364047,WARNING
72,9.23417566938867,83.35290255266426,52.16688141472929,17.466690336612334,63.3760222334366,518,247.77708866446403,FAILURE
86,1.1846690682789818,48.56547236482038,53.47078481215739,66.12898598665262,139.42238008788516,917,242.5874062886273,NORMAL
43,8.717365840124128,75.90670981643524,20.549950946420342,21.9516655864289,276.0798292834208,627,247.92018409356916,FAILURE
50,8.862162700600441,25.936840583015012,92.23339548899422,41.11987460246801,79.62310437504573,763,200.2014491691439,FAILURE
66,0.8203535870678902,82.72070479558757,83.23215313179487,41.97619116822153,231.0002442700121,90,233.70069894894385,FAILURE
96,3.8665058029946953,23.83808470492095,40.160854161146375,30.35758466316629,120.55523055664162,352,194.90651340237125,NORMAL
79,8.223204312333072,33.84389214866331,21.790942409527418,23.327789261313555,37.93737967515173,633,192.00446063073093,FAILURE
43,7.189263745346423,21.43054891287628,86.91377293970824,68.90954337380603,126.83417967793632,193,247.83782288123274,FAILURE
65,2.1928558329819836,28.502031150543743,14.108200674586652,79.92708565922588,236.2662927077888,96,180.28841269409597,FAILURE
73,3.7678957814359904,89.26135625137788,93.68706394116448,72.0348964152576,190.4100199703355,22,247.8811335912754,FAILURE
87,9.09881875668307,26.826650554126438,68.4599584238742,56.372187744824345,235.02822266699613,886,181.5456450940301,FAILURE
60,4.726939828648218,37.47867894108825,85.84500584503806,18.130382956311866,64.81701618359679,411,230.14676262340936,WARNING
87,6.507115507988781,92.99088549221295,36.869365804762175,89.01942552958782,19.37371764161457,594,257.6793459318566,FAILURE
73,4.706829898399692,76.73630728593727,39.92847981861637,25.746936170965416,288.08533580401837,859,190.91906550862728,FAILURE
70,4.435429934590203,86.07675887390708,49.78951519546772,46.19039618314778,279.51262896963004,77,244.23189599394152,FAILURE
96,2.362216430767927,82.81601895672233,16.44091099571056,61.97394954817126,67.61660412706385,513,253.60069159279192,FAILURE
61,0.4107773114022695,49.514583716880935,57.749554891620654,42.4255046219039,16.582163006806965,16,222.96573234127663,NORMAL
67,5.348252045440715,94.07501241754156,81.89502692379882,29.278003102796124,47.073118831070694,326,254.99051997165537,FAILURE
66,9.68898038394948,57.67867425336207,64.17750616154342,63.09088313772781,157.58004162094582,619,238.4743532259169,FAILURE
48,6.949958840460772,32.66304486810722,13.571219949740325,81.29379801189744,101.10503724536221,678,217.44007405963347,WARNING
45,3.759149726367866,45.9146504483912,72.6698577485105,88.85066310764026,8.273505573406531,713,209.20420316162193,NORMAL
83,3.5955814570828837,59.094634485205916,73.1884739123683,80.78550875028985,36.67143897404931,625,188.0447567810521,FAILURE
83,7.942066954787953,78.56679337264012,97.77714086030738,79.73663064653354,145.91114990539302,741,237.59441320062845,FAILURE
49,9.044356654233173,46.1640395833424,83.59310041924093,58.51673885987196,194.20357965803254,292,198.7544822031515,FAILURE
72,2.12813432122637,59.93424564632522,45.02920212543547,64.85395066447921,13.633319845128392,437,210.3011118263561,NORMAL
80,8.628815277145916,37.94114684183721,42.460133088746396,55.84817872496886,10.708556922968288,663,219.61450598972544,FAILURE
66,5.908545222827273,55.342896187243305,79.60239728768072,19.753953023633834,25.806318051769875,734,185.97705684865224,FAILURE
96,7.319482903620942,29.214548421529425,72.25132145824212,23.24234058934361,215.5163727081272,105,233.35945507037192,FAILURE
45,2.223525215111619,42.48863826805588,81.5063602735296,25.900451280688678,54.74956179843395,719,257.26275625892913,NORMAL
85,9.022255532706605,31.357157218043454,50.70085479525002,51.1122362504244,106.72713387335011,161,241.44990597325187,FAILURE
40,9.868678275710556,70.64260396774944,23.60844740509862,57.082524047592834,177.45372597566904,477,213.7304452387013,FAILURE
94,7.6381836755090236,26.88692449926489,22.390492909043946,55.73478234463377,219.7475463069025,43,195.1296211586121,FAILURE
66,0.8611022361840803,93.44224161117221,40.73824128258762,87.21012763114388,160.4031555963249,732,248.7159388899883,FAILURE
41,1.7743745058340665,68.12947310188277,69.78310144543141,66.95949804537759,284.440416375619,532,199.54233094172477,FAILURE
52,5.11918817851738,55.650500419675986,45.851495271799045,26.91821437174383,61.43232818022264,447,224.46962959284807,WARNING
43,2.231785355409964,38.263909489805,37.44127280890319,69.16732891748607,167.70795354740926,509,209.08674135195702,NORMAL
60,7.360287718933744,79.81396855354231,34.46101675839358,87.03295660331332,226.9343545519305,876,249.10338911459735,FAILURE
44,8.279782072034696,93.09254474514853,64.7230004919191,88.1629913239379,91.8156390395132,963,244.10006152808208,FAILURE
75,9.594884629654617,90.67842902269763,51.9708391437156,36.46573845227162,25.041981092770634,185,191.4025603566238,FAILURE
68,5.439648811072329,91.18134915524898,57.80012521684098,54.66626975990738,23.614765941070523,937,247.4182317689336,FAILURE
88,7.867140591682541,64.33707508304528,53.88220323904356,50.68873696346422,228.40505559021426,262,227.80731637156865,FAILURE
77,7.817576729336263,22.280693075030207,40.475241315982394,52.64709796028954,216.41342107334674,716,206.20618154899722,FAILURE
77,5.635142588811921,93.40254200016822,41.21538412064935,95.14893952455634,209.4762638268339,304,257.0844156388722,FAILURE
53,4.4929042293729795,41.7263574970966,23.68335888612082,39.917447408847096,126.49967565770598,316,234.10257290385374,WARNING
93,8.206701174525113,86.8942016232654,97.78294271402294,39.18641595212851,29.1768013572074,777,189.01758571469333,FAILURE
42,3.8321468042914244,87.48214035018592,20.897584024864614,67.74040126661546,289.37032258977695,94,238.91447070399707,FAILURE
75,5.515067563203066,43.49834401677968,24.026011777396608,79.94190375481821,102.54448923862738,763,254.79276794828525,WARNING
89,9.104270529144326,21.47088573273856,83.04440523500865,94.78265384404133,283.23695977664784,708,201.12349424586031,FAILURE
99,3.318202054562087,40.84578638296653,64.40994342663328,30.15857264842044,87.13859895282935,124,230.08738092823518,NORMAL
71,1.1701229894078613,57.920493647387204,23.27567507267079,32.341812729111666,145.38628973242564,920,251.2258276496596,NORMAL
74,0.5672678017797417,51.33400877007314,21.54241155490294,51.82735219834027,47.02435681548872,901,224.27197434280941,NORMAL
78,9.840903040187484,34.361182206896174,48.53780169788621,42.60751681199348,156.95485747284323,996,198.88620645869153,FAILURE
40,9.882928557989207,41.27307927604265,97.75025670328381,96.91313366847062,245.35665852979713,607,235.37777955281152,FAILURE
45,7.524401786921136,33.111032126966506,63.126891025104044,97.30314415269021,103.18345920245665,79,241.06132248299923,FAILURE
70,2.202454422522926,71.50236898889636,82.32091232349099,79.92978533329152,257.6925572729875,596,215.11682316829422,FAILURE
100,6.00175486126172,86.93498171081477,91.88867499788286,18.327852483891206,132.74827066267784,878,202.3259171951523,FAILURE
77,0.20928613596057688,43.31495589655951,76.60671891714527,37.13788984368051,60.334725466226075,217,185.57817347650217,FAILURE
94,7.873908527343923,55.241576380775236,65.72439909763423,95.60618106791128,163.10202950438233,79,183.0630901335579,FAILURE
61,9.020357884084712,26.365565289652377,46.52524818975819,62.48146837913916,286.5821997382459,571,208.75818878453083,FAILURE
45,5.075273620808059,63.1407764598949,84.77684089721095,32.881948371547864,138.6932493046551,441,221.02416979434676,WARNING
87,8.387820145124685,42.88757874423892,58.42792771861658,31.543719898514038,246.207054289242,104,216.62023702021673,FAILURE
81,7.114948662159007,92.84139036741482,55.55105444484839,71.22381588551286,173.046272571837,934,245.54686943901623,FAILURE
65,9.408647081802338,71.88333718237985,12.651152241897119,10.922262872949034,92.80663032955249,399,219.96356331819587,FAILURE
75,6.589259170493235,71.04814381526221,65.92780297712576,81.61844220790147,89.64802674030848,700,244.09712563180665,WARNING
94,6.725776124284959,79.35496688532447,57.43174381836485,16.045240958255782,27.434321207979956,998,208.6889645246951,WARNING
41,2.885291191977185,88.46841887070063,23.00051045251505,55.927868686128065,283.9616666325805,652,226.0066100544458,FAILURE
65,2.8422658580240148,58.03371719522218,32.273843382775766,70.10140974108631,157.76436868273618,293,223.9002375966827,NORMAL
57,0.6373820579533473,48.64316735503903,36.715367924860516,70.00305977057678,123.80529677333814,237,184.06995091101396,FAILURE
56,0.6149167362249364,26.730665597582842,11.893461701135335,51.87974651568291,173.51695590893587,168,242.60983812378754,NORMAL
81,4.982396232995394,55.59971925650274,93.86074729845494,32.815936091646705,16.44220337834055,742,250.68309172607786,WARNING
41,1.029541913782407,48.282293081906445,49.83888351563725,33.67759399320087,2.4747877446122333,537,257.71415499255966,NORMAL
90,7.594363286342944,85.86280333330593,31.401269751157486,10.168654111186866,224.05171698528045,37,199.8842855339863,FAILURE
82,4.305387015155184,53.30752006527077,69.7668143630352,38.526037852830655,34.97509409762297,201,221.01794293242307,WARNING
83,9.063501312492287,88.31667615934937,72.81571512639208,10.239845520653398,5.636313752151337,639,225.5438725356595,FAILURE
68,7.420538315466207,69.76171649442901,36.67113988414057,80.15225017809601,29.189018246739153,949,215.7291068284737,FAILURE
63,3.7782968520985127,88.73053055078621,35.46110223987908,67.85579080059472,192.23932783052365,943,239.50964758526453,FAILURE
83,3.706905706059792,29.774806286888797,57.57964168315604,97.33310766898154,126.83668251403488,874,218.3594473464579,NORMAL
47,5.359184238135997,20.74602972153521,78.38603812306525,94.30203566706822,151.81357240750197,941,248.64710913185877,WARNING
48,8.751877056948222,27.974468342553422,98.14661437600066,68.02126879943074,36.15092954501684,900,251.1459880161952,FAILURE
97,1.8762647767175922,31.412510444351177,20.51960217246542,43.482110925392384,235.5597713183881,124,225.036615983254,WARNING
46,0.012704424408908066,94.37989752100263,37.25554889660086,73.22458545234662,112.24752182051974,894,182.48440270193254,FAILURE
96,2.8782955951451505,39.60750565648637,59.611742795603895,10.88663730536533,206.3691663184161,52,197.74022981274254,WARNING
50,7.61900326326792,83.8698905467007,47.51926936389001,92.69834143073102,269.0345149262338,940,245.11613281432113,FAILURE
86,2.0040535478035846,76.94328132004196,17.874030869767527,27.158152830717988,283.2072511464375,627,196.62360664275954,FAILURE
78,9.941368257918986,75.09721691640058,33.6440186530652,65.26373300414882,133.77589848784677,262,200.85675992721187,FAILURE
69,8.611812127575947,59.891529749958536,50.61781062311902,48.063663646272,212.99411320469156,303,254.67885319928152,FAILURE
40,6.726913644779379,93.51794840576197,10.60655923480261,13.23015770843222,101.93049913451296,123,198.67122663171872,FAILURE
67,0.02855342726241661,65.2447054061868,16.229500156976364,29.697853355992592,177.1571231776299,118,193.3195281110634,WARNING
87,6.672363760393843,77.84343681761388,31.737862691726253,79.72011588245239,296.21636106567223,477,206.11713851124577,FAILURE
49,0.8332191938122135,50.749060240449694,32.37903090808899,65.3977375861555,106.76555114972143,484,244.0809652391988,NORMAL
66,9.64562026356413,39.08935514895496,96.52081344978758,21.055878094026433,269.87977283853576,988,210.54258286032177,FAILURE
51,9.383016558429947,77.63481782593357,15.228865959877211,57.59205660240691,38.25232184808093,910,236.88427921446467,FAILURE
50,5.871937311251499,82.04997019843998,12.572330955218874,57.87302295602718,208.12953452176816,825,180.70600846082553,FAILURE
56,1.1312656403511256,89.6701282875294,67.26308976921436,89.82985162976506,177.73361536255058,788,232.62846443232573,FAILURE
50,7.170681130475039,60.97947590011682,92.38494700485734,48.26534285029334,5.5932268208343245,548,210.667065928101,FAILURE
40,4.882540396884902,54.13896531657324,74.31968819319982,13.89700373357583,134.91262653949343,614,238.5768269189054,WARNING
49,7.58552509379654,21.922983973860976,33.0019913046935,13.064154826551718,26.050089194890106,663,255.96859660260844,FAILURE
89,4.167952038761602,49.64934466996078,70.32128804474475,80.63943034347241,228.17190759129224,416,227.84392409628094,WARNING
48,8.035886252264604,67.26219942480262,85.6884259412089,51.858239678840256,21.77922807605861,894,255.28896468135878,FAILURE
40,7.1068407296855804,20.380469558378845,92.45641303457325,53.491888361483305,27.52128173213499,556,206.25582445535483,FAILURE
92,8.320102236028745,29.407964576526236,47.56852662253538,59.37176746690968,137.27448522610882,172,230.99603919288683,FAILURE
91,9.82037315180024,94.08029582912572,99.65478436413927,80.00828847381212,120.48226025586824,338,237.96162751176627,FAILURE
83,5.888725754428965,84.31048103473265,62.07198788801812,81.76246791247534,92.33163420078492,935,241.01158620347923,FAILURE
59,5.670752963205247,43.64351130896114,85.9787699955625,24.49636375555663,101.69443502519685,180,209.81598242370535,WARNING
45,9.118871139527968,34.244082482113484,22.349889281583458,24.847468360779274,152.69072966406637,930,199.21973398300085,FAILURE
54,2.824254290498013,89.30291563732915,19.19660141112182,71.22442244444605,17.27280297049623,923,248.05454889240923,FAILURE
96,9.948403564273324,94.57117445127462,89.59278882421978,17.813100133274588,228.9882120755686,33,241.67625435308202,FAILURE
65,3.046027902735232,88.56918028846849,38.08332578810939,27.06445683085787,268.05450579537415,553,250.36175007041024,FAILURE
44,8.433881558676298,90.45109784451546,87.27019661486916,90.45276714298228,231.57328391834116,522,258.15446015176826,FAILURE
86,8.562913767461328,25.284556803231958,68.37609879184781,91.50037671550803,179.7560576809349,488,258.453924599595,FAILURE
100,8.466700555839195,47.17693566234649,60.97862072507031,52.24112697106723,185.68760325495558,882,222.9722584144884,FAILURE
91,1.0979673088879416,78.18079317180715,35.81496856775007,28.034434617362848,69.00563828005147,105,230.774368133859,WARNING
83,3.237655314351031,43.80960622343912,76.20606827092047,63.054670151365386,130.53667470300002,113,197.12161255074204,NORMAL
89,9.62007514077857,59.902576850735386,65.20719000624328,88.89166620109955,14.405934220182937,421,208.54151046959697,FAILURE
96,8.418658986467708,90.79741776736589,44.08188921007612,93.57643782550181,25.480436493262086,356,252.27712137164235,FAILURE
92,3.5044279107069998,85.25861715640508,67.89074519884994,71.13053215229957,100.27463281465108,898,221.10626874174724,FAILURE
51,5.8245315879841275,84.05221470770991,50.853307935870426,48.276304511925886,247.33924070134998,307,186.1814009790781,FAILURE
46,2.567425813918388,60.85092016830337,22.766412678420895,68.0504793672877,5.922572232724505,532,223.11874911190927,NORMAL
81,6.050355308202904,74.06668584253217,19.24697093528762,96.05443943557597,62.39853241470452,605,183.34745744487043,FAILURE
40,7.073967468362809,52.17226766758412,83.51308433131086,51.71298096411349,205.7289525118387,857,241.993091158145,FAILURE
60,2.421543337462073,27.913037699164157,89.87810588265602,39.650353527872845,198.58636261365825,264,195.02490762943012,WARNING
67,7.046828244160276,35.25443711625962,97.43180036278106,70.61179345357414,268.60487974490115,953,259.09774815814217,FAILURE
58,6.847071485230654,28.277931468260874,65.70962038946294,75.91990874508532,17.205274915598267,200,238.40136928020956,WARNING
71,2.7885275958470555,71.6621583347014,28.306328151276343,15.015583841905283,85.91434260449822,116,198.38627992929804,WARNING
94,9.579744119747426,25.944651919434516,80.76344116232004,54.926074285998226,90.35735887446745,501,197.52323243157542,FAILURE
56,4.7428931789355735,38.717202925986754,28.50223083874962,60.019152105535944,46.84450475863349,797,213.7244364634813,WARNING
81,5.851998923312313,26.96014448682148,76.47930979131911,65.0005437421905,12.246883422377769,551,226.12934035963252,WARNING
100,6.895607600185923,87.59535377314891,62.93413885259325,54.57764240096839,119.16142763799532,867,245.9838854994154,FAILURE
76,3.3371543550838823,69.20650149059546,98.30568504927953,74.28884867547204,214.3695609456074,192,182.30540878181813,FAILURE
42,3.42308205543824,51.09560168954774,18.879480697681235,55.96404782730297,16.113769580522725,84,240.81774757983828,NORMAL
59,3.2980875291597442,44.32121500719256,92.05724000003083,34.66138926773781,3.332446148064909,169,257.93982849355285,NORMAL
45,6.784875337995601,33.24705022986756,95.38447487719456,11.948498069504792,195.82737914479736,980,216.8441266247682,WARNING
42,9.43490159235898,44.636072781479,84.97777378061875,97.7790593774768,108.63335705011336,203,213.28145605845478,FAILURE
42,0.026492266515029117,34.57242400998933,31.293107807639082,27.81733499849222,202.38711417914212,651,227.4865222036876,WARNING
40,1.7547815558894586,73.79563672659584,54.13903439916345,29.103772188780155,183.61434550780046,332,224.68018653810836,WARNING
54,1.8743555448675786,89.35155475693547,36.2992599390276,28.29871671981007,228.49013321776306,730,228.09523664811013,FAILURE
73,7.681039355575634,86.4212314821345,87.82857817808494,51.8727228884584,210.41222804918326,636,220.75941330010085,FAILURE
88,4.526379026070027,90.39829197810441,34.61961712458293,54.154932210792744,165.06404814932253,661,238.8254888022259,FAILURE
86,2.1422077308031784,75.51743257442061,25.666872632060972,71.95505917731937,239.52688967448978,390,206.55198731198314,WARNING
62,4.204314091808657,62.24498051112002,64.35507083764898,46.657161014982734,130.88428358405707,392,248.45657358762077,WARNING
51,9.804399659714079,89.5092476789838,16.693795109474863,75.104253276787,154.3975217321646,829,233.2426636166634,FAILURE
96,6.155257162645977,40.029001682302095,93.90663024030403,34.545267133011095,78.15331715036794,951,199.18540738715794,WARNING
100,0.889600832823022,43.25100868176529,44.98883146374168,74.3792563178807,126.68428771750791,490,183.17649520686524,FAILURE
84,4.214809739988224,22.5902475434542,48.68031209169884,24.917854411073215,124.75435941534663,732,244.27899798838035,WARNING
88,4.952234037709278,65.22931811676249,76.33058326202544,56.88356810641258,152.16914173273994,26,217.89814883750472,WARNING
68,7.241512155370165,58.59930614770178,71.12601536180034,76.0484213116972,224.01096080518354,315,226.9686142431452,FAILURE
50,0.8681271631927034,83.80440372532325,55.53405310556452,56.99238806308125,279.28262172695855,690,220.93910752429252,FAILURE
65,9.21671503119367,78.42178510264722,71.41702053151025,59.51105089441262,208.45166832886534,134,250.36117283016125,FAILURE
83,6.534442888516653,94.65603201638963,40.83360538021201,85.1290566717248,225.88336450162987,803,226.81689687121792,FAILURE
69,2.009266394244449,40.40926974406152,94.57055339142885,21.112652697646336,232.565527816564,851,182.38818333432798,FAILURE
61,4.137809905116221,61.46418728376705,49.86423343902811,18.17171603101964,207.14375037489478,425,210.14697469832188,WARNING
92,3.3780094407517467,80.38855225143524,51.43272296430433,45.307912841642114,269.5141483399211,470,189.54000662773524,FAILURE
43,2.322736161196869,79.8947525025166,47.722103868788714,84.81033068746216,64.45600536601998,752,198.25474589111033,WARNING
45,4.441665129877851,87.30846964957567,10.62374706930697,35.6710237244072,118.9259126027712,715,188.97091911511393,FAILURE
57,7.510364367387986,35.21642733185736,22.01639967006882,39.957775017126515,100.49782936857508,410,229.18059098931832,FAILURE
86,8.052927083339474,74.5307740694312,16.82472103035017,45.215533866818625,55.6676041310679,418,206.76644849839008,FAILURE
84,1.4063999114508752,44.84487709047775,56.342162335133644,16.945612216094027,279.6936376943878,806,255.4933449768222,FAILURE
67,3.2197296627584326,83.16525496666867,78.21850479344121,11.013552230489168,132.11646296456385,75,251.0902689189839,FAILURE
66,4.940835855971981,61.55912498852478,37.17408454639877,59.235362865231686,9.975444259866217,188,251.00861373439358,WARNING
69,7.149355219359707,86.40473867468899,72.08092699588119,58.721410177988844,7.884623536807009,366,184.05504207066576,FAILURE
43,7.376110089993845,32.88790847117414,86.24048151717527,62.01323310506749,132.64326472912336,154,225.23005755117833,FAILURE
58,3.0840538847266363,70.75569545704184,83.07480513991023,76.05249758174986,141.08674486552292,485,237.73535157220027,WARNING
67,3.272809741284485,93.65909820280018,14.692311185337491,32.249328294347336,85.2146783460226,898,196.8019818286687,FAILURE
46,7.74641517040026,62.916408240261774,18.622741609255783,69.56742193303523,259.56512108407617,244,237.51646895037635,FAILURE
55,7.605106175796145,44.123437947139536,38.569675331336256,87.68972487285956,253.67015056688618,393,194.43549139381003,FAILURE
77,6.387567060344677,36.9204420604195,55.44846704287835,42.496809830316906,185.80635907653206,491,193.7767266311781,WARNING
44,4.579089417214859,44.24594087922243,90.2912902478556,56.58180755375533,144.78141476633493,526,209.73199570533922,WARNING
100,1.3992547664744381,76.78103823649639,21.078486773948583,18.16617091820231,141.31393560252417,56,239.85332655971746,WARNING
64,4.96544855564347,26.860216074949268,49.641570214587155,19.66722585925524,124.28381815875262,566,234.16398329264194,WARNING
93,7.9148427085628,45.19024780238426,33.52585820348597,76.44107827763273,84.2324447704431,923,239.68300243400228,FAILURE
46,2.0860512845243804,28.4005442711372,66.07993271694835,96.14325867444276,92.74476161570178,913,204.23552353737267,NORMAL
86,5.325322513417957,68.60134034019441,61.11902900019997,59.80212928976627,35.84815438054311,288,227.90046450584651,WARNING
47,1.307745907291319,41.53266980851898,65.28452657422746,38.977474303673375,280.0863562737612,72,202.71271001993392,FAILURE
52,3.754882183850624,52.01857749317703,96.43724980210602,84.6133294312088,182.56987335833927,512,195.10700366740122,WARNING
99,7.644359553424101,75.59081304050139,11.66232292503376,23.297146270723523,203.1991715488731,803,206.4318038250981,FAILURE
75,3.577277390249077,44.591450639776184,16.13755363733949,45.50950434176,250.21125918085903,707,191.55514308548027,FAILURE
90,8.635884773618152,55.185054858585325,60.68484238913925,38.86158689260044,197.77166759764808,195,226.4035987720457,FAILURE
87,2.427313813700269,29.789938603914315,60.91834573898134,25.60479508531823,153.41736608828344,342,194.4722201340647,NORMAL
71,9.593955991475463,38.263821547683364,49.6555650387853,21.48416936270907,35.07690321725272,141,199.51018902808198,FAILURE
89,7.462420294845512,44.1359384641534,68.7964718308585,39.48267280409378,118.72537327529189,105,182.1902791925975,FAILURE
89,2.8615484486980955,64.27936010535244,73.26407496668014,17.99023872825849,252.31473349594052,158,216.77338339095104,FAILURE
76,8.056130200517837,36.06576987853281,37.33111053914306,38.418313623137834,293.7084717912184,504,221.3744961448025,FAILURE
62,0.31972522390122826,81.62070268695888,21.194350502478034,80.56312373067252,61.8517424429879,799,251.56641565153473,FAILURE
42,4.063972598362215,51.690735376452395,68.80791224932359,17.476512359898404,71.59445374238213,508,212.96463707352206,WARNING
85,1.101168063609117,89.3788923749201,57.78615079962717,63.78235710963396,107.16171145679499,656,198.43535252140407,FAILURE
43,9.556873026171296,82.99645441319343,98.00712105972923,84.53127550137644,261.8026246681189,665,244.0863246137831,FAILURE
42,5.508792364781334,62.23370897531229,85.22543146911549,94.53330755170612,21.543308552359843,56,231.81299946702745,WARNING
42,1.9681569460894277,37.1973333539584,62.11354201870945,32.99587954574684,190.6772773136732,108,223.45864043549034,WARNING
61,7.02530361016466,81.60973347482403,20.93430338918975,62.228477566767864,116.67014282691292,250,255.70027358089214,FAILURE
46,2.649071998763671,52.895495318778494,88.00412701689616,75.33913973457557,250.94292444014513,144,239.96792313104083,FAILURE
61,0.4254459572856506,42.50112451816929,56.87083502512746,61.388546100048316,199.01745485056773,71,228.19201987355675,WARNING
74,7.652111175034508,81.18158519100237,47.29269246105979,99.34031379945749,131.92804262087438,858,210.9839740305461,FAILURE
96,9.199189966410959,93.102140572192,42.479485052568805,83.01485865768521,34.79372097837364,366,226.68420532828222,FAILURE
84,2.2355551177036306,21.404240671041553,12.069126360781624,91.99591801708044,220.87500097566635,170,257.53532363127374,WARNING
87,7.669735464187902,71.20889370845931,25.844597180083653,36.229357155058764,232.87930229552273,493,221.1055899000702,FAILURE
93,2.8773090539254143,87.0207994740584,58.79383189843315,10.769752681088198,133.46823471129724,684,258.1772836689876,FAILURE
70,4.329811015491012,21.542942104960805,77.6801438546451,89.94783308548608,44.77296192628856,411,241.42571193327973,WARNING
45,0.16509952869100286,26.53447744579809,17.121174682422193,24.678814065049007,285.12460870806746,161,231.62865254708703,FAILURE
92,2.787221963537674,31.9866001401575,88.13694013724788,71.78402484731978,115.39547612984559,931,215.9908723339223,NORMAL
79,8.037912202287892,26.495282861385697,17.956452206416966,25.832507905011852,4.613399604538556,395,204.58709632143245,FAILURE
87,6.646354291131228,50.938717820393336,34.14623324021544,55.086891042614305,267.5292668156981,819,194.43893227518217,FAILURE
62,8.447106997879876,58.349882000096066,62.27342989731846,18.78200802212742,153.21291348671858,46,248.82089083656948,FAILURE
70,2.888018186693163,41.951127896291524,64.6369711110797,63.9641087383088,35.26569548294969,139,187.86663358472774,FAILURE
48,8.308748159058927,91.94002323787535,19.623780791588107,54.957524050735245,214.1540206514975,398,236.85226189878654,FAILURE
52,6.5949099542184495,21.576229120920146,10.568175308270565,66.44036192069785,196.4238344960845,61,190.62491764566423,WARNING
97,1.6838489188063976,44.25938055318761,81.78724858658738,21.490114897687477,46.75057135569431,649,233.80957081319713,NORMAL
97,1.8207648537418553,84.44061200911143,18.095679056701805,77.21206369803568,248.64093622974997,394,194.48325258656772,FAILURE
74,6.198987663424421,79.01090615930337,74.28446282410705,60.61405042014827,90.67613350007431,668,218.44123736192154,WARNING
53,7.65617607685256,85.78951060557213,44.721312237769865,46.561409986695764,154.70613398465318,802,238.68834030234524,FAILURE
49,8.06359909256145,47.10059890341484,54.64668001819736,83.03217567929305,133.50301825280673,832,222.79581587749445,FAILURE
87,6.78307588666345,22.81315812832659,64.7898254204581,99.37992867428645,18.220549687998087,243,188.35379038934377,FAILURE
79,4.551782618688579,26.372526560947815,21.190026719763818,96.9239138686763,215.275860228154,853,190.1492074211736,WARNING
54,8.059178683397572,49.88695124103066,84.08449824087296,36.16466004263471,205.76819559700047,129,212.32663596337161,FAILURE
87,6.402689171741345,39.26019130712213,67.38755986299223,66.92655614155552,117.52025748720632,562,222.8801626100791,WARNING
41,2.0329046446801478,76.02919497720143,35.683358309264975,22.661174741365556,211.09498390575808,417,185.3880417331322,FAILURE
45,5.177664689617111,93.92043066259693,47.478748307515275,84.3355142506086,232.33048978616935,629,230.28250438364975,FAILURE
65,9.856610009377375,50.16218215040217,96.53288548286783,19.131907812658962,33.6787791508732,551,191.91830548423073,FAILURE
94,9.288941379734473,87.77387557435928,64.75126262314171,22.444967925931486,7.743541816548914,287,199.9710664557466,FAILURE
90,4.821834007738257,71.93917485384058,15.03315920797776,38.06744684730765,18.315699001009854,719,207.17371580484345,WARNING
49,2.3727365206131967,33.209319670878166,41.55779862435208,55.5124710966114,17.852169524090414,407,235.5167424725949,NORMAL
89,9.9744370708245,90.30872078471968,27.88027209457411,18.498754684971832,206.73905184588673,596,202.60419946339826,FAILURE
72,8.784871920890545,47.02713465276207,36.47922168440386,25.729040119493575,77.27499979880456,81,217.5150513568596,FAILURE
54,9.507848631231345,30.44192056393988,37.38703937082124,76.74320754556513,11.683251853231837,249,234.26366535091,FAILURE
54,1.9471749881178213,90.95559462899611,59.14563859158738,13.782478243572989,221.1577112743213,381,211.57619848726165,FAILURE
85,2.8180229712361538,61.368543991810434,84.48114955743988,43.62000590351529,37.81442401581546,487,251.50947088136635,NORMAL
68,3.606414864360754,47.853075154627675,80.38931131339763,81.56611332604068,113.35075894184077,147,230.1313500497048,NORMAL
100,3.9855888821911876,38.23695378084453,39.15668828261529,60.099480556431466,64.01834594349641,323,231.94510454858886,NORMAL
90,9.651334027663905,65.92942669750008,60.18069737939962,39.34282095446278,155.46278116405452,205,197.6460003602074,FAILURE
94,2.638178681276365,35.53629972604033,28.41892708195746,62.01182351535806,169.31894215713132,602,220.47388878340138,NORMAL
51,7.326225175243729,50.27520956992319,78.02157860247456,88.95496381037258,271.5609749786682,785,218.27820098201354,FAILURE
50,5.220424517959993,34.47892120544054,25.802730432580503,42.77266785969053,147.85906384530617,434,245.13023235678963,WARNING
79,8.895372764802529,86.15882094569311,92.65419092371859,78.6101616780983,202.32351084457343,844,186.31807937524638,FAILURE
53,1.8775636624635117,54.4480106448329,28.71277365219999,85.55807158439487,224.81929254127346,955,235.71334703146363,WARNING
91,0.23278402611382698,37.86720851239522,10.64203833798141,51.88350420984205,70.25565599749856,249,235.7890295895314,NORMAL
95,9.001853559365685,22.370765142952294,91.3076983333973,94.72715410795819,109.10054110964008,996,193.0418304118655,FAILURE
46,1.5212852943328459,38.98026017682459,38.37083759476755,35.2615821306816,136.8510638414599,707,193.19851632226047,NORMAL
94,1.399910275066475,74.62794224288234,22.65676318466786,71.97908806524157,122.33844569497492,307,241.78206469758038,WARNING
67,9.297125253304847,32.44459241680928,58.450431090607154,61.51345699590305,276.5600311910114,346,195.40678703232427,FAILURE
50,6.001782103764571,93.36926267057319,37.18583173281234,81.15075216991366,37.09644427905702,649,235.7832599606914,FAILURE
76,3.0077378654753906,67.1931827149474,39.416217474361304,28.67658343883647,176.0088594899044,671,230.68901211324072,WARNING
87,5.1800727596813365,86.43842830695861,81.40543400173216,83.93308861455111,49.385875085999565,229,181.66318763519732,FAILURE
63,2.4412901664936006,59.66741067941663,15.716420796233395,52.10994572519739,79.97939914920084,938,221.26173395765866,NORMAL
72,9.338737144732338,72.16509553921564,20.149773791123128,31.300751275661053,46.09126349682221,322,217.7362894865555,FAILURE
92,9.955191377629914,52.177357208178485,85.07768478766022,53.902520044988975,265.3592607475512,36,196.60655063107885,FAILURE
79,4.954949468982654,73.11949730537509,57.24498523389468,21.516959626732362,233.26505368216704,343,186.74672352417886,FAILURE
86,9.17610245332058,92.66886708293308,14.814495025406458,33.55741017280178,241.53668214896567,45,224.27741721627095,FAILURE
64,6.717273156560322,43.47774686266452,20.32766371146977,81.48528048761735,159.14974006660316,925,230.5666546120775,WARNING
60,0.5029622376278275,49.837396853814326,35.84991270448741,31.291409564990424,131.5089902306377,709,223.70139046064855,NORMAL
72,0.9238491350589872,38.82851359628208,10.28886291617895,56.527243043915426,130.84327940705228,292,191.5792872919573,NORMAL
67,5.2213685462153805,47.085183204490434,90.66941159281893,62.49528214068981,270.83128844842366,949,228.08562663986726,FAILURE
74,6.864790330667807,63.91849101049172,37.60210661592082,38.05530992136262,52.63561555594784,284,234.3402242192119,WARNING
69,4.068328159680482,94.25656085346559,37.95324693485618,42.789425968072514,140.24312781279005,82,253.56127422671725,FAILURE
65,7.919042599352153,76.26005954135692,85.43497346122348,84.31746031758651,225.00279501367365,701,235.95401783450524,FAILURE
52,1.0924961995499671,54.02883740556139,10.44522667112054,52.933384220665694,44.634198989516975,98,233.21515999062436,NORMAL
96,6.41597447522326,51.13264355128351,23.928963961367796,85.68136008643079,143.00457187206788,314,222.94525898348087,WARNING
54,4.183215523857674,89.82433204288157,53.292608797240035,44.58492214802761,27.76569228841045,275,198.19296900126284,FAILURE
48,4.467132741015424,69.77777112408187,62.51145938762955,60.42832796194625,246.45382361470504,973,245.92154263368306,WARNING
75,3.546133361767808,73.25954628202007,30.789047705042996,55.173450470055855,159.34766737004077,711,238.1185043069912,WARNING
77,1.1327366251846005,44.698843165214825,14.380358476805677,26.948855186749093,4.535823482775618,529,256.31440109190464,NORMAL
83,3.757094120236546,66.81901517411664,98.22078140942021,24.161659491930042,160.39217482143923,477,208.4718098435698,WARNING
90,7.08436366296488,64.49658303229268,68.80734179991315,68.32908670443784,172.08095705500287,826,215.48959998764545,FAILURE
50,8.05101863607562,76.19183341373596,20.33953216669068,47.72902180609009,21.790435805702042,1000,238.57193505528517,FAILURE
96,3.9560173340799185,21.039696922045476,62.97304371541668,32.45697381337117,230.7694097690951,749,230.37325181609347,WARNING
47,9.729611515975138,57.067930145333,70.79511620447212,96.8140035295044,81.38052854683106,274,190.5122289422331,FAILURE
46,5.801052755595767,63.650199940006814,84.85249780604335,35.679663348090955,20.947355504281894,572,216.6983242596595,WARNING
54,9.776702649735666,77.52233817937542,45.05702918506023,78.3225291635673,49.489879472341535,674,185.39594183194203,FAILURE
76,0.4629350137175392,74.11943562194658,98.3663264088141,62.7964630244446,114.628695870198,610,233.22344120314855,WARNING
61,1.1685320656689269,86.13929307206745,93.92425534165379,57.60257304591847,228.50400712822338,680,235.3858709474494,FAILURE
82,2.796721373250323,77.59916357218472,97.6034649585711,69.36363465234712,167.52043080402888,232,226.12147094044968,WARNING
95,6.974882620804037,60.87575453453788,72.4931078374866,76.66179964468637,3.789412438641094,788,238.3409877222859,WARNING
52,6.271885930055668,62.244432913355716,11.359048969121009,13.54964979233193,32.317755638127835,774,237.0129358093888,WARNING
77,4.9148864943012995,86.82723748292912,38.34878404336861,74.14720811211497,5.420642856884859,738,234.8481870901965,FAILURE
47,4.286505112452873,41.78354910991271,68.53135376072004,43.681319304981265,109.99311239649997,808,180.43839745988865,FAILURE
83,2.5550721204899043,84.64479412942606,39.940238663271685,22.14064859141439,122.89257409940635,514,236.36134044252373,FAILURE
83,3.6509809181929764,91.75268812561042,13.404786388549157,45.03563010882832,246.82817917703736,470,248.09614868104367,FAILURE
99,1.5631147426077674,43.82401351351126,96.50136547355986,36.363818639888734,189.12682534930178,839,204.4252134769264,WARNING
66,1.4712056135887819,70.9854041052242,32.010515975788664,28.964817344093984,58.92178870877446,867,252.26378615176245,WARNING
71,2.7906849916049192,49.93658744509257,12.652392104678974,32.51823352756641,263.48970374107193,365,218.20668273217817,FAILURE
97,8.112530640005009,70.60359904700854,99.29821285152174,96.76326226629517,264.81401617936444,756,192.4744177271071,FAILURE
63,5.866491088335685,82.40889352999787,36.335964910118676,38.76662461325743,79.53871937563171,322,209.3268927419381,FAILURE
86,1.640852512745028,27.66334317498031,93.17995526243655,36.394162874249645,184.5349714112717,26,258.3664908604467,WARNING
52,4.937240290204744,77.09254956435201,96.05264763719045,88.21744245317706,283.32512777962995,952,207.83194112384257,FAILURE
76,7.136226549621716,24.402645869557507,12.245580242325307,80.99248606783688,274.69646810753824,71,220.94854480540704,FAILURE
59,5.410494406164959,43.72331109984758,93.87867418998138,35.22111504165917,158.81691432097625,486,182.79663641773294,FAILURE
94,7.680864720123161,57.44619497051134,82.9964248613123,62.88299217069962,266.1365290035781,896,205.84565468781256,FAILURE
71,9.800237492605353,64.44628272140324,78.66262591954604,87.65039838766253,224.37474120525277,413,211.83401124185497,FAILURE
50,4.817765748354471,85.35596488418624,94.52154856598442,44.52427971441404,163.99031575251007,497,213.3777379347165,FAILURE
54,7.224492067203388,54.981234052507624,73.79571455754592,81.33653893053773,194.56880032663435,108,248.78823832039052,FAILURE
77,4.404744344959805,87.39959581107905,63.19425246040643,44.16607245627521,10.514777890198825,549,190.3070408036612,FAILURE
69,5.566822336129407,24.20842740052671,52.415807166336954,70.54751750646582,32.97288978767804,847,239.2986963501459,WARNING
79,3.7501779473698016,30.196336772562006,99.23403222851721,80.25665916784108,74.25183239489137,268,218.612257369512,NORMAL
59,3.2446381990491036,63.857220181776704,89.27783446986453,28.27509074181518,65.87884045506097,919,202.13422218254595,NORMAL
62,9.167429245622378,69.03223063067946,82.35109207535741,85.537162373445,202.0437210263514,761,236.03876804445616,FAILURE
88,3.283627393221631,77.98469311108809,77.49604506789495,17.305233011696963,244.41295611192575,571,243.8670187259935,WARNING
43,9.566568564532552,39.31587989287138,62.822589182049526,43.155978409036955,112.973034018463,274,186.44777456702454,FAILURE
45,0.5340133934073021,87.78330496169725,36.25161963274412,27.652279102692184,64.2914263134702,135,240.0669883527604,FAILURE
85,4.79345340516391,84.77677603683742,21.32555586350245,90.84607672797988,100.43094538997491,20,194.8096515225534,FAILURE
63,2.0883208982241817,24.98209383436918,79.47865378436012,58.72589123680997,241.53031089882464,258,200.38092557851024,WARNING
43,5.99803026382456,78.36201537107875,43.01569599808021,97.69601379376184,229.4782665434342,113,222.00284389063765,WARNING
87,6.300237392579522,22.086602706300926,27.385445574319935,39.33561085401685,193.59629269093767,865,203.66835550692014,WARNING
79,3.8385149973336774,73.30548476254424,52.62092139149149,84.98876680636084,108.26444448828398,779,238.4611718458496,WARNING
70,5.706370038035326,83.61991036288438,13.174688281789003,55.03622850409841,37.63476343214062,77,247.8808169309017,FAILURE
60,2.8879714177129703,29.803975478001703,46.83346248500154,30.195967486231208,249.3272483755836,656,241.81087367941706,WARNING
68,0.6026779186268238,20.4143229305602,62.196718404934174,47.774848382125114,144.8346644082899,594,240.16677297718758,NORMAL
73,3.7236500954764296,37.760176627749416,72.25346908115833,51.92186186462775,297.29649606462465,904,230.82064344566322,FAILURE
70,9.685085430358285,92.67046505893597,86.71478019112614,44.54596711095818,99.97914999171861,907,239.34485951627576,FAILURE
85,7.92296982074888,82.72830217207107,31.865393700156062,88.11684960276007,153.4217021381196,158,207.37831733909107,FAILURE
41,1.3626936324416206,23.441957834842345,38.00531741191068,86.52527873592462,4.176578669882124,124,183.16323541647637,FAILURE
93,0.09675456881239719,20.261553661696702,64.9624015072444,44.90440646079321,106.51689374115512,256,258.8319532321018,NORMAL
55,7.020543618421321,83.58567689802524,95.52144506714406,45.87189415500994,299.7060541216623,221,197.45777483629004,FAILURE
51,1.2851523458955605,59.73233691534234,22.251510162302736,99.76948073372124,103.27109900233093,288,251.34046210280928,NORMAL
71,5.928667187105354,65.81317789938163,95.24419130063183,30.28080970717948,18.66749801782902,449,215.11993512120017,WARNING
82,7.736617096683903,47.441913608418346,95.97823450166918,17.1743178595556,251.66912957953775,121,189.16225717239834,FAILURE
45,6.2776831617530995,85.87803698074141,76.97534700528665,43.589662161541575,121.86076632534987,295,195.22349845117566,FAILURE
85,7.187000190610582,83.29574434186443,25.88917482903208,15.054885022080148,49.32022371967003,38,230.04570547902804,FAILURE
42,5.377156810127407,47.367956907306976,38.45479537712621,86.27445242522658,140.97413515946727,567,208.4562120284431,WARNING
92,5.799301698000941,39.62751244835481,26.514576272892,62.780242527581464,6.37642166063571,678,236.27782241506316,WARNING
40,3.983790270919142,76.42512942788956,85.24058066560129,57.74712794371966,257.80768679161616,78,185.07662262901218,FAILURE
68,8.859608997938759,55.93492615072895,40.84467529365695,48.68802008509942,147.253294350537,206,223.37140225046522,FAILURE
62,9.00911818444439,59.5867958553253,90.61015918634229,45.539518779272896,147.2033223805354,757,199.3359125181308,FAILURE
100,8.282780442462872,23.47971582063093,22.27510003792679,78.09272556953975,115.32094361017293,141,249.96027803894177,FAILURE
93,0.14676064232132746,65.38995836151224,23.535383987917115,11.051822666021696,120.884113798227,188,180.53858615673184,FAILURE
85,8.626380356635472,43.78693282267495,74.06283590768152,71.43481043034672,167.59909752546983,168,197.37451817758708,FAILURE
54,5.999644851783686,73.44793462170092,81.32348067507434,55.95125559893563,270.43872605557607,469,240.15715371245278,FAILURE
100,4.0911989941839755,90.21888031952278,19.60212176196014,79.01752375390178,273.51169154894995,236,189.61125526354715,FAILURE
46,3.665400004500592,93.34880478968117,59.73316987673513,95.62234199088832,202.9915060939781,150,243.5899389838499,FAILURE
86,8.626492913298096,36.113154712097966,16.906457052885198,15.933786998939016,54.376717670503055,891,217.26917634620946,FAILURE
66,6.471404206277623,32.95848270659212,91.21596019417606,55.45676910263266,191.7805789339715,212,182.4955725464932,FAILURE
40,0.5704229271200223,72.35298043790502,96.17466342442901,55.04588579900575,112.6012507936959,355,251.65027944332255,WARNING
85,8.708046103003804,21.448210785712245,46.397124269425625,41.442513799142276,126.6257442996126,372,208.2702212414706,FAILURE
93,1.6319795066010323,49.252727778798004,12.990841279282991,46.19408260091842,207.50119463135056,698,243.35216226840774,WARNING
86,6.437987463727906,35.17570199815364,41.417099765414555,78.91871177704348,157.83254259107147,245,232.17202483694342,WARNING
75,6.009223194078257,40.88450668887734,70.92886246742458,60.39013283053818,263.95982047124977,593,238.35566637899564,FAILURE
92,2.949049598285752,94.33265705199899,68.42656929781268,90.36454082023181,51.35152644975956,665,189.0084514565786,FAILURE
62,7.5225833613800255,66.20167369998552,84.86950169161099,21.101802779481105,104.09068654292842,754,244.58167083947563,FAILURE
71,6.772918393563083,85.48173473579114,77.84389634735783,66.82368363082992,143.03863418766167,58,233.27674266516738,FAILURE
62,9.92092593257498,35.43727042942429,15.57140157637307,98.9959655185947,228.31076090427283,704,216.074662769222,FAILURE
99,3.825387861986137,32.59006422496813,58.5128780704015,50.32418277759727,226.39223506629983,342,198.6815812108181,WARNING
64,3.3551062382636996,47.84798398580307,97.87116992863938,47.570705151716005,94.61668094208778,529,249.97207567526402,NORMAL
59,9.56888852293034,29.982731476990775,38.73043176188747,43.196751361485596,127.76451211988386,479,246.48531420234957,FAILURE
59,0.7288195642647899,44.08668747846114,86.44260471076502,39.04321483833321,206.54225021144694,207,242.88644321502227,WARNING
81,2.5822112306344582,40.181844670496,82.79345740381784,45.46438148189832,79.74278552649743,463,218.6711921417281,NORMAL
85,2.6847784694219134,44.9049710172817,51.106071914448805,31.13087528201738,130.617478044429,169,210.23661086191797,NORMAL
55,0.9398796826185585,59.615465452029774,68.25238529997745,13.56667182499029,124.71506958956292,331,248.94589001064378,NORMAL
76,5.091795805379152,92.59524258359863,41.039348738450926,61.11717461039779,270.0857885148903,900,245.674012556731,FAILURE
74,4.69868952710757,34.578976007739584,92.40215214182554,18.84529202463008,25.66678891934491,823,258.7320590469336,WARNING
80,2.7787839344905363,90.0347103253921,28.45043408061794,81.23969978397194,154.25367890611054,193,224.24296352483128,FAILURE
74,8.994833178087665,81.69766641328485,98.17597755108787,85.6325950322784,29.05136694067289,167,196.76408468342277,FAILURE
82,6.709812815458159,48.85277052137787,26.50859817489643,55.943432430930805,255.99497258141105,869,245.9256040968084,FAILURE
79,0.30368890048866337,37.140891298096065,77.65056073768415,49.888208397831605,224.60981637316098,637,252.07322663598887,WARNING
53,7.759981507335426,55.427768264538344,32.13206771393919,35.42295372653651,125.78030361738446,779,221.58932403061948,FAILURE
97,9.318552786689832,83.65197690072645,87.12893911926986,48.23594653956502,16.583983773064627,647,230.42915326026034,FAILURE
96,4.536218117120214,48.54893741944138,53.07956419283206,32.94742894605575,141.0752731351986,699,238.8793593404229,WARNING
100,0.2179436172835425,82.12763135978483,78.93100496280343,28.336806765391803,42.85186775982251,506,221.68626398554105,FAILURE
79,4.351704274134663,82.91723663825707,49.90511203439093,10.096958083251433,215.8774587609695,719,204.45941742983862,FAILURE
55,8.882038143798209,74.59789222359922,16.841851588542674,10.996789513955063,57.23382888937298,384,214.20994034210895,FAILURE
78,2.19583289366577,52.92615524800806,92.2357500533491,94.84961144744888,61.99441599356851,542,219.4979700967824,NORMAL
78,6.890782089046645,62.50006849726195,38.48956626031432,78.28480987953408,237.0058455770309,936,228.35428958272024,WARNING
43,3.6952087085556364,77.81688043497138,76.8535306689941,41.41742842202246,17.4752369485512,822,187.61824343863603,FAILURE
56,2.2167248787793694,42.189098240101615,48.04160574744151,88.35574386747501,158.67007238304805,664,199.71764873604434,NORMAL
49,7.649152840098418,80.49234026106386,10.800309789993022,26.681790883754363,207.60386919901012,781,204.2111853800569,FAILURE
67,4.366849290588739,59.53561301654393,47.85378658452721,37.02020239726528,100.03861617292273,920,227.11538320092475,WARNING
97,2.4411039189657204,56.530745628709525,96.61715556369919,38.80046004405983,221.00009335326368,338,240.03477010311923,WARNING
88,1.5002317287183764,73.20542669767771,60.29563464587131,43.2842412014964,169.8920543583768,189,219.80224484925645,WARNING
93,5.942337682870842,47.29675980172736,11.2441236521671,39.869018516946596,32.83066886449892,270,249.51364136400895,WARNING
68,9.159025846365656,42.771455582121845,70.34004208694063,67.75649838721148,278.93899236165885,755,181.3738439260778,FAILURE
83,6.555828319783027,51.958472953540436,39.18234230577932,25.501792497178442,55.66058385872871,372,221.30025544771627,WARNING
57,3.548588733323749,79.38212394218391,79.03337560525199,81.7070548490642,259.2727042643753,933,217.52371380586973,FAILURE
100,3.294958236922491,65.20475258544458,44.78503359479088,43.067159573826544,154.1367354085121,918,189.6654588169945,FAILURE
80,9.618173058470806,91.96527667803547,71.51784864141237,40.128508614693665,111.19455363485447,594,256.28361781910365,FAILURE
94,8.876803489232083,51.77768805098697,53.51516828466444,95.1189128118242,282.21673970274685,895,183.3572646374599,FAILURE
96,3.7811052685456703,29.562278224501473,92.87111951538078,17.20098430651622,252.06770252381958,449,219.0939456864299,FAILURE
56,3.7922391594911975,30.518286312457214,21.16169438167052,65.73118580143628,149.6394098130315,828,251.6019957226493,NORMAL
48,5.93910882440058,63.31616308887531,69.89935683843694,35.78016217346671,77.5187406716574,655,242.58861438564605,WARNING
69,2.3274314469053667,92.69440682900974,81.05452251665234,33.49435994192682,80.35827633143798,915,220.3665013979332,FAILURE
43,2.2758906977952886,93.63562189953106,64.18776078604807,44.27992846721712,110.61354642265199,344,191.33419869702922,FAILURE
85,5.631486580162121,82.16168918838115,62.86948156359535,31.476672350357227,250.4900306402866,125,185.3225906235687,FAILURE
88,5.503996015718727,39.407256202859514,97.33178301334543,86.24376095045358,149.8905472720768,365,198.8070338753522,WARNING
87,4.762086971329759,49.74447847836516,77.70077892626173,10.20152308408973,293.7425867721106,581,240.55458674175085,FAILURE
54,3.8730477011392175,35.86968199641136,65.98652133908789,56.14258033404836,34.487862103311016,520,195.55242530728654,NORMAL
69,0.4503893550792615,85.4736073721878,76.51610378128821,21.52818761785756,216.5069320017301,510,239.7824672108947,FAILURE
49,3.5662368835486555,43.48706424456863,44.582413998385036,60.997376686809524,98.70621386823315,372,230.30353841556763,NORMAL
55,5.64604203397939,42.80292832063218,91.84101434610132,97.09282390827556,227.90595936950288,56,211.34077329778825,WARNING
71,6.951212971704358,90.3285051891955,70.53813160486115,73.0638399733548,275.7445766853689,889,229.5285747159581,FAILURE
48,4.117679518489781,76.26572686758718,40.66134701339742,32.30397831296966,225.9290512865672,373,253.44170148394127,WARNING
78,4.658986370447486,69.03112635221157,59.5041299610654,31.744258554156197,135.65375902377235,603,191.75762578012197,WARNING
42,9.296842945428986,68.39258517814804,88.92995674812694,67.61384282335213,133.3513768061082,936,184.67306031582405,FAILURE
83,8.625731829957262,52.23290183609674,91.86390034863453,29.32339783830277,70.25224981743644,909,200.9178298678296,FAILURE
43,9.236513292669004,70.15990849344652,40.60279683302642,54.23492779508448,113.7424103443033,751,224.02394640188027,FAILURE
50,6.357456983155996,94.13962780251197,40.28464467901881,87.78571925912351,110.40699244270067,875,250.74948084536544,FAILURE
79,5.7776534165633,34.69419325077325,64.20143734487573,46.08307112972983,293.15694687086415,709,196.97600593082115,FAILURE
70,8.316132715906214,61.55976695030594,37.635391770404155,75.4121384082514,48.220555413742616,578,200.2856915339243,FAILURE
99,1.5087141380371372,27.274461831008903,31.670896712292567,50.36861837734544,227.93777447402843,148,206.44931158058395,WARNING
80,1.9986483673774336,29.94150547613875,84.79031802723128,43.24570739106957,74.2496182393601,51,220.21765306100883,NORMAL
72,9.564059075454944,21.62953317661135,91.85501982523549,62.53673610742054,132.7771149140721,213,241.13316477932042,FAILURE
55,3.090918362146735,24.552678858221622,99.53081611568223,79.95000150653395,271.9482603195332,567,245.5860575330129,FAILURE
96,4.997072635409387,86.67477592014511,39.961575868880686,35.53528843514347,105.16171991141353,127,215.60586290565578,FAILURE
95,3.356550444643055,89.15715642686413,66.18301395165419,90.26979960039519,285.6486393678485,784,254.5776549625147,FAILURE
79,3.8063225828716063,77.3802538356598,50.27517892267137,21.67126257924136,93.722729850871,176,203.39085519925808,WARNING
42,2.42512362629368,22.633791333976784,62.478593604436675,24.131550752835686,213.24681458691822,820,251.50150898002795,WARNING
49,9.165302465632703,92.45394654809976,50.85256310760429,31.257126740543832,191.28370880912814,94,214.03922522328426,FAILURE
61,9.851076728547813,56.26688665390486,22.348543795157653,60.43314119443037,98.88294476989354,652,195.04700839996156,FAILURE
82,9.51670822341072,42.266561106008695,82.70809548974513,41.80632291071608,275.7599459725888,438,212.72682415151655,FAILURE
41,9.160960466596743,51.85760336910235,36.30707944799454,82.84651537398508,126.74850118165469,745,223.988162436288,FAILURE
81,8.020945567606006,44.745178411184426,83.25873198974621,69.16229317238384,122.27229850557958,464,228.51603108240957,FAILURE
70,5.388239914881274,58.67768092953567,75.47293291978103,36.336868081999725,122.00007833094489,156,257.20321438217843,WARNING
54,8.894751915298201,54.79323934209499,56.5571984281459,65.25732656582568,123.25649651897832,73,202.72807354178263,FAILURE
69,8.59402877326702,87.11827317724516,66.58370166136697,98.38258756449112,172.62885357058897,658,257.1392116820653,FAILURE
90,0.07039053882247681,34.23515363343232,71.82424922009415,38.631409815869745,158.90158637428107,879,259.88573135765677,NORMAL
61,8.81318698237561,59.761436516700755,95.78482441201719,62.27453451275583,4.117465425109643,501,215.93507988857,FAILURE
47,7.698974568523696,36.9915835120148,50.190330215324025,12.952778822249098,206.23712091999028,233,233.47638432946832,FAILURE
98,5.551782036563098,44.6793282255222,19.74042436485027,92.5155495629784,119.46826265180266,543,255.70604329850073,WARNING
48,4.361616777503011,84.61655461768494,99.12953364427297,80.09569852957699,264.63050898013927,155,233.59605380327423,FAILURE
58,5.593911097690592,47.182947368315325,86.36938354358833,54.00447901295131,263.06288914899557,917,213.49289389112334,FAILURE
57,5.003173212497689,63.721731247450805,57.13493122856754,72.10626894258411,36.09280544053868,27,202.08468897776194,WARNING
59,1.013926404746307,42.749038765957835,13.73663861705878,38.594175273087146,296.6646664999781,276,200.90142392113518,FAILURE
47,7.761931920818917,30.86564545360209,99.36536141845254,98.6374877668613,208.5256431322455,315,206.83053754496206,FAILURE
59,2.561535100268663,67.50547449160928,42.600817228779945,97.34014562941215,213.25969768239844,563,211.00258872442464,WARNING
69,6.022674389924516,83.94460939559727,63.06160416869248,47.36461342153961,45.13216901730786,525,195.21301379072338,FAILURE
45,5.659549564576248,34.37653166904058,34.0849540668587,54.607482941699615,42.1844968246229,111,180.85704154166606,FAILURE
61,4.981395906461687,61.96162026570938,83.56047024594221,43.627818986296006,168.1589792030213,112,225.43420697119922,WARNING
87,2.532398390635555,42.96476009693298,22.78740861486547,32.7000615876098,13.915265794419078,510,223.84829030679407,NORMAL
99,9.518603099618392,36.56383917488386,92.06497661031645,23.387997116327256,226.9381429518049,247,226.300706356267,FAILURE
97,1.611299691138799,81.81320987636492,62.138810457704224,56.77784424951486,137.37612574933468,969,215.54749919929264,FAILURE
95,6.486730981480161,27.979150367162894,77.05280256184088,18.7322935645868,37.415499851388,721,254.24493430524745,WARNING
79,0.17325674016089088,22.793040155613788,81.7146595648276,35.82143793462799,208.21598624965543,85,199.0039013155532,WARNING
54,9.28221624373302,25.941253756251157,74.48881675524981,82.38452988201759,76.67406049655482,419,220.75717576663152,FAILURE
52,2.8477174764469684,38.949561980528074,80.11930512173441,30.401178183933375,254.51783392030302,524,249.38104932546634,FAILURE
76,7.982080142655889,91.25980167618195,45.90475628625906,14.823635771653215,34.370296827314306,228,223.90719798897334,FAILURE
84,9.30201253620902,76.61392313897593,86.9962062939024,15.232584851648934,70.0428927100381,379,235.38594538806478,FAILURE
85,2.637798753901277,80.80932859118423,64.86695292042782,66.02213055533758,166.36874524985694,757,225.43777455854155,FAILURE
68,9.489822832775982,78.61241769778466,32.53231482474783,45.80826596383509,39.12805020382893,92,217.5024161042265,FAILURE
46,6.104466203106199,38.90565301774316,81.80925898300697,83.16316992681332,163.54532587845705,798,215.75091576788506,WARNING
64,3.1026970397245335,36.93289514430396,29.303987339937898,73.95844817573473,118.14732183748657,836,223.40726703304554,NORMAL
65,6.751922053867276,46.060569025511114,81.74880022706031,22.475766594731695,269.7905747263196,545,222.41992888339854,FAILURE
60,3.7921387376684033,57.48757566160518,35.955163961103125,53.067730134328414,293.0102201044913,436,257.6774949337161,FAILURE
99,0.8700576922390768,82.13056920759189,66.97059985856862,58.69694623676139,30.65794857137288,404,228.1563198872273,FAILURE
46,7.574594672041252,86.06691762006818,20.846079778243215,71.08674394852669,275.01075842529286,104,221.43921183862236,FAILURE
43,4.912208012524423,37.65239211505432,56.010797699626025,38.00261272964863,138.80640515698656,246,224.33616698903637,WARNING
52,4.611142953252242,25.347974454034627,33.490230564161465,98.16856440683134,262.72321273864776,611,212.97926029795303,FAILURE
50,3.74985877156067,92.51357416881544,29.6476612633756,57.037196633729245,96.71131400875187,555,245.4458232599702,FAILURE
68,6.265614866958149,62.26076107419677,49.9218453952864,95.28378471638341,200.58924802893404,730,202.69826815739142,WARNING
58,8.811379164742243,35.915504719339324,73.84965565993548,36.185079478355036,182.43768092589625,811,259.1514954080099,FAILURE
75,3.3551140204174654,75.8437509487983,93.61910447884642,39.64112150604965,220.86614698973173,635,227.36369203798142,WARNING
57,7.59814978273929,31.916754275533616,94.61614392719126,48.368422905038805,85.18540049934343,765,226.7350608418229,FAILURE
68,4.188155091262469,74.62014266359188,12.986170600973695,23.740343254547682,265.0066973087343,201,259.7357021766792,FAILURE
47,4.325754544021131,39.536801150038286,15.06980594906498,88.57584999669494,140.15891940563793,835,199.76791349495159,WARNING
70,9.874217679989313,30.50275498054748,76.94325630814666,37.1950949714859,253.06132387859887,794,218.07786183776233,FAILURE
